country,year,organism,antibiotic,resistant_percent,isolates_tested,source_file
Austria,2013,Acinetobacter species,aminoglycosides,9.8,51.0,European/2014/Acinetobacter/number-acinetobacter-isolates-and-percentage-resistant-aminoglycosides-2012-2014.xlsx
Austria,2014,Acinetobacter species,aminoglycosides,8.860759999999999,79.0,European/2014/Acinetobacter/number-acinetobacter-isolates-and-percentage-resistant-aminoglycosides-2012-2014.xlsx
Austria,2015,Acinetobacter species,aminoglycosides,6.3,63.0,"European/2015/Acinetobacter, Tables 3-21 to 3-25.xlsx [Table 3.22]"
Belgium,2015,Acinetobacter species,aminoglycosides,0.0,15.0,"European/2015/Acinetobacter, Tables 3-21 to 3-25.xlsx [Table 3.22]"
Bulgaria,2012,Acinetobacter species,aminoglycosides,58.5,65.0,European/2014/Acinetobacter/number-acinetobacter-isolates-and-percentage-resistant-aminoglycosides-2012-2014.xlsx
Bulgaria,2013,Acinetobacter species,aminoglycosides,58.2,91.0,European/2014/Acinetobacter/number-acinetobacter-isolates-and-percentage-resistant-aminoglycosides-2012-2014.xlsx
Bulgaria,2014,Acinetobacter species,aminoglycosides,63.63636,99.0,European/2014/Acinetobacter/number-acinetobacter-isolates-and-percentage-resistant-aminoglycosides-2012-2014.xlsx
Bulgaria,2015,Acinetobacter species,aminoglycosides,74.1,116.0,"European/2015/Acinetobacter, Tables 3-21 to 3-25.xlsx [Table 3.22]"
Croatia,2013,Acinetobacter species,aminoglycosides,92.1,114.0,European/2014/Acinetobacter/number-acinetobacter-isolates-and-percentage-resistant-aminoglycosides-2012-2014.xlsx
Croatia,2014,Acinetobacter species,aminoglycosides,88.02395,167.0,European/2014/Acinetobacter/number-acinetobacter-isolates-and-percentage-resistant-aminoglycosides-2012-2014.xlsx
Croatia,2015,Acinetobacter species,aminoglycosides,88.3,197.0,"European/2015/Acinetobacter, Tables 3-21 to 3-25.xlsx [Table 3.22]"
Cyprus,2012,Acinetobacter species,aminoglycosides,52.2,23.0,European/2014/Acinetobacter/number-acinetobacter-isolates-and-percentage-resistant-aminoglycosides-2012-2014.xlsx
Cyprus,2013,Acinetobacter species,aminoglycosides,60.6,33.0,European/2014/Acinetobacter/number-acinetobacter-isolates-and-percentage-resistant-aminoglycosides-2012-2014.xlsx
Cyprus,2014,Acinetobacter species,aminoglycosides,73.68421000000001,57.0,European/2014/Acinetobacter/number-acinetobacter-isolates-and-percentage-resistant-aminoglycosides-2012-2014.xlsx
Cyprus,2015,Acinetobacter species,aminoglycosides,74.6,59.0,"European/2015/Acinetobacter, Tables 3-21 to 3-25.xlsx [Table 3.22]"
Czech Republic,2013,Acinetobacter species,aminoglycosides,16.5,91.0,European/2014/Acinetobacter/number-acinetobacter-isolates-and-percentage-resistant-aminoglycosides-2012-2014.xlsx
Czech Republic,2014,Acinetobacter species,aminoglycosides,10.16949,59.0,European/2014/Acinetobacter/number-acinetobacter-isolates-and-percentage-resistant-aminoglycosides-2012-2014.xlsx
Czech Republic,2015,Acinetobacter species,aminoglycosides,15.0,60.0,"European/2015/Acinetobacter, Tables 3-21 to 3-25.xlsx [Table 3.22]"
Denmark,2012,Acinetobacter species,aminoglycosides,10.4,77.0,European/2014/Acinetobacter/number-acinetobacter-isolates-and-percentage-resistant-aminoglycosides-2012-2014.xlsx
Denmark,2013,Acinetobacter species,aminoglycosides,1.3,75.0,European/2014/Acinetobacter/number-acinetobacter-isolates-and-percentage-resistant-aminoglycosides-2012-2014.xlsx
Denmark,2014,Acinetobacter species,aminoglycosides,1.6666699999999999,60.0,European/2014/Acinetobacter/number-acinetobacter-isolates-and-percentage-resistant-aminoglycosides-2012-2014.xlsx
Denmark,2015,Acinetobacter species,aminoglycosides,4.8,63.0,"European/2015/Acinetobacter, Tables 3-21 to 3-25.xlsx [Table 3.22]"
Finland,2013,Acinetobacter species,aminoglycosides,0.0,36.0,European/2014/Acinetobacter/number-acinetobacter-isolates-and-percentage-resistant-aminoglycosides-2012-2014.xlsx
Finland,2014,Acinetobacter species,aminoglycosides,3.2258099999999996,31.0,European/2014/Acinetobacter/number-acinetobacter-isolates-and-percentage-resistant-aminoglycosides-2012-2014.xlsx
Finland,2015,Acinetobacter species,aminoglycosides,2.4,42.0,"European/2015/Acinetobacter, Tables 3-21 to 3-25.xlsx [Table 3.22]"
France,2012,Acinetobacter species,aminoglycosides,12.9,278.0,European/2014/Acinetobacter/number-acinetobacter-isolates-and-percentage-resistant-aminoglycosides-2012-2014.xlsx
France,2013,Acinetobacter species,aminoglycosides,11.5,409.0,European/2014/Acinetobacter/number-acinetobacter-isolates-and-percentage-resistant-aminoglycosides-2012-2014.xlsx
France,2014,Acinetobacter species,aminoglycosides,8.55746,409.0,European/2014/Acinetobacter/number-acinetobacter-isolates-and-percentage-resistant-aminoglycosides-2012-2014.xlsx
France,2015,Acinetobacter species,aminoglycosides,11.1,431.0,"European/2015/Acinetobacter, Tables 3-21 to 3-25.xlsx [Table 3.22]"
Germany,2012,Acinetobacter species,aminoglycosides,5.9,119.0,European/2014/Acinetobacter/number-acinetobacter-isolates-and-percentage-resistant-aminoglycosides-2012-2014.xlsx
Germany,2013,Acinetobacter species,aminoglycosides,6.4,173.0,European/2014/Acinetobacter/number-acinetobacter-isolates-and-percentage-resistant-aminoglycosides-2012-2014.xlsx
Germany,2014,Acinetobacter species,aminoglycosides,4.06091,197.0,European/2014/Acinetobacter/number-acinetobacter-isolates-and-percentage-resistant-aminoglycosides-2012-2014.xlsx
Germany,2015,Acinetobacter species,aminoglycosides,5.5,328.0,"European/2015/Acinetobacter, Tables 3-21 to 3-25.xlsx [Table 3.22]"
Greece,2012,Acinetobacter species,aminoglycosides,78.1,1234.0,European/2014/Acinetobacter/number-acinetobacter-isolates-and-percentage-resistant-aminoglycosides-2012-2014.xlsx
Greece,2013,Acinetobacter species,aminoglycosides,88.5,814.0,European/2014/Acinetobacter/number-acinetobacter-isolates-and-percentage-resistant-aminoglycosides-2012-2014.xlsx
Greece,2014,Acinetobacter species,aminoglycosides,88.6392,801.0,European/2014/Acinetobacter/number-acinetobacter-isolates-and-percentage-resistant-aminoglycosides-2012-2014.xlsx
Greece,2015,Acinetobacter species,aminoglycosides,83.7,945.0,"European/2015/Acinetobacter, Tables 3-21 to 3-25.xlsx [Table 3.22]"
Hungary,2012,Acinetobacter species,aminoglycosides,68.8,407.0,European/2014/Acinetobacter/number-acinetobacter-isolates-and-percentage-resistant-aminoglycosides-2012-2014.xlsx
Hungary,2013,Acinetobacter species,aminoglycosides,69.5,475.0,European/2014/Acinetobacter/number-acinetobacter-isolates-and-percentage-resistant-aminoglycosides-2012-2014.xlsx
Hungary,2014,Acinetobacter species,aminoglycosides,63.51351,444.0,European/2014/Acinetobacter/number-acinetobacter-isolates-and-percentage-resistant-aminoglycosides-2012-2014.xlsx
Hungary,2015,Acinetobacter species,aminoglycosides,60.6,465.0,"European/2015/Acinetobacter, Tables 3-21 to 3-25.xlsx [Table 3.22]"
Ireland,2013,Acinetobacter species,aminoglycosides,1.1,88.0,European/2014/Acinetobacter/number-acinetobacter-isolates-and-percentage-resistant-aminoglycosides-2012-2014.xlsx
Ireland,2014,Acinetobacter species,aminoglycosides,2.24719,89.0,European/2014/Acinetobacter/number-acinetobacter-isolates-and-percentage-resistant-aminoglycosides-2012-2014.xlsx
Ireland,2015,Acinetobacter species,aminoglycosides,3.8,80.0,"European/2015/Acinetobacter, Tables 3-21 to 3-25.xlsx [Table 3.22]"
Italy,2012,Acinetobacter species,aminoglycosides,83.3,234.0,European/2014/Acinetobacter/number-acinetobacter-isolates-and-percentage-resistant-aminoglycosides-2012-2014.xlsx
Italy,2013,Acinetobacter species,aminoglycosides,82.9,468.0,European/2014/Acinetobacter/number-acinetobacter-isolates-and-percentage-resistant-aminoglycosides-2012-2014.xlsx
Italy,2014,Acinetobacter species,aminoglycosides,89.08686,449.0,European/2014/Acinetobacter/number-acinetobacter-isolates-and-percentage-resistant-aminoglycosides-2012-2014.xlsx
Italy,2015,Acinetobacter species,aminoglycosides,74.7,656.0,"European/2015/Acinetobacter, Tables 3-21 to 3-25.xlsx [Table 3.22]"
Latvia,2014,Acinetobacter species,aminoglycosides,75.0,52.0,European/2014/Acinetobacter/number-acinetobacter-isolates-and-percentage-resistant-aminoglycosides-2012-2014.xlsx
Latvia,2015,Acinetobacter species,aminoglycosides,59.0,61.0,"European/2015/Acinetobacter, Tables 3-21 to 3-25.xlsx [Table 3.22]"
Lithuania,2014,Acinetobacter species,aminoglycosides,86.36364,66.0,European/2014/Acinetobacter/number-acinetobacter-isolates-and-percentage-resistant-aminoglycosides-2012-2014.xlsx
Lithuania,2015,Acinetobacter species,aminoglycosides,90.4,73.0,"European/2015/Acinetobacter, Tables 3-21 to 3-25.xlsx [Table 3.22]"
Malta,2014,Acinetobacter species,aminoglycosides,30.0,10.0,European/2014/Acinetobacter/number-acinetobacter-isolates-and-percentage-resistant-aminoglycosides-2012-2014.xlsx
Malta,2015,Acinetobacter species,aminoglycosides,13.3,15.0,"European/2015/Acinetobacter, Tables 3-21 to 3-25.xlsx [Table 3.22]"
Netherlands,2012,Acinetobacter species,aminoglycosides,1.7,59.0,European/2014/Acinetobacter/number-acinetobacter-isolates-and-percentage-resistant-aminoglycosides-2012-2014.xlsx
Netherlands,2013,Acinetobacter species,aminoglycosides,4.5,67.0,European/2014/Acinetobacter/number-acinetobacter-isolates-and-percentage-resistant-aminoglycosides-2012-2014.xlsx
Netherlands,2014,Acinetobacter species,aminoglycosides,5.47945,73.0,European/2014/Acinetobacter/number-acinetobacter-isolates-and-percentage-resistant-aminoglycosides-2012-2014.xlsx
Netherlands,2015,Acinetobacter species,aminoglycosides,10.8,74.0,"European/2015/Acinetobacter, Tables 3-21 to 3-25.xlsx [Table 3.22]"
Norway,2012,Acinetobacter species,aminoglycosides,4.0,25.0,European/2014/Acinetobacter/number-acinetobacter-isolates-and-percentage-resistant-aminoglycosides-2012-2014.xlsx
Norway,2013,Acinetobacter species,aminoglycosides,2.8,36.0,European/2014/Acinetobacter/number-acinetobacter-isolates-and-percentage-resistant-aminoglycosides-2012-2014.xlsx
Norway,2014,Acinetobacter species,aminoglycosides,3.0303,33.0,European/2014/Acinetobacter/number-acinetobacter-isolates-and-percentage-resistant-aminoglycosides-2012-2014.xlsx
Norway,2015,Acinetobacter species,aminoglycosides,9.4,32.0,"European/2015/Acinetobacter, Tables 3-21 to 3-25.xlsx [Table 3.22]"
Poland,2012,Acinetobacter species,aminoglycosides,63.4,205.0,European/2014/Acinetobacter/number-acinetobacter-isolates-and-percentage-resistant-aminoglycosides-2012-2014.xlsx
Poland,2013,Acinetobacter species,aminoglycosides,73.8,191.0,European/2014/Acinetobacter/number-acinetobacter-isolates-and-percentage-resistant-aminoglycosides-2012-2014.xlsx
Poland,2014,Acinetobacter species,aminoglycosides,58.5,188.0,"European/2015/Acinetobacter, Tables 3-21 to 3-25.xlsx [Table 3.22]"
Poland,2015,Acinetobacter species,aminoglycosides,70.2,245.0,"European/2015/Acinetobacter, Tables 3-21 to 3-25.xlsx [Table 3.22]"
Portugal,2012,Acinetobacter species,aminoglycosides,65.1,169.0,European/2014/Acinetobacter/number-acinetobacter-isolates-and-percentage-resistant-aminoglycosides-2012-2014.xlsx
Portugal,2013,Acinetobacter species,aminoglycosides,56.3,231.0,European/2014/Acinetobacter/number-acinetobacter-isolates-and-percentage-resistant-aminoglycosides-2012-2014.xlsx
Portugal,2014,Acinetobacter species,aminoglycosides,42.26415,265.0,European/2014/Acinetobacter/number-acinetobacter-isolates-and-percentage-resistant-aminoglycosides-2012-2014.xlsx
Portugal,2015,Acinetobacter species,aminoglycosides,46.5,310.0,"European/2015/Acinetobacter, Tables 3-21 to 3-25.xlsx [Table 3.22]"
Romania,2012,Acinetobacter species,aminoglycosides,57.4,54.0,European/2014/Acinetobacter/number-acinetobacter-isolates-and-percentage-resistant-aminoglycosides-2012-2014.xlsx
Romania,2013,Acinetobacter species,aminoglycosides,80.3,137.0,European/2014/Acinetobacter/number-acinetobacter-isolates-and-percentage-resistant-aminoglycosides-2012-2014.xlsx
Romania,2014,Acinetobacter species,aminoglycosides,77.86885,122.0,European/2014/Acinetobacter/number-acinetobacter-isolates-and-percentage-resistant-aminoglycosides-2012-2014.xlsx
Romania,2015,Acinetobacter species,aminoglycosides,80.9,188.0,"European/2015/Acinetobacter, Tables 3-21 to 3-25.xlsx [Table 3.22]"
Slovakia,2013,Acinetobacter species,aminoglycosides,50.0,188.0,European/2014/Acinetobacter/number-acinetobacter-isolates-and-percentage-resistant-aminoglycosides-2012-2014.xlsx
Slovakia,2014,Acinetobacter species,aminoglycosides,41.520469999999996,171.0,European/2014/Acinetobacter/number-acinetobacter-isolates-and-percentage-resistant-aminoglycosides-2012-2014.xlsx
Slovakia,2015,Acinetobacter species,aminoglycosides,42.9,154.0,"European/2015/Acinetobacter, Tables 3-21 to 3-25.xlsx [Table 3.22]"
Slovenia,2012,Acinetobacter species,aminoglycosides,20.0,25.0,European/2014/Acinetobacter/number-acinetobacter-isolates-and-percentage-resistant-aminoglycosides-2012-2014.xlsx
Slovenia,2013,Acinetobacter species,aminoglycosides,20.0,25.0,European/2014/Acinetobacter/number-acinetobacter-isolates-and-percentage-resistant-aminoglycosides-2012-2014.xlsx
Slovenia,2014,Acinetobacter species,aminoglycosides,38.23529,34.0,European/2014/Acinetobacter/number-acinetobacter-isolates-and-percentage-resistant-aminoglycosides-2012-2014.xlsx
Slovenia,2015,Acinetobacter species,aminoglycosides,41.9,31.0,"European/2015/Acinetobacter, Tables 3-21 to 3-25.xlsx [Table 3.22]"
Spain,2013,Acinetobacter species,aminoglycosides,68.4,77.0,European/2014/Acinetobacter/number-acinetobacter-isolates-and-percentage-resistant-aminoglycosides-2012-2014.xlsx
Spain,2014,Acinetobacter species,aminoglycosides,60.0,80.0,European/2014/Acinetobacter/number-acinetobacter-isolates-and-percentage-resistant-aminoglycosides-2012-2014.xlsx
Spain,2015,Acinetobacter species,aminoglycosides,49.0,96.0,"European/2015/Acinetobacter, Tables 3-21 to 3-25.xlsx [Table 3.22]"
Sweden,2013,Acinetobacter species,aminoglycosides,8.1,74.0,European/2014/Acinetobacter/number-acinetobacter-isolates-and-percentage-resistant-aminoglycosides-2012-2014.xlsx
Sweden,2014,Acinetobacter species,aminoglycosides,2.77778,36.0,European/2014/Acinetobacter/number-acinetobacter-isolates-and-percentage-resistant-aminoglycosides-2012-2014.xlsx
Sweden,2015,Acinetobacter species,aminoglycosides,3.8,26.0,"European/2015/Acinetobacter, Tables 3-21 to 3-25.xlsx [Table 3.22]"
United Kingdom,2012,Acinetobacter species,aminoglycosides,2.8,108.0,European/2014/Acinetobacter/number-acinetobacter-isolates-and-percentage-resistant-aminoglycosides-2012-2014.xlsx
United Kingdom,2013,Acinetobacter species,aminoglycosides,2.5,163.0,European/2014/Acinetobacter/number-acinetobacter-isolates-and-percentage-resistant-aminoglycosides-2012-2014.xlsx
United Kingdom,2014,Acinetobacter species,aminoglycosides,10.07752,129.0,European/2014/Acinetobacter/number-acinetobacter-isolates-and-percentage-resistant-aminoglycosides-2012-2014.xlsx
United Kingdom,2015,Acinetobacter species,aminoglycosides,2.0,153.0,"European/2015/Acinetobacter, Tables 3-21 to 3-25.xlsx [Table 3.22]"
Austria,2013,Acinetobacter species,carbapenems,7.8,51.0,European/2014/Acinetobacter/number-acinetobacter-isolates-and-percentage-resistant-carbapenems-2012-2014.xlsx
Austria,2014,Acinetobacter species,carbapenems,6.410259999999999,78.0,European/2014/Acinetobacter/number-acinetobacter-isolates-and-percentage-resistant-carbapenems-2012-2014.xlsx
Austria,2015,Acinetobacter species,carbapenems,9.4,64.0,"European/2015/Acinetobacter, Tables 3-21 to 3-25.xlsx [Table 3.23]"
Belgium,2015,Acinetobacter species,carbapenems,0.0,24.0,"European/2015/Acinetobacter, Tables 3-21 to 3-25.xlsx [Table 3.23]"
Bulgaria,2012,Acinetobacter species,carbapenems,60.3,58.0,European/2014/Acinetobacter/number-acinetobacter-isolates-and-percentage-resistant-carbapenems-2012-2014.xlsx
Bulgaria,2013,Acinetobacter species,carbapenems,59.6,89.0,European/2014/Acinetobacter/number-acinetobacter-isolates-and-percentage-resistant-carbapenems-2012-2014.xlsx
Bulgaria,2014,Acinetobacter species,carbapenems,59.090909999999994,110.0,European/2014/Acinetobacter/number-acinetobacter-isolates-and-percentage-resistant-carbapenems-2012-2014.xlsx
Bulgaria,2015,Acinetobacter species,carbapenems,73.8,130.0,"European/2015/Acinetobacter, Tables 3-21 to 3-25.xlsx [Table 3.23]"
Croatia,2013,Acinetobacter species,carbapenems,89.5,114.0,European/2014/Acinetobacter/number-acinetobacter-isolates-and-percentage-resistant-carbapenems-2012-2014.xlsx
Croatia,2014,Acinetobacter species,carbapenems,87.3494,166.0,European/2014/Acinetobacter/number-acinetobacter-isolates-and-percentage-resistant-carbapenems-2012-2014.xlsx
Croatia,2015,Acinetobacter species,carbapenems,89.0,200.0,"European/2015/Acinetobacter, Tables 3-21 to 3-25.xlsx [Table 3.23]"
Cyprus,2012,Acinetobacter species,carbapenems,56.5,23.0,European/2014/Acinetobacter/number-acinetobacter-isolates-and-percentage-resistant-carbapenems-2012-2014.xlsx
Cyprus,2013,Acinetobacter species,carbapenems,60.6,33.0,European/2014/Acinetobacter/number-acinetobacter-isolates-and-percentage-resistant-carbapenems-2012-2014.xlsx
Cyprus,2014,Acinetobacter species,carbapenems,77.58621,58.0,European/2014/Acinetobacter/number-acinetobacter-isolates-and-percentage-resistant-carbapenems-2012-2014.xlsx
Cyprus,2015,Acinetobacter species,carbapenems,83.1,59.0,"European/2015/Acinetobacter, Tables 3-21 to 3-25.xlsx [Table 3.23]"
Czech Republic,2013,Acinetobacter species,carbapenems,4.4,91.0,European/2014/Acinetobacter/number-acinetobacter-isolates-and-percentage-resistant-carbapenems-2012-2014.xlsx
Czech Republic,2014,Acinetobacter species,carbapenems,5.08475,59.0,European/2014/Acinetobacter/number-acinetobacter-isolates-and-percentage-resistant-carbapenems-2012-2014.xlsx
Czech Republic,2015,Acinetobacter species,carbapenems,6.7,60.0,"European/2015/Acinetobacter, Tables 3-21 to 3-25.xlsx [Table 3.23]"
Denmark,2012,Acinetobacter species,carbapenems,9.4,64.0,European/2014/Acinetobacter/number-acinetobacter-isolates-and-percentage-resistant-carbapenems-2012-2014.xlsx
Denmark,2013,Acinetobacter species,carbapenems,1.6,61.0,European/2014/Acinetobacter/number-acinetobacter-isolates-and-percentage-resistant-carbapenems-2012-2014.xlsx
Denmark,2014,Acinetobacter species,carbapenems,1.6129,62.0,European/2014/Acinetobacter/number-acinetobacter-isolates-and-percentage-resistant-carbapenems-2012-2014.xlsx
Denmark,2015,Acinetobacter species,carbapenems,4.6,65.0,"European/2015/Acinetobacter, Tables 3-21 to 3-25.xlsx [Table 3.23]"
Finland,2013,Acinetobacter species,carbapenems,0.0,35.0,European/2014/Acinetobacter/number-acinetobacter-isolates-and-percentage-resistant-carbapenems-2012-2014.xlsx
Finland,2014,Acinetobacter species,carbapenems,3.125,32.0,European/2014/Acinetobacter/number-acinetobacter-isolates-and-percentage-resistant-carbapenems-2012-2014.xlsx
Finland,2015,Acinetobacter species,carbapenems,2.3,43.0,"European/2015/Acinetobacter, Tables 3-21 to 3-25.xlsx [Table 3.23]"
France,2012,Acinetobacter species,carbapenems,3.3,389.0,European/2014/Acinetobacter/number-acinetobacter-isolates-and-percentage-resistant-carbapenems-2012-2014.xlsx
France,2013,Acinetobacter species,carbapenems,5.9,406.0,European/2014/Acinetobacter/number-acinetobacter-isolates-and-percentage-resistant-carbapenems-2012-2014.xlsx
France,2014,Acinetobacter species,carbapenems,2.49377,401.0,European/2014/Acinetobacter/number-acinetobacter-isolates-and-percentage-resistant-carbapenems-2012-2014.xlsx
France,2015,Acinetobacter species,carbapenems,5.6,428.0,"European/2015/Acinetobacter, Tables 3-21 to 3-25.xlsx [Table 3.23]"
Germany,2012,Acinetobacter species,carbapenems,6.6,121.0,European/2014/Acinetobacter/number-acinetobacter-isolates-and-percentage-resistant-carbapenems-2012-2014.xlsx
Germany,2013,Acinetobacter species,carbapenems,9.2,173.0,European/2014/Acinetobacter/number-acinetobacter-isolates-and-percentage-resistant-carbapenems-2012-2014.xlsx
Germany,2014,Acinetobacter species,carbapenems,5.47264,201.0,European/2014/Acinetobacter/number-acinetobacter-isolates-and-percentage-resistant-carbapenems-2012-2014.xlsx
Germany,2015,Acinetobacter species,carbapenems,6.6,334.0,"European/2015/Acinetobacter, Tables 3-21 to 3-25.xlsx [Table 3.23]"
Greece,2012,Acinetobacter species,carbapenems,87.8,1254.0,European/2014/Acinetobacter/number-acinetobacter-isolates-and-percentage-resistant-carbapenems-2012-2014.xlsx
Greece,2013,Acinetobacter species,carbapenems,90.6,848.0,European/2014/Acinetobacter/number-acinetobacter-isolates-and-percentage-resistant-carbapenems-2012-2014.xlsx
Greece,2014,Acinetobacter species,carbapenems,93.22234999999999,841.0,European/2014/Acinetobacter/number-acinetobacter-isolates-and-percentage-resistant-carbapenems-2012-2014.xlsx
Greece,2015,Acinetobacter species,carbapenems,93.5,983.0,"European/2015/Acinetobacter, Tables 3-21 to 3-25.xlsx [Table 3.23]"
Hungary,2012,Acinetobacter species,carbapenems,48.1,418.0,European/2014/Acinetobacter/number-acinetobacter-isolates-and-percentage-resistant-carbapenems-2012-2014.xlsx
Hungary,2013,Acinetobacter species,carbapenems,50.1,481.0,European/2014/Acinetobacter/number-acinetobacter-isolates-and-percentage-resistant-carbapenems-2012-2014.xlsx
Hungary,2014,Acinetobacter species,carbapenems,44.46953,443.0,European/2014/Acinetobacter/number-acinetobacter-isolates-and-percentage-resistant-carbapenems-2012-2014.xlsx
Hungary,2015,Acinetobacter species,carbapenems,55.2,467.0,"European/2015/Acinetobacter, Tables 3-21 to 3-25.xlsx [Table 3.23]"
Ireland,2013,Acinetobacter species,carbapenems,2.4,85.0,European/2014/Acinetobacter/number-acinetobacter-isolates-and-percentage-resistant-carbapenems-2012-2014.xlsx
Ireland,2014,Acinetobacter species,carbapenems,1.26582,79.0,European/2014/Acinetobacter/number-acinetobacter-isolates-and-percentage-resistant-carbapenems-2012-2014.xlsx
Ireland,2015,Acinetobacter species,carbapenems,6.0,84.0,"European/2015/Acinetobacter, Tables 3-21 to 3-25.xlsx [Table 3.23]"
Italy,2012,Acinetobacter species,carbapenems,82.1,231.0,European/2014/Acinetobacter/number-acinetobacter-isolates-and-percentage-resistant-carbapenems-2012-2014.xlsx
Italy,2013,Acinetobacter species,carbapenems,79.5,468.0,European/2014/Acinetobacter/number-acinetobacter-isolates-and-percentage-resistant-carbapenems-2012-2014.xlsx
Italy,2014,Acinetobacter species,carbapenems,89.91597,476.0,European/2014/Acinetobacter/number-acinetobacter-isolates-and-percentage-resistant-carbapenems-2012-2014.xlsx
Italy,2015,Acinetobacter species,carbapenems,78.3,664.0,"European/2015/Acinetobacter, Tables 3-21 to 3-25.xlsx [Table 3.23]"
Latvia,2014,Acinetobacter species,carbapenems,78.84615000000001,52.0,European/2014/Acinetobacter/number-acinetobacter-isolates-and-percentage-resistant-carbapenems-2012-2014.xlsx
Latvia,2015,Acinetobacter species,carbapenems,68.9,61.0,"European/2015/Acinetobacter, Tables 3-21 to 3-25.xlsx [Table 3.23]"
Lithuania,2014,Acinetobacter species,carbapenems,69.69697000000001,66.0,European/2014/Acinetobacter/number-acinetobacter-isolates-and-percentage-resistant-carbapenems-2012-2014.xlsx
Lithuania,2015,Acinetobacter species,carbapenems,80.8,73.0,"European/2015/Acinetobacter, Tables 3-21 to 3-25.xlsx [Table 3.23]"
Malta,2014,Acinetobacter species,carbapenems,10.0,10.0,European/2014/Acinetobacter/number-acinetobacter-isolates-and-percentage-resistant-carbapenems-2012-2014.xlsx
Malta,2015,Acinetobacter species,carbapenems,13.3,15.0,"European/2015/Acinetobacter, Tables 3-21 to 3-25.xlsx [Table 3.23]"
Netherlands,2012,Acinetobacter species,carbapenems,6.0,67.0,European/2014/Acinetobacter/number-acinetobacter-isolates-and-percentage-resistant-carbapenems-2012-2014.xlsx
Netherlands,2013,Acinetobacter species,carbapenems,1.5,65.0,European/2014/Acinetobacter/number-acinetobacter-isolates-and-percentage-resistant-carbapenems-2012-2014.xlsx
Netherlands,2014,Acinetobacter species,carbapenems,0.0,74.0,European/2014/Acinetobacter/number-acinetobacter-isolates-and-percentage-resistant-carbapenems-2012-2014.xlsx
Netherlands,2015,Acinetobacter species,carbapenems,4.1,73.0,"European/2015/Acinetobacter, Tables 3-21 to 3-25.xlsx [Table 3.23]"
Norway,2012,Acinetobacter species,carbapenems,0.0,25.0,European/2014/Acinetobacter/number-acinetobacter-isolates-and-percentage-resistant-carbapenems-2012-2014.xlsx
Norway,2013,Acinetobacter species,carbapenems,0.0,36.0,European/2014/Acinetobacter/number-acinetobacter-isolates-and-percentage-resistant-carbapenems-2012-2014.xlsx
Norway,2014,Acinetobacter species,carbapenems,2.9411799999999997,34.0,European/2014/Acinetobacter/number-acinetobacter-isolates-and-percentage-resistant-carbapenems-2012-2014.xlsx
Norway,2015,Acinetobacter species,carbapenems,9.4,32.0,"European/2015/Acinetobacter, Tables 3-21 to 3-25.xlsx [Table 3.23]"
Poland,2012,Acinetobacter species,carbapenems,38.3,209.0,European/2014/Acinetobacter/number-acinetobacter-isolates-and-percentage-resistant-carbapenems-2012-2014.xlsx
Poland,2013,Acinetobacter species,carbapenems,49.7,189.0,European/2014/Acinetobacter/number-acinetobacter-isolates-and-percentage-resistant-carbapenems-2012-2014.xlsx
Poland,2014,Acinetobacter species,carbapenems,53.4,189.0,"European/2015/Acinetobacter, Tables 3-21 to 3-25.xlsx [Table 3.23]"
Poland,2015,Acinetobacter species,carbapenems,65.6,244.0,"European/2015/Acinetobacter, Tables 3-21 to 3-25.xlsx [Table 3.23]"
Portugal,2012,Acinetobacter species,carbapenems,79.2,168.0,European/2014/Acinetobacter/number-acinetobacter-isolates-and-percentage-resistant-carbapenems-2012-2014.xlsx
Portugal,2013,Acinetobacter species,carbapenems,69.0,229.0,European/2014/Acinetobacter/number-acinetobacter-isolates-and-percentage-resistant-carbapenems-2012-2014.xlsx
Portugal,2014,Acinetobacter species,carbapenems,53.053439999999995,262.0,European/2014/Acinetobacter/number-acinetobacter-isolates-and-percentage-resistant-carbapenems-2012-2014.xlsx
Portugal,2015,Acinetobacter species,carbapenems,57.7,307.0,"European/2015/Acinetobacter, Tables 3-21 to 3-25.xlsx [Table 3.23]"
Romania,2012,Acinetobacter species,carbapenems,81.5,54.0,European/2014/Acinetobacter/number-acinetobacter-isolates-and-percentage-resistant-carbapenems-2012-2014.xlsx
Romania,2013,Acinetobacter species,carbapenems,85.4,137.0,European/2014/Acinetobacter/number-acinetobacter-isolates-and-percentage-resistant-carbapenems-2012-2014.xlsx
Romania,2014,Acinetobacter species,carbapenems,81.30081,123.0,European/2014/Acinetobacter/number-acinetobacter-isolates-and-percentage-resistant-carbapenems-2012-2014.xlsx
Romania,2015,Acinetobacter species,carbapenems,81.5,189.0,"European/2015/Acinetobacter, Tables 3-21 to 3-25.xlsx [Table 3.23]"
Slovakia,2013,Acinetobacter species,carbapenems,45.8,142.0,European/2014/Acinetobacter/number-acinetobacter-isolates-and-percentage-resistant-carbapenems-2012-2014.xlsx
Slovakia,2014,Acinetobacter species,carbapenems,32.91925,161.0,European/2014/Acinetobacter/number-acinetobacter-isolates-and-percentage-resistant-carbapenems-2012-2014.xlsx
Slovakia,2015,Acinetobacter species,carbapenems,28.2,142.0,"European/2015/Acinetobacter, Tables 3-21 to 3-25.xlsx [Table 3.23]"
Slovenia,2012,Acinetobacter species,carbapenems,24.0,25.0,European/2014/Acinetobacter/number-acinetobacter-isolates-and-percentage-resistant-carbapenems-2012-2014.xlsx
Slovenia,2013,Acinetobacter species,carbapenems,24.0,25.0,European/2014/Acinetobacter/number-acinetobacter-isolates-and-percentage-resistant-carbapenems-2012-2014.xlsx
Slovenia,2014,Acinetobacter species,carbapenems,26.470589999999998,34.0,European/2014/Acinetobacter/number-acinetobacter-isolates-and-percentage-resistant-carbapenems-2012-2014.xlsx
Slovenia,2015,Acinetobacter species,carbapenems,38.7,31.0,"European/2015/Acinetobacter, Tables 3-21 to 3-25.xlsx [Table 3.23]"
Spain,2013,Acinetobacter species,carbapenems,75.5,94.0,European/2014/Acinetobacter/number-acinetobacter-isolates-and-percentage-resistant-carbapenems-2012-2014.xlsx
Spain,2014,Acinetobacter species,carbapenems,65.38462,78.0,European/2014/Acinetobacter/number-acinetobacter-isolates-and-percentage-resistant-carbapenems-2012-2014.xlsx
Spain,2015,Acinetobacter species,carbapenems,53.7,95.0,"European/2015/Acinetobacter, Tables 3-21 to 3-25.xlsx [Table 3.23]"
Sweden,2013,Acinetobacter species,carbapenems,5.6,72.0,European/2014/Acinetobacter/number-acinetobacter-isolates-and-percentage-resistant-carbapenems-2012-2014.xlsx
Sweden,2014,Acinetobacter species,carbapenems,3.84615,52.0,European/2014/Acinetobacter/number-acinetobacter-isolates-and-percentage-resistant-carbapenems-2012-2014.xlsx
Sweden,2015,Acinetobacter species,carbapenems,2.9,34.0,"European/2015/Acinetobacter, Tables 3-21 to 3-25.xlsx [Table 3.23]"
United Kingdom,2012,Acinetobacter species,carbapenems,2.5,80.0,European/2014/Acinetobacter/number-acinetobacter-isolates-and-percentage-resistant-carbapenems-2012-2014.xlsx
United Kingdom,2013,Acinetobacter species,carbapenems,2.0,149.0,European/2014/Acinetobacter/number-acinetobacter-isolates-and-percentage-resistant-carbapenems-2012-2014.xlsx
United Kingdom,2014,Acinetobacter species,carbapenems,1.6666699999999999,120.0,European/2014/Acinetobacter/number-acinetobacter-isolates-and-percentage-resistant-carbapenems-2012-2014.xlsx
United Kingdom,2015,Acinetobacter species,carbapenems,0.8,132.0,"European/2015/Acinetobacter, Tables 3-21 to 3-25.xlsx [Table 3.23]"
Austria,2013,Acinetobacter species,combined resistance,5.9,51.0,European/2014/Acinetobacter/number-acinetobacter-isolates-and-percentage-combined-resistance-2012-2014.xlsx
Austria,2014,Acinetobacter species,combined resistance,2.7027,74.0,European/2014/Acinetobacter/number-acinetobacter-isolates-and-percentage-combined-resistance-2012-2014.xlsx
Bulgaria,2012,Acinetobacter species,combined resistance,32.8,58.0,European/2014/Acinetobacter/number-acinetobacter-isolates-and-percentage-combined-resistance-2012-2014.xlsx
Bulgaria,2013,Acinetobacter species,combined resistance,39.5,86.0,European/2014/Acinetobacter/number-acinetobacter-isolates-and-percentage-combined-resistance-2012-2014.xlsx
Bulgaria,2014,Acinetobacter species,combined resistance,48.453610000000005,97.0,European/2014/Acinetobacter/number-acinetobacter-isolates-and-percentage-combined-resistance-2012-2014.xlsx
Croatia,2013,Acinetobacter species,combined resistance,86.6,112.0,European/2014/Acinetobacter/number-acinetobacter-isolates-and-percentage-combined-resistance-2012-2014.xlsx
Croatia,2014,Acinetobacter species,combined resistance,85.88957,163.0,European/2014/Acinetobacter/number-acinetobacter-isolates-and-percentage-combined-resistance-2012-2014.xlsx
Cyprus,2012,Acinetobacter species,combined resistance,47.8,23.0,European/2014/Acinetobacter/number-acinetobacter-isolates-and-percentage-combined-resistance-2012-2014.xlsx
Cyprus,2013,Acinetobacter species,combined resistance,60.6,33.0,European/2014/Acinetobacter/number-acinetobacter-isolates-and-percentage-combined-resistance-2012-2014.xlsx
Cyprus,2014,Acinetobacter species,combined resistance,73.68421000000001,57.0,European/2014/Acinetobacter/number-acinetobacter-isolates-and-percentage-combined-resistance-2012-2014.xlsx
Czech Republic,2013,Acinetobacter species,combined resistance,4.4,91.0,European/2014/Acinetobacter/number-acinetobacter-isolates-and-percentage-combined-resistance-2012-2014.xlsx
Czech Republic,2014,Acinetobacter species,combined resistance,5.08475,59.0,European/2014/Acinetobacter/number-acinetobacter-isolates-and-percentage-combined-resistance-2012-2014.xlsx
Denmark,2012,Acinetobacter species,combined resistance,8.6,58.0,European/2014/Acinetobacter/number-acinetobacter-isolates-and-percentage-combined-resistance-2012-2014.xlsx
Denmark,2013,Acinetobacter species,combined resistance,1.8,57.0,European/2014/Acinetobacter/number-acinetobacter-isolates-and-percentage-combined-resistance-2012-2014.xlsx
Denmark,2014,Acinetobacter species,combined resistance,0.0,49.0,European/2014/Acinetobacter/number-acinetobacter-isolates-and-percentage-combined-resistance-2012-2014.xlsx
Finland,2013,Acinetobacter species,combined resistance,0.0,34.0,European/2014/Acinetobacter/number-acinetobacter-isolates-and-percentage-combined-resistance-2012-2014.xlsx
Finland,2014,Acinetobacter species,combined resistance,0.0,30.0,European/2014/Acinetobacter/number-acinetobacter-isolates-and-percentage-combined-resistance-2012-2014.xlsx
France,2012,Acinetobacter species,combined resistance,4.0,272.0,European/2014/Acinetobacter/number-acinetobacter-isolates-and-percentage-combined-resistance-2012-2014.xlsx
France,2013,Acinetobacter species,combined resistance,4.1,389.0,European/2014/Acinetobacter/number-acinetobacter-isolates-and-percentage-combined-resistance-2012-2014.xlsx
France,2014,Acinetobacter species,combined resistance,1.53453,391.0,European/2014/Acinetobacter/number-acinetobacter-isolates-and-percentage-combined-resistance-2012-2014.xlsx
Germany,2012,Acinetobacter species,combined resistance,4.2,119.0,European/2014/Acinetobacter/number-acinetobacter-isolates-and-percentage-combined-resistance-2012-2014.xlsx
Germany,2013,Acinetobacter species,combined resistance,5.2,172.0,European/2014/Acinetobacter/number-acinetobacter-isolates-and-percentage-combined-resistance-2012-2014.xlsx
Germany,2014,Acinetobacter species,combined resistance,2.12766,188.0,European/2014/Acinetobacter/number-acinetobacter-isolates-and-percentage-combined-resistance-2012-2014.xlsx
Greece,2012,Acinetobacter species,combined resistance,74.5,1203.0,European/2014/Acinetobacter/number-acinetobacter-isolates-and-percentage-combined-resistance-2012-2014.xlsx
Greece,2013,Acinetobacter species,combined resistance,85.2,810.0,European/2014/Acinetobacter/number-acinetobacter-isolates-and-percentage-combined-resistance-2012-2014.xlsx
Greece,2014,Acinetobacter species,combined resistance,86.90176,794.0,European/2014/Acinetobacter/number-acinetobacter-isolates-and-percentage-combined-resistance-2012-2014.xlsx
Hungary,2012,Acinetobacter species,combined resistance,41.6,394.0,European/2014/Acinetobacter/number-acinetobacter-isolates-and-percentage-combined-resistance-2012-2014.xlsx
Hungary,2013,Acinetobacter species,combined resistance,48.7,466.0,European/2014/Acinetobacter/number-acinetobacter-isolates-and-percentage-combined-resistance-2012-2014.xlsx
Hungary,2014,Acinetobacter species,combined resistance,42.00913,438.0,European/2014/Acinetobacter/number-acinetobacter-isolates-and-percentage-combined-resistance-2012-2014.xlsx
Ireland,2013,Acinetobacter species,combined resistance,0.0,84.0,European/2014/Acinetobacter/number-acinetobacter-isolates-and-percentage-combined-resistance-2012-2014.xlsx
Ireland,2014,Acinetobacter species,combined resistance,1.26582,79.0,European/2014/Acinetobacter/number-acinetobacter-isolates-and-percentage-combined-resistance-2012-2014.xlsx
Italy,2012,Acinetobacter species,combined resistance,77.4,217.0,European/2014/Acinetobacter/number-acinetobacter-isolates-and-percentage-combined-resistance-2012-2014.xlsx
Italy,2013,Acinetobacter species,combined resistance,79.0,453.0,European/2014/Acinetobacter/number-acinetobacter-isolates-and-percentage-combined-resistance-2012-2014.xlsx
Italy,2014,Acinetobacter species,combined resistance,86.78815,439.0,European/2014/Acinetobacter/number-acinetobacter-isolates-and-percentage-combined-resistance-2012-2014.xlsx
Latvia,2014,Acinetobacter species,combined resistance,61.53845999999999,52.0,European/2014/Acinetobacter/number-acinetobacter-isolates-and-percentage-combined-resistance-2012-2014.xlsx
Lithuania,2014,Acinetobacter species,combined resistance,66.66667,66.0,European/2014/Acinetobacter/number-acinetobacter-isolates-and-percentage-combined-resistance-2012-2014.xlsx
Malta,2014,Acinetobacter species,combined resistance,10.0,10.0,European/2014/Acinetobacter/number-acinetobacter-isolates-and-percentage-combined-resistance-2012-2014.xlsx
Netherlands,2012,Acinetobacter species,combined resistance,0.0,10.0,European/2014/Acinetobacter/number-acinetobacter-isolates-and-percentage-combined-resistance-2012-2014.xlsx
Netherlands,2013,Acinetobacter species,combined resistance,1.6,64.0,European/2014/Acinetobacter/number-acinetobacter-isolates-and-percentage-combined-resistance-2012-2014.xlsx
Netherlands,2014,Acinetobacter species,combined resistance,0.0,69.0,European/2014/Acinetobacter/number-acinetobacter-isolates-and-percentage-combined-resistance-2012-2014.xlsx
Norway,2012,Acinetobacter species,combined resistance,0.0,25.0,European/2014/Acinetobacter/number-acinetobacter-isolates-and-percentage-combined-resistance-2012-2014.xlsx
Norway,2013,Acinetobacter species,combined resistance,0.0,36.0,European/2014/Acinetobacter/number-acinetobacter-isolates-and-percentage-combined-resistance-2012-2014.xlsx
Norway,2014,Acinetobacter species,combined resistance,3.0303,33.0,European/2014/Acinetobacter/number-acinetobacter-isolates-and-percentage-combined-resistance-2012-2014.xlsx
Poland,2012,Acinetobacter species,combined resistance,35.0,197.0,European/2014/Acinetobacter/number-acinetobacter-isolates-and-percentage-combined-resistance-2012-2014.xlsx
Poland,2013,Acinetobacter species,combined resistance,46.7,184.0,European/2014/Acinetobacter/number-acinetobacter-isolates-and-percentage-combined-resistance-2012-2014.xlsx
Portugal,2012,Acinetobacter species,combined resistance,64.3,168.0,European/2014/Acinetobacter/number-acinetobacter-isolates-and-percentage-combined-resistance-2012-2014.xlsx
Portugal,2013,Acinetobacter species,combined resistance,56.3,222.0,European/2014/Acinetobacter/number-acinetobacter-isolates-and-percentage-combined-resistance-2012-2014.xlsx
Portugal,2014,Acinetobacter species,combined resistance,39.23077,260.0,European/2014/Acinetobacter/number-acinetobacter-isolates-and-percentage-combined-resistance-2012-2014.xlsx
Romania,2012,Acinetobacter species,combined resistance,50.0,54.0,European/2014/Acinetobacter/number-acinetobacter-isolates-and-percentage-combined-resistance-2012-2014.xlsx
Romania,2013,Acinetobacter species,combined resistance,74.5,137.0,European/2014/Acinetobacter/number-acinetobacter-isolates-and-percentage-combined-resistance-2012-2014.xlsx
Romania,2014,Acinetobacter species,combined resistance,77.68595,121.0,European/2014/Acinetobacter/number-acinetobacter-isolates-and-percentage-combined-resistance-2012-2014.xlsx
Slovakia,2013,Acinetobacter species,combined resistance,31.7,142.0,European/2014/Acinetobacter/number-acinetobacter-isolates-and-percentage-combined-resistance-2012-2014.xlsx
Slovakia,2014,Acinetobacter species,combined resistance,24.844720000000002,161.0,European/2014/Acinetobacter/number-acinetobacter-isolates-and-percentage-combined-resistance-2012-2014.xlsx
Slovenia,2012,Acinetobacter species,combined resistance,12.0,25.0,European/2014/Acinetobacter/number-acinetobacter-isolates-and-percentage-combined-resistance-2012-2014.xlsx
Slovenia,2013,Acinetobacter species,combined resistance,20.0,25.0,European/2014/Acinetobacter/number-acinetobacter-isolates-and-percentage-combined-resistance-2012-2014.xlsx
Slovenia,2014,Acinetobacter species,combined resistance,26.470589999999998,34.0,European/2014/Acinetobacter/number-acinetobacter-isolates-and-percentage-combined-resistance-2012-2014.xlsx
Spain,2013,Acinetobacter species,combined resistance,70.0,70.0,European/2014/Acinetobacter/number-acinetobacter-isolates-and-percentage-combined-resistance-2012-2014.xlsx
Spain,2014,Acinetobacter species,combined resistance,56.41026,78.0,European/2014/Acinetobacter/number-acinetobacter-isolates-and-percentage-combined-resistance-2012-2014.xlsx
Sweden,2013,Acinetobacter species,combined resistance,5.6,71.0,European/2014/Acinetobacter/number-acinetobacter-isolates-and-percentage-combined-resistance-2012-2014.xlsx
Sweden,2014,Acinetobacter species,combined resistance,2.77778,36.0,European/2014/Acinetobacter/number-acinetobacter-isolates-and-percentage-combined-resistance-2012-2014.xlsx
United Kingdom,2012,Acinetobacter species,combined resistance,1.3,79.0,European/2014/Acinetobacter/number-acinetobacter-isolates-and-percentage-combined-resistance-2012-2014.xlsx
United Kingdom,2013,Acinetobacter species,combined resistance,1.3,149.0,European/2014/Acinetobacter/number-acinetobacter-isolates-and-percentage-combined-resistance-2012-2014.xlsx
United Kingdom,2014,Acinetobacter species,combined resistance,1.68067,119.0,European/2014/Acinetobacter/number-acinetobacter-isolates-and-percentage-combined-resistance-2012-2014.xlsx
Austria,2013,Acinetobacter species,"combined resistance to fluoroquinolones, aminoglycosides and carbapenems",5.9,51.0,"European/2015/Acinetobacter, Tables 3-21 to 3-25.xlsx [Table 3.24]"
Austria,2014,Acinetobacter species,"combined resistance to fluoroquinolones, aminoglycosides and carbapenems",2.7,74.0,"European/2015/Acinetobacter, Tables 3-21 to 3-25.xlsx [Table 3.24]"
Austria,2015,Acinetobacter species,"combined resistance to fluoroquinolones, aminoglycosides and carbapenems",4.9,61.0,"European/2015/Acinetobacter, Tables 3-21 to 3-25.xlsx [Table 3.24]"
Belgium,2015,Acinetobacter species,"combined resistance to fluoroquinolones, aminoglycosides and carbapenems",0.0,13.0,"European/2015/Acinetobacter, Tables 3-21 to 3-25.xlsx [Table 3.24]"
Bulgaria,2012,Acinetobacter species,"combined resistance to fluoroquinolones, aminoglycosides and carbapenems",32.8,58.0,"European/2015/Acinetobacter, Tables 3-21 to 3-25.xlsx [Table 3.24]"
Bulgaria,2013,Acinetobacter species,"combined resistance to fluoroquinolones, aminoglycosides and carbapenems",39.5,86.0,"European/2015/Acinetobacter, Tables 3-21 to 3-25.xlsx [Table 3.24]"
Bulgaria,2014,Acinetobacter species,"combined resistance to fluoroquinolones, aminoglycosides and carbapenems",47.1,85.0,"European/2015/Acinetobacter, Tables 3-21 to 3-25.xlsx [Table 3.24]"
Bulgaria,2015,Acinetobacter species,"combined resistance to fluoroquinolones, aminoglycosides and carbapenems",66.1,112.0,"European/2015/Acinetobacter, Tables 3-21 to 3-25.xlsx [Table 3.24]"
Croatia,2013,Acinetobacter species,"combined resistance to fluoroquinolones, aminoglycosides and carbapenems",78.4,111.0,"European/2015/Acinetobacter, Tables 3-21 to 3-25.xlsx [Table 3.24]"
Croatia,2014,Acinetobacter species,"combined resistance to fluoroquinolones, aminoglycosides and carbapenems",80.9,162.0,"European/2015/Acinetobacter, Tables 3-21 to 3-25.xlsx [Table 3.24]"
Croatia,2015,Acinetobacter species,"combined resistance to fluoroquinolones, aminoglycosides and carbapenems",87.0,193.0,"European/2015/Acinetobacter, Tables 3-21 to 3-25.xlsx [Table 3.24]"
Cyprus,2012,Acinetobacter species,"combined resistance to fluoroquinolones, aminoglycosides and carbapenems",47.8,23.0,"European/2015/Acinetobacter, Tables 3-21 to 3-25.xlsx [Table 3.24]"
Cyprus,2013,Acinetobacter species,"combined resistance to fluoroquinolones, aminoglycosides and carbapenems",60.6,33.0,"European/2015/Acinetobacter, Tables 3-21 to 3-25.xlsx [Table 3.24]"
Cyprus,2014,Acinetobacter species,"combined resistance to fluoroquinolones, aminoglycosides and carbapenems",73.7,57.0,"European/2015/Acinetobacter, Tables 3-21 to 3-25.xlsx [Table 3.24]"
Cyprus,2015,Acinetobacter species,"combined resistance to fluoroquinolones, aminoglycosides and carbapenems",72.9,59.0,"European/2015/Acinetobacter, Tables 3-21 to 3-25.xlsx [Table 3.24]"
Czech Republic,2013,Acinetobacter species,"combined resistance to fluoroquinolones, aminoglycosides and carbapenems",4.4,91.0,"European/2015/Acinetobacter, Tables 3-21 to 3-25.xlsx [Table 3.24]"
Czech Republic,2014,Acinetobacter species,"combined resistance to fluoroquinolones, aminoglycosides and carbapenems",5.1,59.0,"European/2015/Acinetobacter, Tables 3-21 to 3-25.xlsx [Table 3.24]"
Czech Republic,2015,Acinetobacter species,"combined resistance to fluoroquinolones, aminoglycosides and carbapenems",5.0,60.0,"European/2015/Acinetobacter, Tables 3-21 to 3-25.xlsx [Table 3.24]"
Denmark,2012,Acinetobacter species,"combined resistance to fluoroquinolones, aminoglycosides and carbapenems",8.6,58.0,"European/2015/Acinetobacter, Tables 3-21 to 3-25.xlsx [Table 3.24]"
Denmark,2013,Acinetobacter species,"combined resistance to fluoroquinolones, aminoglycosides and carbapenems",1.8,57.0,"European/2015/Acinetobacter, Tables 3-21 to 3-25.xlsx [Table 3.24]"
Denmark,2014,Acinetobacter species,"combined resistance to fluoroquinolones, aminoglycosides and carbapenems",0.0,49.0,"European/2015/Acinetobacter, Tables 3-21 to 3-25.xlsx [Table 3.24]"
Denmark,2015,Acinetobacter species,"combined resistance to fluoroquinolones, aminoglycosides and carbapenems",3.3,60.0,"European/2015/Acinetobacter, Tables 3-21 to 3-25.xlsx [Table 3.24]"
Finland,2013,Acinetobacter species,"combined resistance to fluoroquinolones, aminoglycosides and carbapenems",0.0,34.0,"European/2015/Acinetobacter, Tables 3-21 to 3-25.xlsx [Table 3.24]"
Finland,2014,Acinetobacter species,"combined resistance to fluoroquinolones, aminoglycosides and carbapenems",0.0,30.0,"European/2015/Acinetobacter, Tables 3-21 to 3-25.xlsx [Table 3.24]"
Finland,2015,Acinetobacter species,"combined resistance to fluoroquinolones, aminoglycosides and carbapenems",2.4,42.0,"European/2015/Acinetobacter, Tables 3-21 to 3-25.xlsx [Table 3.24]"
France,2012,Acinetobacter species,"combined resistance to fluoroquinolones, aminoglycosides and carbapenems",4.0,272.0,"European/2015/Acinetobacter, Tables 3-21 to 3-25.xlsx [Table 3.24]"
France,2013,Acinetobacter species,"combined resistance to fluoroquinolones, aminoglycosides and carbapenems",4.1,389.0,"European/2015/Acinetobacter, Tables 3-21 to 3-25.xlsx [Table 3.24]"
France,2014,Acinetobacter species,"combined resistance to fluoroquinolones, aminoglycosides and carbapenems",1.5,391.0,"European/2015/Acinetobacter, Tables 3-21 to 3-25.xlsx [Table 3.24]"
France,2015,Acinetobacter species,"combined resistance to fluoroquinolones, aminoglycosides and carbapenems",5.2,424.0,"European/2015/Acinetobacter, Tables 3-21 to 3-25.xlsx [Table 3.24]"
Germany,2012,Acinetobacter species,"combined resistance to fluoroquinolones, aminoglycosides and carbapenems",4.2,119.0,"European/2015/Acinetobacter, Tables 3-21 to 3-25.xlsx [Table 3.24]"
Germany,2013,Acinetobacter species,"combined resistance to fluoroquinolones, aminoglycosides and carbapenems",5.2,174.0,"European/2015/Acinetobacter, Tables 3-21 to 3-25.xlsx [Table 3.24]"
Germany,2014,Acinetobacter species,"combined resistance to fluoroquinolones, aminoglycosides and carbapenems",2.1,188.0,"European/2015/Acinetobacter, Tables 3-21 to 3-25.xlsx [Table 3.24]"
Germany,2015,Acinetobacter species,"combined resistance to fluoroquinolones, aminoglycosides and carbapenems",3.7,325.0,"European/2015/Acinetobacter, Tables 3-21 to 3-25.xlsx [Table 3.24]"
Greece,2012,Acinetobacter species,"combined resistance to fluoroquinolones, aminoglycosides and carbapenems",74.5,1203.0,"European/2015/Acinetobacter, Tables 3-21 to 3-25.xlsx [Table 3.24]"
Greece,2013,Acinetobacter species,"combined resistance to fluoroquinolones, aminoglycosides and carbapenems",79.6,809.0,"European/2015/Acinetobacter, Tables 3-21 to 3-25.xlsx [Table 3.24]"
Greece,2014,Acinetobacter species,"combined resistance to fluoroquinolones, aminoglycosides and carbapenems",82.6,793.0,"European/2015/Acinetobacter, Tables 3-21 to 3-25.xlsx [Table 3.24]"
Greece,2015,Acinetobacter species,"combined resistance to fluoroquinolones, aminoglycosides and carbapenems",82.2,943.0,"European/2015/Acinetobacter, Tables 3-21 to 3-25.xlsx [Table 3.24]"
Hungary,2012,Acinetobacter species,"combined resistance to fluoroquinolones, aminoglycosides and carbapenems",41.6,394.0,"European/2015/Acinetobacter, Tables 3-21 to 3-25.xlsx [Table 3.24]"
Hungary,2013,Acinetobacter species,"combined resistance to fluoroquinolones, aminoglycosides and carbapenems",42.8,465.0,"European/2015/Acinetobacter, Tables 3-21 to 3-25.xlsx [Table 3.24]"
Hungary,2014,Acinetobacter species,"combined resistance to fluoroquinolones, aminoglycosides and carbapenems",38.4,438.0,"European/2015/Acinetobacter, Tables 3-21 to 3-25.xlsx [Table 3.24]"
Hungary,2015,Acinetobacter species,"combined resistance to fluoroquinolones, aminoglycosides and carbapenems",51.7,462.0,"European/2015/Acinetobacter, Tables 3-21 to 3-25.xlsx [Table 3.24]"
Ireland,2013,Acinetobacter species,"combined resistance to fluoroquinolones, aminoglycosides and carbapenems",0.0,84.0,"European/2015/Acinetobacter, Tables 3-21 to 3-25.xlsx [Table 3.24]"
Ireland,2014,Acinetobacter species,"combined resistance to fluoroquinolones, aminoglycosides and carbapenems",1.3,79.0,"European/2015/Acinetobacter, Tables 3-21 to 3-25.xlsx [Table 3.24]"
Ireland,2015,Acinetobacter species,"combined resistance to fluoroquinolones, aminoglycosides and carbapenems",1.3,75.0,"European/2015/Acinetobacter, Tables 3-21 to 3-25.xlsx [Table 3.24]"
Italy,2012,Acinetobacter species,"combined resistance to fluoroquinolones, aminoglycosides and carbapenems",77.4,217.0,"European/2015/Acinetobacter, Tables 3-21 to 3-25.xlsx [Table 3.24]"
Italy,2013,Acinetobacter species,"combined resistance to fluoroquinolones, aminoglycosides and carbapenems",78.8,444.0,"European/2015/Acinetobacter, Tables 3-21 to 3-25.xlsx [Table 3.24]"
Italy,2014,Acinetobacter species,"combined resistance to fluoroquinolones, aminoglycosides and carbapenems",86.3,437.0,"European/2015/Acinetobacter, Tables 3-21 to 3-25.xlsx [Table 3.24]"
Italy,2015,Acinetobacter species,"combined resistance to fluoroquinolones, aminoglycosides and carbapenems",72.6,650.0,"European/2015/Acinetobacter, Tables 3-21 to 3-25.xlsx [Table 3.24]"
Latvia,2014,Acinetobacter species,"combined resistance to fluoroquinolones, aminoglycosides and carbapenems",61.5,52.0,"European/2015/Acinetobacter, Tables 3-21 to 3-25.xlsx [Table 3.24]"
Latvia,2015,Acinetobacter species,"combined resistance to fluoroquinolones, aminoglycosides and carbapenems",46.7,60.0,"European/2015/Acinetobacter, Tables 3-21 to 3-25.xlsx [Table 3.24]"
Lithuania,2014,Acinetobacter species,"combined resistance to fluoroquinolones, aminoglycosides and carbapenems",60.0,65.0,"European/2015/Acinetobacter, Tables 3-21 to 3-25.xlsx [Table 3.24]"
Lithuania,2015,Acinetobacter species,"combined resistance to fluoroquinolones, aminoglycosides and carbapenems",76.7,73.0,"European/2015/Acinetobacter, Tables 3-21 to 3-25.xlsx [Table 3.24]"
Malta,2014,Acinetobacter species,"combined resistance to fluoroquinolones, aminoglycosides and carbapenems",10.0,10.0,"European/2015/Acinetobacter, Tables 3-21 to 3-25.xlsx [Table 3.24]"
Malta,2015,Acinetobacter species,"combined resistance to fluoroquinolones, aminoglycosides and carbapenems",6.7,15.0,"European/2015/Acinetobacter, Tables 3-21 to 3-25.xlsx [Table 3.24]"
Netherlands,2012,Acinetobacter species,"combined resistance to fluoroquinolones, aminoglycosides and carbapenems",0.0,10.0,"European/2015/Acinetobacter, Tables 3-21 to 3-25.xlsx [Table 3.24]"
Netherlands,2013,Acinetobacter species,"combined resistance to fluoroquinolones, aminoglycosides and carbapenems",1.6,64.0,"European/2015/Acinetobacter, Tables 3-21 to 3-25.xlsx [Table 3.24]"
Netherlands,2014,Acinetobacter species,"combined resistance to fluoroquinolones, aminoglycosides and carbapenems",0.0,69.0,"European/2015/Acinetobacter, Tables 3-21 to 3-25.xlsx [Table 3.24]"
Netherlands,2015,Acinetobacter species,"combined resistance to fluoroquinolones, aminoglycosides and carbapenems",4.1,73.0,"European/2015/Acinetobacter, Tables 3-21 to 3-25.xlsx [Table 3.24]"
Norway,2012,Acinetobacter species,"combined resistance to fluoroquinolones, aminoglycosides and carbapenems",0.0,25.0,"European/2015/Acinetobacter, Tables 3-21 to 3-25.xlsx [Table 3.24]"
Norway,2013,Acinetobacter species,"combined resistance to fluoroquinolones, aminoglycosides and carbapenems",0.0,36.0,"European/2015/Acinetobacter, Tables 3-21 to 3-25.xlsx [Table 3.24]"
Norway,2014,Acinetobacter species,"combined resistance to fluoroquinolones, aminoglycosides and carbapenems",3.0,33.0,"European/2015/Acinetobacter, Tables 3-21 to 3-25.xlsx [Table 3.24]"
Norway,2015,Acinetobacter species,"combined resistance to fluoroquinolones, aminoglycosides and carbapenems",9.4,32.0,"European/2015/Acinetobacter, Tables 3-21 to 3-25.xlsx [Table 3.24]"
Poland,2012,Acinetobacter species,"combined resistance to fluoroquinolones, aminoglycosides and carbapenems",36.9,206.0,"European/2015/Acinetobacter, Tables 3-21 to 3-25.xlsx [Table 3.24]"
Poland,2013,Acinetobacter species,"combined resistance to fluoroquinolones, aminoglycosides and carbapenems",46.2,184.0,"European/2015/Acinetobacter, Tables 3-21 to 3-25.xlsx [Table 3.24]"
Poland,2014,Acinetobacter species,"combined resistance to fluoroquinolones, aminoglycosides and carbapenems",38.0,184.0,"European/2015/Acinetobacter, Tables 3-21 to 3-25.xlsx [Table 3.24]"
Poland,2015,Acinetobacter species,"combined resistance to fluoroquinolones, aminoglycosides and carbapenems",54.6,240.0,"European/2015/Acinetobacter, Tables 3-21 to 3-25.xlsx [Table 3.24]"
Portugal,2012,Acinetobacter species,"combined resistance to fluoroquinolones, aminoglycosides and carbapenems",64.3,168.0,"European/2015/Acinetobacter, Tables 3-21 to 3-25.xlsx [Table 3.24]"
Portugal,2013,Acinetobacter species,"combined resistance to fluoroquinolones, aminoglycosides and carbapenems",56.3,222.0,"European/2015/Acinetobacter, Tables 3-21 to 3-25.xlsx [Table 3.24]"
Portugal,2014,Acinetobacter species,"combined resistance to fluoroquinolones, aminoglycosides and carbapenems",39.2,260.0,"European/2015/Acinetobacter, Tables 3-21 to 3-25.xlsx [Table 3.24]"
Portugal,2015,Acinetobacter species,"combined resistance to fluoroquinolones, aminoglycosides and carbapenems",45.0,302.0,"European/2015/Acinetobacter, Tables 3-21 to 3-25.xlsx [Table 3.24]"
Romania,2012,Acinetobacter species,"combined resistance to fluoroquinolones, aminoglycosides and carbapenems",50.0,54.0,"European/2015/Acinetobacter, Tables 3-21 to 3-25.xlsx [Table 3.24]"
Romania,2013,Acinetobacter species,"combined resistance to fluoroquinolones, aminoglycosides and carbapenems",74.5,137.0,"European/2015/Acinetobacter, Tables 3-21 to 3-25.xlsx [Table 3.24]"
Romania,2014,Acinetobacter species,"combined resistance to fluoroquinolones, aminoglycosides and carbapenems",76.9,121.0,"European/2015/Acinetobacter, Tables 3-21 to 3-25.xlsx [Table 3.24]"
Romania,2015,Acinetobacter species,"combined resistance to fluoroquinolones, aminoglycosides and carbapenems",76.9,186.0,"European/2015/Acinetobacter, Tables 3-21 to 3-25.xlsx [Table 3.24]"
Slovakia,2013,Acinetobacter species,"combined resistance to fluoroquinolones, aminoglycosides and carbapenems",24.8,141.0,"European/2015/Acinetobacter, Tables 3-21 to 3-25.xlsx [Table 3.24]"
Slovakia,2014,Acinetobacter species,"combined resistance to fluoroquinolones, aminoglycosides and carbapenems",24.4,160.0,"European/2015/Acinetobacter, Tables 3-21 to 3-25.xlsx [Table 3.24]"
Slovakia,2015,Acinetobacter species,"combined resistance to fluoroquinolones, aminoglycosides and carbapenems",23.2,142.0,"European/2015/Acinetobacter, Tables 3-21 to 3-25.xlsx [Table 3.24]"
Slovenia,2012,Acinetobacter species,"combined resistance to fluoroquinolones, aminoglycosides and carbapenems",12.0,25.0,"European/2015/Acinetobacter, Tables 3-21 to 3-25.xlsx [Table 3.24]"
Slovenia,2013,Acinetobacter species,"combined resistance to fluoroquinolones, aminoglycosides and carbapenems",16.0,25.0,"European/2015/Acinetobacter, Tables 3-21 to 3-25.xlsx [Table 3.24]"
Slovenia,2014,Acinetobacter species,"combined resistance to fluoroquinolones, aminoglycosides and carbapenems",20.6,34.0,"European/2015/Acinetobacter, Tables 3-21 to 3-25.xlsx [Table 3.24]"
Slovenia,2015,Acinetobacter species,"combined resistance to fluoroquinolones, aminoglycosides and carbapenems",35.5,31.0,"European/2015/Acinetobacter, Tables 3-21 to 3-25.xlsx [Table 3.24]"
Spain,2013,Acinetobacter species,"combined resistance to fluoroquinolones, aminoglycosides and carbapenems",66.2,71.0,"European/2015/Acinetobacter, Tables 3-21 to 3-25.xlsx [Table 3.24]"
Spain,2014,Acinetobacter species,"combined resistance to fluoroquinolones, aminoglycosides and carbapenems",55.1,78.0,"European/2015/Acinetobacter, Tables 3-21 to 3-25.xlsx [Table 3.24]"
Spain,2015,Acinetobacter species,"combined resistance to fluoroquinolones, aminoglycosides and carbapenems",41.5,94.0,"European/2015/Acinetobacter, Tables 3-21 to 3-25.xlsx [Table 3.24]"
Sweden,2013,Acinetobacter species,"combined resistance to fluoroquinolones, aminoglycosides and carbapenems",5.6,71.0,"European/2015/Acinetobacter, Tables 3-21 to 3-25.xlsx [Table 3.24]"
Sweden,2014,Acinetobacter species,"combined resistance to fluoroquinolones, aminoglycosides and carbapenems",2.8,36.0,"European/2015/Acinetobacter, Tables 3-21 to 3-25.xlsx [Table 3.24]"
Sweden,2015,Acinetobacter species,"combined resistance to fluoroquinolones, aminoglycosides and carbapenems",3.8,26.0,"European/2015/Acinetobacter, Tables 3-21 to 3-25.xlsx [Table 3.24]"
United Kingdom,2012,Acinetobacter species,"combined resistance to fluoroquinolones, aminoglycosides and carbapenems",1.3,79.0,"European/2015/Acinetobacter, Tables 3-21 to 3-25.xlsx [Table 3.24]"
United Kingdom,2013,Acinetobacter species,"combined resistance to fluoroquinolones, aminoglycosides and carbapenems",1.3,149.0,"European/2015/Acinetobacter, Tables 3-21 to 3-25.xlsx [Table 3.24]"
United Kingdom,2014,Acinetobacter species,"combined resistance to fluoroquinolones, aminoglycosides and carbapenems",1.7,119.0,"European/2015/Acinetobacter, Tables 3-21 to 3-25.xlsx [Table 3.24]"
United Kingdom,2015,Acinetobacter species,"combined resistance to fluoroquinolones, aminoglycosides and carbapenems",0.0,131.0,"European/2015/Acinetobacter, Tables 3-21 to 3-25.xlsx [Table 3.24]"
Austria,2013,Acinetobacter species,fluoroquinolones,21.6,51.0,European/2014/Acinetobacter/number-acinetobacter-isolates-and-percentage-resistant-fluoroquinolones-2012-2014.xlsx
Austria,2014,Acinetobacter species,fluoroquinolones,5.33333,75.0,European/2014/Acinetobacter/number-acinetobacter-isolates-and-percentage-resistant-fluoroquinolones-2012-2014.xlsx
Austria,2015,Acinetobacter species,fluoroquinolones,16.4,61.0,"European/2015/Acinetobacter, Tables 3-21 to 3-25.xlsx [Table 3.21]"
Belgium,2015,Acinetobacter species,fluoroquinolones,0.0,26.0,"European/2015/Acinetobacter, Tables 3-21 to 3-25.xlsx [Table 3.21]"
Bulgaria,2012,Acinetobacter species,fluoroquinolones,69.2,65.0,European/2014/Acinetobacter/number-acinetobacter-isolates-and-percentage-resistant-fluoroquinolones-2012-2014.xlsx
Bulgaria,2013,Acinetobacter species,fluoroquinolones,70.2,94.0,European/2014/Acinetobacter/number-acinetobacter-isolates-and-percentage-resistant-fluoroquinolones-2012-2014.xlsx
Bulgaria,2014,Acinetobacter species,fluoroquinolones,73.91304,115.0,European/2014/Acinetobacter/number-acinetobacter-isolates-and-percentage-resistant-fluoroquinolones-2012-2014.xlsx
Bulgaria,2015,Acinetobacter species,fluoroquinolones,78.6,131.0,"European/2015/Acinetobacter, Tables 3-21 to 3-25.xlsx [Table 3.21]"
Croatia,2013,Acinetobacter species,fluoroquinolones,92.9,112.0,European/2014/Acinetobacter/number-acinetobacter-isolates-and-percentage-resistant-fluoroquinolones-2012-2014.xlsx
Croatia,2014,Acinetobacter species,fluoroquinolones,92.07317,164.0,European/2014/Acinetobacter/number-acinetobacter-isolates-and-percentage-resistant-fluoroquinolones-2012-2014.xlsx
Croatia,2015,Acinetobacter species,fluoroquinolones,92.3,196.0,"European/2015/Acinetobacter, Tables 3-21 to 3-25.xlsx [Table 3.21]"
Cyprus,2012,Acinetobacter species,fluoroquinolones,56.5,23.0,European/2014/Acinetobacter/number-acinetobacter-isolates-and-percentage-resistant-fluoroquinolones-2012-2014.xlsx
Cyprus,2013,Acinetobacter species,fluoroquinolones,60.6,33.0,European/2014/Acinetobacter/number-acinetobacter-isolates-and-percentage-resistant-fluoroquinolones-2012-2014.xlsx
Cyprus,2014,Acinetobacter species,fluoroquinolones,77.58621,58.0,European/2014/Acinetobacter/number-acinetobacter-isolates-and-percentage-resistant-fluoroquinolones-2012-2014.xlsx
Cyprus,2015,Acinetobacter species,fluoroquinolones,83.3,60.0,"European/2015/Acinetobacter, Tables 3-21 to 3-25.xlsx [Table 3.21]"
Czech Republic,2013,Acinetobacter species,fluoroquinolones,19.8,91.0,European/2014/Acinetobacter/number-acinetobacter-isolates-and-percentage-resistant-fluoroquinolones-2012-2014.xlsx
Czech Republic,2014,Acinetobacter species,fluoroquinolones,15.25424,59.0,European/2014/Acinetobacter/number-acinetobacter-isolates-and-percentage-resistant-fluoroquinolones-2012-2014.xlsx
Czech Republic,2015,Acinetobacter species,fluoroquinolones,18.3,60.0,"European/2015/Acinetobacter, Tables 3-21 to 3-25.xlsx [Table 3.21]"
Denmark,2012,Acinetobacter species,fluoroquinolones,12.0,83.0,European/2014/Acinetobacter/number-acinetobacter-isolates-and-percentage-resistant-fluoroquinolones-2012-2014.xlsx
Denmark,2013,Acinetobacter species,fluoroquinolones,6.3,79.0,European/2014/Acinetobacter/number-acinetobacter-isolates-and-percentage-resistant-fluoroquinolones-2012-2014.xlsx
Denmark,2014,Acinetobacter species,fluoroquinolones,2.89855,69.0,European/2014/Acinetobacter/number-acinetobacter-isolates-and-percentage-resistant-fluoroquinolones-2012-2014.xlsx
Denmark,2015,Acinetobacter species,fluoroquinolones,5.9,68.0,"European/2015/Acinetobacter, Tables 3-21 to 3-25.xlsx [Table 3.21]"
Finland,2013,Acinetobacter species,fluoroquinolones,2.8,36.0,European/2014/Acinetobacter/number-acinetobacter-isolates-and-percentage-resistant-fluoroquinolones-2012-2014.xlsx
Finland,2014,Acinetobacter species,fluoroquinolones,6.4516100000000005,31.0,European/2014/Acinetobacter/number-acinetobacter-isolates-and-percentage-resistant-fluoroquinolones-2012-2014.xlsx
Finland,2015,Acinetobacter species,fluoroquinolones,2.3,43.0,"European/2015/Acinetobacter, Tables 3-21 to 3-25.xlsx [Table 3.21]"
France,2012,Acinetobacter species,fluoroquinolones,15.6,385.0,European/2014/Acinetobacter/number-acinetobacter-isolates-and-percentage-resistant-fluoroquinolones-2012-2014.xlsx
France,2013,Acinetobacter species,fluoroquinolones,13.6,397.0,European/2014/Acinetobacter/number-acinetobacter-isolates-and-percentage-resistant-fluoroquinolones-2012-2014.xlsx
France,2014,Acinetobacter species,fluoroquinolones,11.89873,395.0,European/2014/Acinetobacter/number-acinetobacter-isolates-and-percentage-resistant-fluoroquinolones-2012-2014.xlsx
France,2015,Acinetobacter species,fluoroquinolones,13.5,430.0,"European/2015/Acinetobacter, Tables 3-21 to 3-25.xlsx [Table 3.21]"
Germany,2012,Acinetobacter species,fluoroquinolones,8.3,121.0,European/2014/Acinetobacter/number-acinetobacter-isolates-and-percentage-resistant-fluoroquinolones-2012-2014.xlsx
Germany,2013,Acinetobacter species,fluoroquinolones,9.8,173.0,European/2014/Acinetobacter/number-acinetobacter-isolates-and-percentage-resistant-fluoroquinolones-2012-2014.xlsx
Germany,2014,Acinetobacter species,fluoroquinolones,6.03015,199.0,European/2014/Acinetobacter/number-acinetobacter-isolates-and-percentage-resistant-fluoroquinolones-2012-2014.xlsx
Germany,2015,Acinetobacter species,fluoroquinolones,8.6,336.0,"European/2015/Acinetobacter, Tables 3-21 to 3-25.xlsx [Table 3.21]"
Greece,2012,Acinetobacter species,fluoroquinolones,93.1,1204.0,European/2014/Acinetobacter/number-acinetobacter-isolates-and-percentage-resistant-fluoroquinolones-2012-2014.xlsx
Greece,2013,Acinetobacter species,fluoroquinolones,95.0,812.0,European/2014/Acinetobacter/number-acinetobacter-isolates-and-percentage-resistant-fluoroquinolones-2012-2014.xlsx
Greece,2014,Acinetobacter species,fluoroquinolones,95.28536,806.0,European/2014/Acinetobacter/number-acinetobacter-isolates-and-percentage-resistant-fluoroquinolones-2012-2014.xlsx
Greece,2015,Acinetobacter species,fluoroquinolones,94.9,946.0,"European/2015/Acinetobacter, Tables 3-21 to 3-25.xlsx [Table 3.21]"
Hungary,2012,Acinetobacter species,fluoroquinolones,78.0,405.0,European/2014/Acinetobacter/number-acinetobacter-isolates-and-percentage-resistant-fluoroquinolones-2012-2014.xlsx
Hungary,2013,Acinetobacter species,fluoroquinolones,73.5,472.0,European/2014/Acinetobacter/number-acinetobacter-isolates-and-percentage-resistant-fluoroquinolones-2012-2014.xlsx
Hungary,2014,Acinetobacter species,fluoroquinolones,66.43991,441.0,European/2014/Acinetobacter/number-acinetobacter-isolates-and-percentage-resistant-fluoroquinolones-2012-2014.xlsx
Hungary,2015,Acinetobacter species,fluoroquinolones,68.1,464.0,"European/2015/Acinetobacter, Tables 3-21 to 3-25.xlsx [Table 3.21]"
Ireland,2013,Acinetobacter species,fluoroquinolones,1.1,88.0,European/2014/Acinetobacter/number-acinetobacter-isolates-and-percentage-resistant-fluoroquinolones-2012-2014.xlsx
Ireland,2014,Acinetobacter species,fluoroquinolones,4.65116,86.0,European/2014/Acinetobacter/number-acinetobacter-isolates-and-percentage-resistant-fluoroquinolones-2012-2014.xlsx
Ireland,2015,Acinetobacter species,fluoroquinolones,4.8,83.0,"European/2015/Acinetobacter, Tables 3-21 to 3-25.xlsx [Table 3.21]"
Italy,2012,Acinetobacter species,fluoroquinolones,86.0,236.0,European/2014/Acinetobacter/number-acinetobacter-isolates-and-percentage-resistant-fluoroquinolones-2012-2014.xlsx
Italy,2013,Acinetobacter species,fluoroquinolones,83.1,472.0,European/2014/Acinetobacter/number-acinetobacter-isolates-and-percentage-resistant-fluoroquinolones-2012-2014.xlsx
Italy,2014,Acinetobacter species,fluoroquinolones,92.09402,468.0,European/2014/Acinetobacter/number-acinetobacter-isolates-and-percentage-resistant-fluoroquinolones-2012-2014.xlsx
Italy,2015,Acinetobacter species,fluoroquinolones,81.6,664.0,"European/2015/Acinetobacter, Tables 3-21 to 3-25.xlsx [Table 3.21]"
Latvia,2014,Acinetobacter species,fluoroquinolones,88.46154,52.0,European/2014/Acinetobacter/number-acinetobacter-isolates-and-percentage-resistant-fluoroquinolones-2012-2014.xlsx
Latvia,2015,Acinetobacter species,fluoroquinolones,78.3,60.0,"European/2015/Acinetobacter, Tables 3-21 to 3-25.xlsx [Table 3.21]"
Lithuania,2014,Acinetobacter species,fluoroquinolones,84.84848000000001,66.0,European/2014/Acinetobacter/number-acinetobacter-isolates-and-percentage-resistant-fluoroquinolones-2012-2014.xlsx
Lithuania,2015,Acinetobacter species,fluoroquinolones,93.2,73.0,"European/2015/Acinetobacter, Tables 3-21 to 3-25.xlsx [Table 3.21]"
Malta,2014,Acinetobacter species,fluoroquinolones,30.0,10.0,European/2014/Acinetobacter/number-acinetobacter-isolates-and-percentage-resistant-fluoroquinolones-2012-2014.xlsx
Malta,2015,Acinetobacter species,fluoroquinolones,13.3,15.0,"European/2015/Acinetobacter, Tables 3-21 to 3-25.xlsx [Table 3.21]"
Netherlands,2012,Acinetobacter species,fluoroquinolones,0.0,10.0,European/2014/Acinetobacter/number-acinetobacter-isolates-and-percentage-resistant-fluoroquinolones-2012-2014.xlsx
Netherlands,2013,Acinetobacter species,fluoroquinolones,2.9,69.0,European/2014/Acinetobacter/number-acinetobacter-isolates-and-percentage-resistant-fluoroquinolones-2012-2014.xlsx
Netherlands,2014,Acinetobacter species,fluoroquinolones,4.16667,72.0,European/2014/Acinetobacter/number-acinetobacter-isolates-and-percentage-resistant-fluoroquinolones-2012-2014.xlsx
Netherlands,2015,Acinetobacter species,fluoroquinolones,6.8,74.0,"European/2015/Acinetobacter, Tables 3-21 to 3-25.xlsx [Table 3.21]"
Norway,2012,Acinetobacter species,fluoroquinolones,0.0,25.0,European/2014/Acinetobacter/number-acinetobacter-isolates-and-percentage-resistant-fluoroquinolones-2012-2014.xlsx
Norway,2013,Acinetobacter species,fluoroquinolones,0.0,36.0,European/2014/Acinetobacter/number-acinetobacter-isolates-and-percentage-resistant-fluoroquinolones-2012-2014.xlsx
Norway,2014,Acinetobacter species,fluoroquinolones,5.88235,34.0,European/2014/Acinetobacter/number-acinetobacter-isolates-and-percentage-resistant-fluoroquinolones-2012-2014.xlsx
Norway,2015,Acinetobacter species,fluoroquinolones,9.4,32.0,"European/2015/Acinetobacter, Tables 3-21 to 3-25.xlsx [Table 3.21]"
Poland,2012,Acinetobacter species,fluoroquinolones,78.0,209.0,European/2014/Acinetobacter/number-acinetobacter-isolates-and-percentage-resistant-fluoroquinolones-2012-2014.xlsx
Poland,2013,Acinetobacter species,fluoroquinolones,81.4,188.0,European/2014/Acinetobacter/number-acinetobacter-isolates-and-percentage-resistant-fluoroquinolones-2012-2014.xlsx
Poland,2014,Acinetobacter species,fluoroquinolones,82.7,185.0,"European/2015/Acinetobacter, Tables 3-21 to 3-25.xlsx [Table 3.21]"
Poland,2015,Acinetobacter species,fluoroquinolones,88.1,243.0,"European/2015/Acinetobacter, Tables 3-21 to 3-25.xlsx [Table 3.21]"
Portugal,2012,Acinetobacter species,fluoroquinolones,77.4,168.0,European/2014/Acinetobacter/number-acinetobacter-isolates-and-percentage-resistant-fluoroquinolones-2012-2014.xlsx
Portugal,2013,Acinetobacter species,fluoroquinolones,68.9,225.0,European/2014/Acinetobacter/number-acinetobacter-isolates-and-percentage-resistant-fluoroquinolones-2012-2014.xlsx
Portugal,2014,Acinetobacter species,fluoroquinolones,52.65152,264.0,European/2014/Acinetobacter/number-acinetobacter-isolates-and-percentage-resistant-fluoroquinolones-2012-2014.xlsx
Portugal,2015,Acinetobacter species,fluoroquinolones,55.8,308.0,"European/2015/Acinetobacter, Tables 3-21 to 3-25.xlsx [Table 3.21]"
Romania,2012,Acinetobacter species,fluoroquinolones,88.9,54.0,European/2014/Acinetobacter/number-acinetobacter-isolates-and-percentage-resistant-fluoroquinolones-2012-2014.xlsx
Romania,2013,Acinetobacter species,fluoroquinolones,90.5,137.0,European/2014/Acinetobacter/number-acinetobacter-isolates-and-percentage-resistant-fluoroquinolones-2012-2014.xlsx
Romania,2014,Acinetobacter species,fluoroquinolones,83.73984,123.0,European/2014/Acinetobacter/number-acinetobacter-isolates-and-percentage-resistant-fluoroquinolones-2012-2014.xlsx
Romania,2015,Acinetobacter species,fluoroquinolones,82.5,189.0,"European/2015/Acinetobacter, Tables 3-21 to 3-25.xlsx [Table 3.21]"
Slovakia,2013,Acinetobacter species,fluoroquinolones,58.5,188.0,European/2014/Acinetobacter/number-acinetobacter-isolates-and-percentage-resistant-fluoroquinolones-2012-2014.xlsx
Slovakia,2014,Acinetobacter species,fluoroquinolones,51.76471,170.0,European/2014/Acinetobacter/number-acinetobacter-isolates-and-percentage-resistant-fluoroquinolones-2012-2014.xlsx
Slovakia,2015,Acinetobacter species,fluoroquinolones,51.9,154.0,"European/2015/Acinetobacter, Tables 3-21 to 3-25.xlsx [Table 3.21]"
Slovenia,2012,Acinetobacter species,fluoroquinolones,28.0,25.0,European/2014/Acinetobacter/number-acinetobacter-isolates-and-percentage-resistant-fluoroquinolones-2012-2014.xlsx
Slovenia,2013,Acinetobacter species,fluoroquinolones,28.0,25.0,European/2014/Acinetobacter/number-acinetobacter-isolates-and-percentage-resistant-fluoroquinolones-2012-2014.xlsx
Slovenia,2014,Acinetobacter species,fluoroquinolones,41.176469999999995,34.0,European/2014/Acinetobacter/number-acinetobacter-isolates-and-percentage-resistant-fluoroquinolones-2012-2014.xlsx
Slovenia,2015,Acinetobacter species,fluoroquinolones,58.1,31.0,"European/2015/Acinetobacter, Tables 3-21 to 3-25.xlsx [Table 3.21]"
Spain,2013,Acinetobacter species,fluoroquinolones,74.6,76.0,European/2014/Acinetobacter/number-acinetobacter-isolates-and-percentage-resistant-fluoroquinolones-2012-2014.xlsx
Spain,2014,Acinetobacter species,fluoroquinolones,67.08861,79.0,European/2014/Acinetobacter/number-acinetobacter-isolates-and-percentage-resistant-fluoroquinolones-2012-2014.xlsx
Spain,2015,Acinetobacter species,fluoroquinolones,64.2,95.0,"European/2015/Acinetobacter, Tables 3-21 to 3-25.xlsx [Table 3.21]"
Sweden,2013,Acinetobacter species,fluoroquinolones,5.4,74.0,European/2014/Acinetobacter/number-acinetobacter-isolates-and-percentage-resistant-fluoroquinolones-2012-2014.xlsx
Sweden,2014,Acinetobacter species,fluoroquinolones,11.53846,52.0,European/2014/Acinetobacter/number-acinetobacter-isolates-and-percentage-resistant-fluoroquinolones-2012-2014.xlsx
Sweden,2015,Acinetobacter species,fluoroquinolones,3.8,26.0,"European/2015/Acinetobacter, Tables 3-21 to 3-25.xlsx [Table 3.21]"
United Kingdom,2012,Acinetobacter species,fluoroquinolones,2.9,105.0,European/2014/Acinetobacter/number-acinetobacter-isolates-and-percentage-resistant-fluoroquinolones-2012-2014.xlsx
United Kingdom,2013,Acinetobacter species,fluoroquinolones,3.6,165.0,European/2014/Acinetobacter/number-acinetobacter-isolates-and-percentage-resistant-fluoroquinolones-2012-2014.xlsx
United Kingdom,2014,Acinetobacter species,fluoroquinolones,11.382109999999999,123.0,European/2014/Acinetobacter/number-acinetobacter-isolates-and-percentage-resistant-fluoroquinolones-2012-2014.xlsx
United Kingdom,2015,Acinetobacter species,fluoroquinolones,7.2,139.0,"European/2015/Acinetobacter, Tables 3-21 to 3-25.xlsx [Table 3.21]"
Austria,2010,Enterococcus species,high-level aminoglycoside resistance,32.1,312.0,European/2013/Downloadables/Enterococci/number-e-faecalis-isolates-and-percentage-high-level-resistance-aminoglycosides-2010-2013.xlsx
Austria,2011,Enterococcus species,high-level aminoglycoside resistance,30.9,327.0,European/2014/Enterococci/number-e-faecalis-isolates-and-percentage-high-level-resistance-aminoglycosides-2011-2014.xlsx
Austria,2012,Enterococcus species,high-level aminoglycoside resistance,29.2,425.0,European/2014/Enterococci/number-e-faecalis-isolates-and-percentage-high-level-resistance-aminoglycosides-2011-2014.xlsx
Austria,2013,Enterococcus species,high-level aminoglycoside resistance,31.4,503.0,European/2014/Enterococci/number-e-faecalis-isolates-and-percentage-high-level-resistance-aminoglycosides-2011-2014.xlsx
Austria,2014,Enterococcus species,high-level aminoglycoside resistance,37.1,421.0,European/2014/Enterococci/number-e-faecalis-isolates-and-percentage-high-level-resistance-aminoglycosides-2011-2014.xlsx
Austria,2015,Enterococcus species,high-level aminoglycoside resistance,33.7,501.0,"European/2015/Enterococci, Tables 3-30 and 3-31.xlsx [Table 3.30]"
Belgium,2010,Enterococcus species,high-level aminoglycoside resistance,18.2,187.0,European/2013/Downloadables/Enterococci/number-e-faecalis-isolates-and-percentage-high-level-resistance-aminoglycosides-2010-2013.xlsx
Belgium,2011,Enterococcus species,high-level aminoglycoside resistance,18.2,335.0,European/2014/Enterococci/number-e-faecalis-isolates-and-percentage-high-level-resistance-aminoglycosides-2011-2014.xlsx
Belgium,2012,Enterococcus species,high-level aminoglycoside resistance,24.6,395.0,European/2014/Enterococci/number-e-faecalis-isolates-and-percentage-high-level-resistance-aminoglycosides-2011-2014.xlsx
Belgium,2013,Enterococcus species,high-level aminoglycoside resistance,27.6,398.0,European/2014/Enterococci/number-e-faecalis-isolates-and-percentage-high-level-resistance-aminoglycosides-2011-2014.xlsx
Belgium,2014,Enterococcus species,high-level aminoglycoside resistance,22.9,170.0,European/2014/Enterococci/number-e-faecalis-isolates-and-percentage-high-level-resistance-aminoglycosides-2011-2014.xlsx
Belgium,2015,Enterococcus species,high-level aminoglycoside resistance,13.3,249.0,"European/2015/Enterococci, Tables 3-30 and 3-31.xlsx [Table 3.30]"
Bulgaria,2010,Enterococcus species,high-level aminoglycoside resistance,40.8,76.0,European/2013/Downloadables/Enterococci/number-e-faecalis-isolates-and-percentage-high-level-resistance-aminoglycosides-2010-2013.xlsx
Bulgaria,2011,Enterococcus species,high-level aminoglycoside resistance,30.6,62.0,European/2014/Enterococci/number-e-faecalis-isolates-and-percentage-high-level-resistance-aminoglycosides-2011-2014.xlsx
Bulgaria,2012,Enterococcus species,high-level aminoglycoside resistance,38.5,78.0,European/2014/Enterococci/number-e-faecalis-isolates-and-percentage-high-level-resistance-aminoglycosides-2011-2014.xlsx
Bulgaria,2013,Enterococcus species,high-level aminoglycoside resistance,47.1,102.0,European/2014/Enterococci/number-e-faecalis-isolates-and-percentage-high-level-resistance-aminoglycosides-2011-2014.xlsx
Bulgaria,2014,Enterococcus species,high-level aminoglycoside resistance,40.0,105.0,European/2014/Enterococci/number-e-faecalis-isolates-and-percentage-high-level-resistance-aminoglycosides-2011-2014.xlsx
Bulgaria,2015,Enterococcus species,high-level aminoglycoside resistance,42.0,100.0,"European/2015/Enterococci, Tables 3-30 and 3-31.xlsx [Table 3.30]"
Croatia,2010,Enterococcus species,high-level aminoglycoside resistance,30.1,123.0,European/2013/Downloadables/Enterococci/number-e-faecalis-isolates-and-percentage-high-level-resistance-aminoglycosides-2010-2013.xlsx
Croatia,2011,Enterococcus species,high-level aminoglycoside resistance,34.5,139.0,European/2014/Enterococci/number-e-faecalis-isolates-and-percentage-high-level-resistance-aminoglycosides-2011-2014.xlsx
Croatia,2012,Enterococcus species,high-level aminoglycoside resistance,37.5,152.0,European/2014/Enterococci/number-e-faecalis-isolates-and-percentage-high-level-resistance-aminoglycosides-2011-2014.xlsx
Croatia,2013,Enterococcus species,high-level aminoglycoside resistance,34.7,167.0,European/2014/Enterococci/number-e-faecalis-isolates-and-percentage-high-level-resistance-aminoglycosides-2011-2014.xlsx
Croatia,2014,Enterococcus species,high-level aminoglycoside resistance,32.9,149.0,European/2014/Enterococci/number-e-faecalis-isolates-and-percentage-high-level-resistance-aminoglycosides-2011-2014.xlsx
Croatia,2015,Enterococcus species,high-level aminoglycoside resistance,35.5,203.0,"European/2015/Enterococci, Tables 3-30 and 3-31.xlsx [Table 3.30]"
Cyprus,2010,Enterococcus species,high-level aminoglycoside resistance,23.9,67.0,European/2013/Downloadables/Enterococci/number-e-faecalis-isolates-and-percentage-high-level-resistance-aminoglycosides-2010-2013.xlsx
Cyprus,2011,Enterococcus species,high-level aminoglycoside resistance,18.5,54.0,European/2014/Enterococci/number-e-faecalis-isolates-and-percentage-high-level-resistance-aminoglycosides-2011-2014.xlsx
Cyprus,2012,Enterococcus species,high-level aminoglycoside resistance,10.4,77.0,European/2014/Enterococci/number-e-faecalis-isolates-and-percentage-high-level-resistance-aminoglycosides-2011-2014.xlsx
Cyprus,2013,Enterococcus species,high-level aminoglycoside resistance,26.9,67.0,European/2014/Enterococci/number-e-faecalis-isolates-and-percentage-high-level-resistance-aminoglycosides-2011-2014.xlsx
Cyprus,2014,Enterococcus species,high-level aminoglycoside resistance,17.5,80.0,European/2014/Enterococci/number-e-faecalis-isolates-and-percentage-high-level-resistance-aminoglycosides-2011-2014.xlsx
Cyprus,2015,Enterococcus species,high-level aminoglycoside resistance,8.6,58.0,"European/2015/Enterococci, Tables 3-30 and 3-31.xlsx [Table 3.30]"
Czech Republic,2010,Enterococcus species,high-level aminoglycoside resistance,48.0,571.0,European/2013/Downloadables/Enterococci/number-e-faecalis-isolates-and-percentage-high-level-resistance-aminoglycosides-2010-2013.xlsx
Czech Republic,2011,Enterococcus species,high-level aminoglycoside resistance,46.2,556.0,European/2014/Enterococci/number-e-faecalis-isolates-and-percentage-high-level-resistance-aminoglycosides-2011-2014.xlsx
Czech Republic,2012,Enterococcus species,high-level aminoglycoside resistance,41.7,581.0,European/2014/Enterococci/number-e-faecalis-isolates-and-percentage-high-level-resistance-aminoglycosides-2011-2014.xlsx
Czech Republic,2013,Enterococcus species,high-level aminoglycoside resistance,40.0,603.0,European/2014/Enterococci/number-e-faecalis-isolates-and-percentage-high-level-resistance-aminoglycosides-2011-2014.xlsx
Czech Republic,2014,Enterococcus species,high-level aminoglycoside resistance,38.7,525.0,European/2014/Enterococci/number-e-faecalis-isolates-and-percentage-high-level-resistance-aminoglycosides-2011-2014.xlsx
Czech Republic,2015,Enterococcus species,high-level aminoglycoside resistance,38.8,544.0,"European/2015/Enterococci, Tables 3-30 and 3-31.xlsx [Table 3.30]"
Denmark,2010,Enterococcus species,high-level aminoglycoside resistance,36.4,44.0,European/2013/Downloadables/Enterococci/number-e-faecalis-isolates-and-percentage-high-level-resistance-aminoglycosides-2010-2013.xlsx
Denmark,2011,Enterococcus species,high-level aminoglycoside resistance,31.1,45.0,European/2014/Enterococci/number-e-faecalis-isolates-and-percentage-high-level-resistance-aminoglycosides-2011-2014.xlsx
Denmark,2012,Enterococcus species,high-level aminoglycoside resistance,27.7,112.0,European/2014/Enterococci/number-e-faecalis-isolates-and-percentage-high-level-resistance-aminoglycosides-2011-2014.xlsx
Denmark,2013,Enterococcus species,high-level aminoglycoside resistance,27.1,48.0,European/2014/Enterococci/number-e-faecalis-isolates-and-percentage-high-level-resistance-aminoglycosides-2011-2014.xlsx
Denmark,2014,Enterococcus species,high-level aminoglycoside resistance,30.0,60.0,European/2014/Enterococci/number-e-faecalis-isolates-and-percentage-high-level-resistance-aminoglycosides-2011-2014.xlsx
Denmark,2015,Enterococcus species,high-level aminoglycoside resistance,25.4,63.0,"European/2015/Enterococci, Tables 3-30 and 3-31.xlsx [Table 3.30]"
Estonia,2010,Enterococcus species,high-level aminoglycoside resistance,27.3,22.0,European/2013/Downloadables/Enterococci/number-e-faecalis-isolates-and-percentage-high-level-resistance-aminoglycosides-2010-2013.xlsx
Estonia,2012,Enterococcus species,high-level aminoglycoside resistance,42.1,19.0,European/2014/Enterococci/number-e-faecalis-isolates-and-percentage-high-level-resistance-aminoglycosides-2011-2014.xlsx
Estonia,2013,Enterococcus species,high-level aminoglycoside resistance,20.0,10.0,European/2014/Enterococci/number-e-faecalis-isolates-and-percentage-high-level-resistance-aminoglycosides-2011-2014.xlsx
Estonia,2014,Enterococcus species,high-level aminoglycoside resistance,36.8,19.0,European/2014/Enterococci/number-e-faecalis-isolates-and-percentage-high-level-resistance-aminoglycosides-2011-2014.xlsx
Estonia,2015,Enterococcus species,high-level aminoglycoside resistance,26.9,26.0,"European/2015/Enterococci, Tables 3-30 and 3-31.xlsx [Table 3.30]"
France,2010,Enterococcus species,high-level aminoglycoside resistance,17.7,1409.0,European/2013/Downloadables/Enterococci/number-e-faecalis-isolates-and-percentage-high-level-resistance-aminoglycosides-2010-2013.xlsx
France,2011,Enterococcus species,high-level aminoglycoside resistance,20.0,955.0,European/2014/Enterococci/number-e-faecalis-isolates-and-percentage-high-level-resistance-aminoglycosides-2011-2014.xlsx
France,2012,Enterococcus species,high-level aminoglycoside resistance,16.7,1528.0,European/2014/Enterococci/number-e-faecalis-isolates-and-percentage-high-level-resistance-aminoglycosides-2011-2014.xlsx
France,2013,Enterococcus species,high-level aminoglycoside resistance,14.7,1639.0,European/2014/Enterococci/number-e-faecalis-isolates-and-percentage-high-level-resistance-aminoglycosides-2011-2014.xlsx
France,2014,Enterococcus species,high-level aminoglycoside resistance,13.7,1741.0,European/2014/Enterococci/number-e-faecalis-isolates-and-percentage-high-level-resistance-aminoglycosides-2011-2014.xlsx
France,2015,Enterococcus species,high-level aminoglycoside resistance,12.2,1097.0,"European/2015/Enterococci, Tables 3-30 and 3-31.xlsx [Table 3.30]"
Germany,2010,Enterococcus species,high-level aminoglycoside resistance,46.8,457.0,European/2013/Downloadables/Enterococci/number-e-faecalis-isolates-and-percentage-high-level-resistance-aminoglycosides-2010-2013.xlsx
Germany,2011,Enterococcus species,high-level aminoglycoside resistance,41.0,578.0,European/2014/Enterococci/number-e-faecalis-isolates-and-percentage-high-level-resistance-aminoglycosides-2011-2014.xlsx
Germany,2012,Enterococcus species,high-level aminoglycoside resistance,35.6,680.0,European/2014/Enterococci/number-e-faecalis-isolates-and-percentage-high-level-resistance-aminoglycosides-2011-2014.xlsx
Germany,2013,Enterococcus species,high-level aminoglycoside resistance,39.3,807.0,European/2014/Enterococci/number-e-faecalis-isolates-and-percentage-high-level-resistance-aminoglycosides-2011-2014.xlsx
Germany,2014,Enterococcus species,high-level aminoglycoside resistance,33.6,903.0,European/2014/Enterococci/number-e-faecalis-isolates-and-percentage-high-level-resistance-aminoglycosides-2011-2014.xlsx
Germany,2015,Enterococcus species,high-level aminoglycoside resistance,31.1,1249.0,"European/2015/Enterococci, Tables 3-30 and 3-31.xlsx [Table 3.30]"
Greece,2010,Enterococcus species,high-level aminoglycoside resistance,42.6,620.0,European/2013/Downloadables/Enterococci/number-e-faecalis-isolates-and-percentage-high-level-resistance-aminoglycosides-2010-2013.xlsx
Greece,2011,Enterococcus species,high-level aminoglycoside resistance,37.4,653.0,European/2014/Enterococci/number-e-faecalis-isolates-and-percentage-high-level-resistance-aminoglycosides-2011-2014.xlsx
Greece,2012,Enterococcus species,high-level aminoglycoside resistance,28.3,667.0,European/2014/Enterococci/number-e-faecalis-isolates-and-percentage-high-level-resistance-aminoglycosides-2011-2014.xlsx
Greece,2013,Enterococcus species,high-level aminoglycoside resistance,23.5,548.0,European/2014/Enterococci/number-e-faecalis-isolates-and-percentage-high-level-resistance-aminoglycosides-2011-2014.xlsx
Greece,2014,Enterococcus species,high-level aminoglycoside resistance,20.1,407.0,European/2014/Enterococci/number-e-faecalis-isolates-and-percentage-high-level-resistance-aminoglycosides-2011-2014.xlsx
Greece,2015,Enterococcus species,high-level aminoglycoside resistance,13.3,460.0,"European/2015/Enterococci, Tables 3-30 and 3-31.xlsx [Table 3.30]"
Hungary,2010,Enterococcus species,high-level aminoglycoside resistance,51.0,486.0,European/2013/Downloadables/Enterococci/number-e-faecalis-isolates-and-percentage-high-level-resistance-aminoglycosides-2010-2013.xlsx
Hungary,2011,Enterococcus species,high-level aminoglycoside resistance,48.6,461.0,European/2014/Enterococci/number-e-faecalis-isolates-and-percentage-high-level-resistance-aminoglycosides-2011-2014.xlsx
Hungary,2012,Enterococcus species,high-level aminoglycoside resistance,56.2,452.0,European/2014/Enterococci/number-e-faecalis-isolates-and-percentage-high-level-resistance-aminoglycosides-2011-2014.xlsx
Hungary,2013,Enterococcus species,high-level aminoglycoside resistance,51.7,602.0,European/2014/Enterococci/number-e-faecalis-isolates-and-percentage-high-level-resistance-aminoglycosides-2011-2014.xlsx
Hungary,2014,Enterococcus species,high-level aminoglycoside resistance,49.8,659.0,European/2014/Enterococci/number-e-faecalis-isolates-and-percentage-high-level-resistance-aminoglycosides-2011-2014.xlsx
Hungary,2015,Enterococcus species,high-level aminoglycoside resistance,45.5,730.0,"European/2015/Enterococci, Tables 3-30 and 3-31.xlsx [Table 3.30]"
Iceland,2010,Enterococcus species,high-level aminoglycoside resistance,13.3,15.0,European/2013/Downloadables/Enterococci/number-e-faecalis-isolates-and-percentage-high-level-resistance-aminoglycosides-2010-2013.xlsx
Iceland,2011,Enterococcus species,high-level aminoglycoside resistance,0.0,19.0,European/2014/Enterococci/number-e-faecalis-isolates-and-percentage-high-level-resistance-aminoglycosides-2011-2014.xlsx
Iceland,2012,Enterococcus species,high-level aminoglycoside resistance,11.8,17.0,European/2014/Enterococci/number-e-faecalis-isolates-and-percentage-high-level-resistance-aminoglycosides-2011-2014.xlsx
Iceland,2013,Enterococcus species,high-level aminoglycoside resistance,33.3,15.0,European/2014/Enterococci/number-e-faecalis-isolates-and-percentage-high-level-resistance-aminoglycosides-2011-2014.xlsx
Iceland,2014,Enterococcus species,high-level aminoglycoside resistance,8.3,12.0,European/2014/Enterococci/number-e-faecalis-isolates-and-percentage-high-level-resistance-aminoglycosides-2011-2014.xlsx
Iceland,2015,Enterococcus species,high-level aminoglycoside resistance,14.3,21.0,"European/2015/Enterococci, Tables 3-30 and 3-31.xlsx [Table 3.30]"
Ireland,2010,Enterococcus species,high-level aminoglycoside resistance,28.7,268.0,European/2013/Downloadables/Enterococci/number-e-faecalis-isolates-and-percentage-high-level-resistance-aminoglycosides-2010-2013.xlsx
Ireland,2011,Enterococcus species,high-level aminoglycoside resistance,29.9,244.0,European/2014/Enterococci/number-e-faecalis-isolates-and-percentage-high-level-resistance-aminoglycosides-2011-2014.xlsx
Ireland,2012,Enterococcus species,high-level aminoglycoside resistance,32.6,279.0,European/2014/Enterococci/number-e-faecalis-isolates-and-percentage-high-level-resistance-aminoglycosides-2011-2014.xlsx
Ireland,2013,Enterococcus species,high-level aminoglycoside resistance,32.1,277.0,European/2014/Enterococci/number-e-faecalis-isolates-and-percentage-high-level-resistance-aminoglycosides-2011-2014.xlsx
Ireland,2014,Enterococcus species,high-level aminoglycoside resistance,31.4,290.0,European/2014/Enterococci/number-e-faecalis-isolates-and-percentage-high-level-resistance-aminoglycosides-2011-2014.xlsx
Ireland,2015,Enterococcus species,high-level aminoglycoside resistance,28.0,261.0,"European/2015/Enterococci, Tables 3-30 and 3-31.xlsx [Table 3.30]"
Italy,2010,Enterococcus species,high-level aminoglycoside resistance,49.7,380.0,European/2013/Downloadables/Enterococci/number-e-faecalis-isolates-and-percentage-high-level-resistance-aminoglycosides-2010-2013.xlsx
Italy,2011,Enterococcus species,high-level aminoglycoside resistance,50.0,330.0,European/2014/Enterococci/number-e-faecalis-isolates-and-percentage-high-level-resistance-aminoglycosides-2011-2014.xlsx
Italy,2012,Enterococcus species,high-level aminoglycoside resistance,50.8,301.0,European/2014/Enterococci/number-e-faecalis-isolates-and-percentage-high-level-resistance-aminoglycosides-2011-2014.xlsx
Italy,2013,Enterococcus species,high-level aminoglycoside resistance,46.2,584.0,European/2014/Enterococci/number-e-faecalis-isolates-and-percentage-high-level-resistance-aminoglycosides-2011-2014.xlsx
Italy,2014,Enterococcus species,high-level aminoglycoside resistance,55.3,515.0,European/2014/Enterococci/number-e-faecalis-isolates-and-percentage-high-level-resistance-aminoglycosides-2011-2014.xlsx
Italy,2015,Enterococcus species,high-level aminoglycoside resistance,47.8,1249.0,"European/2015/Enterococci, Tables 3-30 and 3-31.xlsx [Table 3.30]"
Latvia,2010,Enterococcus species,high-level aminoglycoside resistance,47.4,38.0,European/2013/Downloadables/Enterococci/number-e-faecalis-isolates-and-percentage-high-level-resistance-aminoglycosides-2010-2013.xlsx
Latvia,2011,Enterococcus species,high-level aminoglycoside resistance,26.5,34.0,European/2014/Enterococci/number-e-faecalis-isolates-and-percentage-high-level-resistance-aminoglycosides-2011-2014.xlsx
Latvia,2012,Enterococcus species,high-level aminoglycoside resistance,29.1,55.0,European/2014/Enterococci/number-e-faecalis-isolates-and-percentage-high-level-resistance-aminoglycosides-2011-2014.xlsx
Latvia,2013,Enterococcus species,high-level aminoglycoside resistance,61.1,54.0,European/2014/Enterococci/number-e-faecalis-isolates-and-percentage-high-level-resistance-aminoglycosides-2011-2014.xlsx
Latvia,2014,Enterococcus species,high-level aminoglycoside resistance,46.2,13.0,European/2014/Enterococci/number-e-faecalis-isolates-and-percentage-high-level-resistance-aminoglycosides-2011-2014.xlsx
Latvia,2015,Enterococcus species,high-level aminoglycoside resistance,36.2,58.0,"European/2015/Enterococci, Tables 3-30 and 3-31.xlsx [Table 3.30]"
Lithuania,2010,Enterococcus species,high-level aminoglycoside resistance,41.4,29.0,European/2013/Downloadables/Enterococci/number-e-faecalis-isolates-and-percentage-high-level-resistance-aminoglycosides-2010-2013.xlsx
Lithuania,2011,Enterococcus species,high-level aminoglycoside resistance,43.8,48.0,European/2014/Enterococci/number-e-faecalis-isolates-and-percentage-high-level-resistance-aminoglycosides-2011-2014.xlsx
Lithuania,2012,Enterococcus species,high-level aminoglycoside resistance,50.8,59.0,European/2014/Enterococci/number-e-faecalis-isolates-and-percentage-high-level-resistance-aminoglycosides-2011-2014.xlsx
Lithuania,2013,Enterococcus species,high-level aminoglycoside resistance,54.5,44.0,European/2014/Enterococci/number-e-faecalis-isolates-and-percentage-high-level-resistance-aminoglycosides-2011-2014.xlsx
Lithuania,2014,Enterococcus species,high-level aminoglycoside resistance,29.2,65.0,European/2014/Enterococci/number-e-faecalis-isolates-and-percentage-high-level-resistance-aminoglycosides-2011-2014.xlsx
Lithuania,2015,Enterococcus species,high-level aminoglycoside resistance,44.4,63.0,"European/2015/Enterococci, Tables 3-30 and 3-31.xlsx [Table 3.30]"
Luxembourg,2010,Enterococcus species,high-level aminoglycoside resistance,45.7,35.0,European/2013/Downloadables/Enterococci/number-e-faecalis-isolates-and-percentage-high-level-resistance-aminoglycosides-2010-2013.xlsx
Luxembourg,2011,Enterococcus species,high-level aminoglycoside resistance,44.4,27.0,European/2014/Enterococci/number-e-faecalis-isolates-and-percentage-high-level-resistance-aminoglycosides-2011-2014.xlsx
Luxembourg,2012,Enterococcus species,high-level aminoglycoside resistance,22.2,45.0,European/2014/Enterococci/number-e-faecalis-isolates-and-percentage-high-level-resistance-aminoglycosides-2011-2014.xlsx
Luxembourg,2013,Enterococcus species,high-level aminoglycoside resistance,27.8,36.0,European/2014/Enterococci/number-e-faecalis-isolates-and-percentage-high-level-resistance-aminoglycosides-2011-2014.xlsx
Luxembourg,2014,Enterococcus species,high-level aminoglycoside resistance,30.8,39.0,European/2014/Enterococci/number-e-faecalis-isolates-and-percentage-high-level-resistance-aminoglycosides-2011-2014.xlsx
Luxembourg,2015,Enterococcus species,high-level aminoglycoside resistance,14.3,56.0,"European/2015/Enterococci, Tables 3-30 and 3-31.xlsx [Table 3.30]"
Malta,2012,Enterococcus species,high-level aminoglycoside resistance,40.0,25.0,"European/2015/Enterococci, Tables 3-30 and 3-31.xlsx [Table 3.30]"
Malta,2013,Enterococcus species,high-level aminoglycoside resistance,29.0,31.0,"European/2015/Enterococci, Tables 3-30 and 3-31.xlsx [Table 3.30]"
Malta,2014,Enterococcus species,high-level aminoglycoside resistance,25.0,28.0,"European/2015/Enterococci, Tables 3-30 and 3-31.xlsx [Table 3.30]"
Malta,2015,Enterococcus species,high-level aminoglycoside resistance,27.6,29.0,"European/2015/Enterococci, Tables 3-30 and 3-31.xlsx [Table 3.30]"
Netherlands,2010,Enterococcus species,high-level aminoglycoside resistance,33.6,298.0,European/2013/Downloadables/Enterococci/number-e-faecalis-isolates-and-percentage-high-level-resistance-aminoglycosides-2010-2013.xlsx
Netherlands,2011,Enterococcus species,high-level aminoglycoside resistance,33.3,363.0,European/2014/Enterococci/number-e-faecalis-isolates-and-percentage-high-level-resistance-aminoglycosides-2011-2014.xlsx
Netherlands,2012,Enterococcus species,high-level aminoglycoside resistance,30.7,287.0,European/2014/Enterococci/number-e-faecalis-isolates-and-percentage-high-level-resistance-aminoglycosides-2011-2014.xlsx
Netherlands,2013,Enterococcus species,high-level aminoglycoside resistance,26.9,279.0,European/2014/Enterococci/number-e-faecalis-isolates-and-percentage-high-level-resistance-aminoglycosides-2011-2014.xlsx
Netherlands,2014,Enterococcus species,high-level aminoglycoside resistance,28.8,403.0,European/2014/Enterococci/number-e-faecalis-isolates-and-percentage-high-level-resistance-aminoglycosides-2011-2014.xlsx
Netherlands,2015,Enterococcus species,high-level aminoglycoside resistance,23.0,343.0,"European/2015/Enterococci, Tables 3-30 and 3-31.xlsx [Table 3.30]"
Norway,2010,Enterococcus species,high-level aminoglycoside resistance,33.9,218.0,European/2013/Downloadables/Enterococci/number-e-faecalis-isolates-and-percentage-high-level-resistance-aminoglycosides-2010-2013.xlsx
Norway,2011,Enterococcus species,high-level aminoglycoside resistance,21.7,115.0,European/2014/Enterococci/number-e-faecalis-isolates-and-percentage-high-level-resistance-aminoglycosides-2011-2014.xlsx
Norway,2012,Enterococcus species,high-level aminoglycoside resistance,30.1,123.0,European/2014/Enterococci/number-e-faecalis-isolates-and-percentage-high-level-resistance-aminoglycosides-2011-2014.xlsx
Norway,2013,Enterococcus species,high-level aminoglycoside resistance,26.8,168.0,European/2014/Enterococci/number-e-faecalis-isolates-and-percentage-high-level-resistance-aminoglycosides-2011-2014.xlsx
Norway,2014,Enterococcus species,high-level aminoglycoside resistance,20.7,270.0,European/2014/Enterococci/number-e-faecalis-isolates-and-percentage-high-level-resistance-aminoglycosides-2011-2014.xlsx
Norway,2015,Enterococcus species,high-level aminoglycoside resistance,9.8,163.0,"European/2015/Enterococci, Tables 3-30 and 3-31.xlsx [Table 3.30]"
Poland,2010,Enterococcus species,high-level aminoglycoside resistance,36.1,158.0,European/2013/Downloadables/Enterococci/number-e-faecalis-isolates-and-percentage-high-level-resistance-aminoglycosides-2010-2013.xlsx
Poland,2011,Enterococcus species,high-level aminoglycoside resistance,48.4,190.0,European/2014/Enterococci/number-e-faecalis-isolates-and-percentage-high-level-resistance-aminoglycosides-2011-2014.xlsx
Poland,2012,Enterococcus species,high-level aminoglycoside resistance,45.9,122.0,European/2014/Enterococci/number-e-faecalis-isolates-and-percentage-high-level-resistance-aminoglycosides-2011-2014.xlsx
Poland,2013,Enterococcus species,high-level aminoglycoside resistance,45.1,184.0,European/2014/Enterococci/number-e-faecalis-isolates-and-percentage-high-level-resistance-aminoglycosides-2011-2014.xlsx
Poland,2014,Enterococcus species,high-level aminoglycoside resistance,43.9,148.0,"European/2015/Enterococci, Tables 3-30 and 3-31.xlsx [Table 3.30]"
Poland,2015,Enterococcus species,high-level aminoglycoside resistance,46.4,388.0,"European/2015/Enterococci, Tables 3-30 and 3-31.xlsx [Table 3.30]"
Portugal,2010,Enterococcus species,high-level aminoglycoside resistance,39.1,379.0,European/2013/Downloadables/Enterococci/number-e-faecalis-isolates-and-percentage-high-level-resistance-aminoglycosides-2010-2013.xlsx
Portugal,2011,Enterococcus species,high-level aminoglycoside resistance,29.8,403.0,European/2014/Enterococci/number-e-faecalis-isolates-and-percentage-high-level-resistance-aminoglycosides-2011-2014.xlsx
Portugal,2012,Enterococcus species,high-level aminoglycoside resistance,42.9,347.0,European/2014/Enterococci/number-e-faecalis-isolates-and-percentage-high-level-resistance-aminoglycosides-2011-2014.xlsx
Portugal,2013,Enterococcus species,high-level aminoglycoside resistance,37.2,545.0,European/2014/Enterococci/number-e-faecalis-isolates-and-percentage-high-level-resistance-aminoglycosides-2011-2014.xlsx
Portugal,2014,Enterococcus species,high-level aminoglycoside resistance,32.6,607.0,European/2014/Enterococci/number-e-faecalis-isolates-and-percentage-high-level-resistance-aminoglycosides-2011-2014.xlsx
Portugal,2015,Enterococcus species,high-level aminoglycoside resistance,33.3,872.0,"European/2015/Enterococci, Tables 3-30 and 3-31.xlsx [Table 3.30]"
Romania,2012,Enterococcus species,high-level aminoglycoside resistance,56.9,51.0,European/2014/Enterococci/number-e-faecalis-isolates-and-percentage-high-level-resistance-aminoglycosides-2011-2014.xlsx
Romania,2013,Enterococcus species,high-level aminoglycoside resistance,58.8,80.0,European/2014/Enterococci/number-e-faecalis-isolates-and-percentage-high-level-resistance-aminoglycosides-2011-2014.xlsx
Romania,2014,Enterococcus species,high-level aminoglycoside resistance,76.5,34.0,European/2014/Enterococci/number-e-faecalis-isolates-and-percentage-high-level-resistance-aminoglycosides-2011-2014.xlsx
Slovak Republic,2012,Enterococcus species,high-level aminoglycoside resistance,50.3,179.0,"European/2015/Enterococci, Tables 3-30 and 3-31.xlsx [Table 3.30]"
Slovak Republic,2013,Enterococcus species,high-level aminoglycoside resistance,57.4,209.0,"European/2015/Enterococci, Tables 3-30 and 3-31.xlsx [Table 3.30]"
Slovak Republic,2014,Enterococcus species,high-level aminoglycoside resistance,41.0,261.0,"European/2015/Enterococci, Tables 3-30 and 3-31.xlsx [Table 3.30]"
Slovak Republic,2015,Enterococcus species,high-level aminoglycoside resistance,49.1,234.0,"European/2015/Enterococci, Tables 3-30 and 3-31.xlsx [Table 3.30]"
Slovakia,2011,Enterococcus species,high-level aminoglycoside resistance,49.7,189.0,European/2014/Enterococci/number-e-faecalis-isolates-and-percentage-high-level-resistance-aminoglycosides-2011-2014.xlsx
Slovakia,2012,Enterococcus species,high-level aminoglycoside resistance,50.3,179.0,European/2014/Enterococci/number-e-faecalis-isolates-and-percentage-high-level-resistance-aminoglycosides-2011-2014.xlsx
Slovakia,2013,Enterococcus species,high-level aminoglycoside resistance,57.4,209.0,European/2014/Enterococci/number-e-faecalis-isolates-and-percentage-high-level-resistance-aminoglycosides-2011-2014.xlsx
Slovakia,2014,Enterococcus species,high-level aminoglycoside resistance,41.0,261.0,European/2014/Enterococci/number-e-faecalis-isolates-and-percentage-high-level-resistance-aminoglycosides-2011-2014.xlsx
Slovenia,2010,Enterococcus species,high-level aminoglycoside resistance,43.1,137.0,European/2013/Downloadables/Enterococci/number-e-faecalis-isolates-and-percentage-high-level-resistance-aminoglycosides-2010-2013.xlsx
Slovenia,2011,Enterococcus species,high-level aminoglycoside resistance,36.0,125.0,European/2014/Enterococci/number-e-faecalis-isolates-and-percentage-high-level-resistance-aminoglycosides-2011-2014.xlsx
Slovenia,2012,Enterococcus species,high-level aminoglycoside resistance,34.9,129.0,European/2014/Enterococci/number-e-faecalis-isolates-and-percentage-high-level-resistance-aminoglycosides-2011-2014.xlsx
Slovenia,2013,Enterococcus species,high-level aminoglycoside resistance,32.2,146.0,European/2014/Enterococci/number-e-faecalis-isolates-and-percentage-high-level-resistance-aminoglycosides-2011-2014.xlsx
Slovenia,2014,Enterococcus species,high-level aminoglycoside resistance,36.1,119.0,European/2014/Enterococci/number-e-faecalis-isolates-and-percentage-high-level-resistance-aminoglycosides-2011-2014.xlsx
Slovenia,2015,Enterococcus species,high-level aminoglycoside resistance,32.3,133.0,"European/2015/Enterococci, Tables 3-30 and 3-31.xlsx [Table 3.30]"
Spain,2010,Enterococcus species,high-level aminoglycoside resistance,40.8,959.0,European/2013/Downloadables/Enterococci/number-e-faecalis-isolates-and-percentage-high-level-resistance-aminoglycosides-2010-2013.xlsx
Spain,2011,Enterococcus species,high-level aminoglycoside resistance,39.3,917.0,European/2014/Enterococci/number-e-faecalis-isolates-and-percentage-high-level-resistance-aminoglycosides-2011-2014.xlsx
Spain,2012,Enterococcus species,high-level aminoglycoside resistance,38.3,878.0,European/2014/Enterococci/number-e-faecalis-isolates-and-percentage-high-level-resistance-aminoglycosides-2011-2014.xlsx
Spain,2013,Enterococcus species,high-level aminoglycoside resistance,42.6,899.0,European/2014/Enterococci/number-e-faecalis-isolates-and-percentage-high-level-resistance-aminoglycosides-2011-2014.xlsx
Spain,2014,Enterococcus species,high-level aminoglycoside resistance,38.9,970.0,European/2014/Enterococci/number-e-faecalis-isolates-and-percentage-high-level-resistance-aminoglycosides-2011-2014.xlsx
Spain,2015,Enterococcus species,high-level aminoglycoside resistance,40.0,936.0,"European/2015/Enterococci, Tables 3-30 and 3-31.xlsx [Table 3.30]"
Sweden,2010,Enterococcus species,high-level aminoglycoside resistance,15.2,533.0,European/2013/Downloadables/Enterococci/number-e-faecalis-isolates-and-percentage-high-level-resistance-aminoglycosides-2010-2013.xlsx
Sweden,2011,Enterococcus species,high-level aminoglycoside resistance,19.3,890.0,European/2014/Enterococci/number-e-faecalis-isolates-and-percentage-high-level-resistance-aminoglycosides-2011-2014.xlsx
Sweden,2012,Enterococcus species,high-level aminoglycoside resistance,14.8,792.0,European/2014/Enterococci/number-e-faecalis-isolates-and-percentage-high-level-resistance-aminoglycosides-2011-2014.xlsx
Sweden,2013,Enterococcus species,high-level aminoglycoside resistance,16.4,605.0,European/2014/Enterococci/number-e-faecalis-isolates-and-percentage-high-level-resistance-aminoglycosides-2011-2014.xlsx
Sweden,2014,Enterococcus species,high-level aminoglycoside resistance,15.8,723.0,European/2014/Enterococci/number-e-faecalis-isolates-and-percentage-high-level-resistance-aminoglycosides-2011-2014.xlsx
Sweden,2015,Enterococcus species,high-level aminoglycoside resistance,12.6,579.0,"European/2015/Enterococci, Tables 3-30 and 3-31.xlsx [Table 3.30]"
United Kingdom,2010,Enterococcus species,high-level aminoglycoside resistance,39.3,61.0,European/2013/Downloadables/Enterococci/number-e-faecalis-isolates-and-percentage-high-level-resistance-aminoglycosides-2010-2013.xlsx
United Kingdom,2011,Enterococcus species,high-level aminoglycoside resistance,16.0,75.0,European/2014/Enterococci/number-e-faecalis-isolates-and-percentage-high-level-resistance-aminoglycosides-2011-2014.xlsx
United Kingdom,2012,Enterococcus species,high-level aminoglycoside resistance,29.6,135.0,European/2014/Enterococci/number-e-faecalis-isolates-and-percentage-high-level-resistance-aminoglycosides-2011-2014.xlsx
United Kingdom,2013,Enterococcus species,high-level aminoglycoside resistance,30.9,136.0,European/2014/Enterococci/number-e-faecalis-isolates-and-percentage-high-level-resistance-aminoglycosides-2011-2014.xlsx
Austria,2010,Enterococcus species,vancomycin,4.0,354.0,European/2013/Downloadables/Enterococci/number-e-faecium-isolates-and-percentage-resistant-vancomycin-2010-2013.xlsx
Austria,2011,Enterococcus species,vancomycin,4.5,354.0,European/2014/Enterococci/number-e-faecium-isolates-and-percentage-resistant-vancomycin-2011-2014.xlsx
Austria,2012,Enterococcus species,vancomycin,3.2,376.0,European/2014/Enterococci/number-e-faecium-isolates-and-percentage-resistant-vancomycin-2011-2014.xlsx
Austria,2013,Enterococcus species,vancomycin,5.9,437.0,European/2014/Enterococci/number-e-faecium-isolates-and-percentage-resistant-vancomycin-2011-2014.xlsx
Austria,2014,Enterococcus species,vancomycin,4.4,480.0,European/2014/Enterococci/number-e-faecium-isolates-and-percentage-resistant-vancomycin-2011-2014.xlsx
Austria,2015,Enterococcus species,vancomycin,3.1,483.0,"European/2015/Enterococci, Tables 3-30 and 3-31.xlsx [Table 3.31]"
Belgium,2010,Enterococcus species,vancomycin,2.5,79.0,European/2013/Downloadables/Enterococci/number-e-faecium-isolates-and-percentage-resistant-vancomycin-2010-2013.xlsx
Belgium,2011,Enterococcus species,vancomycin,7.0,215.0,European/2014/Enterococci/number-e-faecium-isolates-and-percentage-resistant-vancomycin-2011-2014.xlsx
Belgium,2012,Enterococcus species,vancomycin,1.4,212.0,European/2014/Enterococci/number-e-faecium-isolates-and-percentage-resistant-vancomycin-2011-2014.xlsx
Belgium,2013,Enterococcus species,vancomycin,1.7,235.0,European/2014/Enterococci/number-e-faecium-isolates-and-percentage-resistant-vancomycin-2011-2014.xlsx
Belgium,2014,Enterococcus species,vancomycin,3.1,195.0,European/2014/Enterococci/number-e-faecium-isolates-and-percentage-resistant-vancomycin-2011-2014.xlsx
Belgium,2015,Enterococcus species,vancomycin,0.6,163.0,"European/2015/Enterococci, Tables 3-30 and 3-31.xlsx [Table 3.31]"
Bulgaria,2010,Enterococcus species,vancomycin,0.0,23.0,European/2013/Downloadables/Enterococci/number-e-faecium-isolates-and-percentage-resistant-vancomycin-2010-2013.xlsx
Bulgaria,2011,Enterococcus species,vancomycin,0.0,39.0,European/2014/Enterococci/number-e-faecium-isolates-and-percentage-resistant-vancomycin-2011-2014.xlsx
Bulgaria,2012,Enterococcus species,vancomycin,0.0,42.0,European/2014/Enterococci/number-e-faecium-isolates-and-percentage-resistant-vancomycin-2011-2014.xlsx
Bulgaria,2013,Enterococcus species,vancomycin,2.3,44.0,European/2014/Enterococci/number-e-faecium-isolates-and-percentage-resistant-vancomycin-2011-2014.xlsx
Bulgaria,2014,Enterococcus species,vancomycin,13.3,60.0,European/2014/Enterococci/number-e-faecium-isolates-and-percentage-resistant-vancomycin-2011-2014.xlsx
Bulgaria,2015,Enterococcus species,vancomycin,14.6,41.0,"European/2015/Enterococci, Tables 3-30 and 3-31.xlsx [Table 3.31]"
Croatia,2010,Enterococcus species,vancomycin,10.2,49.0,European/2013/Downloadables/Enterococci/number-e-faecium-isolates-and-percentage-resistant-vancomycin-2010-2013.xlsx
Croatia,2011,Enterococcus species,vancomycin,1.8,57.0,European/2014/Enterococci/number-e-faecium-isolates-and-percentage-resistant-vancomycin-2011-2014.xlsx
Croatia,2012,Enterococcus species,vancomycin,0.0,60.0,European/2014/Enterococci/number-e-faecium-isolates-and-percentage-resistant-vancomycin-2011-2014.xlsx
Croatia,2013,Enterococcus species,vancomycin,6.8,74.0,European/2014/Enterococci/number-e-faecium-isolates-and-percentage-resistant-vancomycin-2011-2014.xlsx
Croatia,2014,Enterococcus species,vancomycin,10.4,67.0,European/2014/Enterococci/number-e-faecium-isolates-and-percentage-resistant-vancomycin-2011-2014.xlsx
Croatia,2015,Enterococcus species,vancomycin,25.8,93.0,"European/2015/Enterococci, Tables 3-30 and 3-31.xlsx [Table 3.31]"
Cyprus,2010,Enterococcus species,vancomycin,0.0,23.0,European/2013/Downloadables/Enterococci/number-e-faecium-isolates-and-percentage-resistant-vancomycin-2010-2013.xlsx
Cyprus,2011,Enterococcus species,vancomycin,0.0,17.0,European/2014/Enterococci/number-e-faecium-isolates-and-percentage-resistant-vancomycin-2011-2014.xlsx
Cyprus,2012,Enterococcus species,vancomycin,10.3,29.0,European/2014/Enterococci/number-e-faecium-isolates-and-percentage-resistant-vancomycin-2011-2014.xlsx
Cyprus,2013,Enterococcus species,vancomycin,23.3,30.0,European/2014/Enterococci/number-e-faecium-isolates-and-percentage-resistant-vancomycin-2011-2014.xlsx
Cyprus,2014,Enterococcus species,vancomycin,40.0,35.0,European/2014/Enterococci/number-e-faecium-isolates-and-percentage-resistant-vancomycin-2011-2014.xlsx
Cyprus,2015,Enterococcus species,vancomycin,28.6,28.0,"European/2015/Enterococci, Tables 3-30 and 3-31.xlsx [Table 3.31]"
Czech Republic,2010,Enterococcus species,vancomycin,4.8,188.0,European/2013/Downloadables/Enterococci/number-e-faecium-isolates-and-percentage-resistant-vancomycin-2010-2013.xlsx
Czech Republic,2011,Enterococcus species,vancomycin,7.6,211.0,European/2014/Enterococci/number-e-faecium-isolates-and-percentage-resistant-vancomycin-2011-2014.xlsx
Czech Republic,2012,Enterococcus species,vancomycin,11.5,262.0,European/2014/Enterococci/number-e-faecium-isolates-and-percentage-resistant-vancomycin-2011-2014.xlsx
Czech Republic,2013,Enterococcus species,vancomycin,9.0,268.0,European/2014/Enterococci/number-e-faecium-isolates-and-percentage-resistant-vancomycin-2011-2014.xlsx
Czech Republic,2014,Enterococcus species,vancomycin,4.4,250.0,European/2014/Enterococci/number-e-faecium-isolates-and-percentage-resistant-vancomycin-2011-2014.xlsx
Czech Republic,2015,Enterococcus species,vancomycin,9.6,322.0,"European/2015/Enterococci, Tables 3-30 and 3-31.xlsx [Table 3.31]"
Denmark,2010,Enterococcus species,vancomycin,1.8,501.0,European/2013/Downloadables/Enterococci/number-e-faecium-isolates-and-percentage-resistant-vancomycin-2010-2013.xlsx
Denmark,2011,Enterococcus species,vancomycin,1.3,615.0,European/2014/Enterococci/number-e-faecium-isolates-and-percentage-resistant-vancomycin-2011-2014.xlsx
Denmark,2012,Enterococcus species,vancomycin,2.0,593.0,European/2014/Enterococci/number-e-faecium-isolates-and-percentage-resistant-vancomycin-2011-2014.xlsx
Denmark,2013,Enterococcus species,vancomycin,3.4,644.0,European/2014/Enterococci/number-e-faecium-isolates-and-percentage-resistant-vancomycin-2011-2014.xlsx
Denmark,2014,Enterococcus species,vancomycin,4.5,715.0,European/2014/Enterococci/number-e-faecium-isolates-and-percentage-resistant-vancomycin-2011-2014.xlsx
Denmark,2015,Enterococcus species,vancomycin,3.2,690.0,"European/2015/Enterococci, Tables 3-30 and 3-31.xlsx [Table 3.31]"
Estonia,2010,Enterococcus species,vancomycin,0.0,23.0,European/2013/Downloadables/Enterococci/number-e-faecium-isolates-and-percentage-resistant-vancomycin-2010-2013.xlsx
Estonia,2012,Enterococcus species,vancomycin,0.0,40.0,European/2014/Enterococci/number-e-faecium-isolates-and-percentage-resistant-vancomycin-2011-2014.xlsx
Estonia,2013,Enterococcus species,vancomycin,0.0,40.0,European/2014/Enterococci/number-e-faecium-isolates-and-percentage-resistant-vancomycin-2011-2014.xlsx
Estonia,2014,Enterococcus species,vancomycin,0.0,48.0,European/2014/Enterococci/number-e-faecium-isolates-and-percentage-resistant-vancomycin-2011-2014.xlsx
Estonia,2015,Enterococcus species,vancomycin,0.0,27.0,"European/2015/Enterococci, Tables 3-30 and 3-31.xlsx [Table 3.31]"
Finland,2010,Enterococcus species,vancomycin,0.0,239.0,European/2013/Downloadables/Enterococci/number-e-faecium-isolates-and-percentage-resistant-vancomycin-2010-2013.xlsx
Finland,2011,Enterococcus species,vancomycin,0.9,212.0,European/2014/Enterococci/number-e-faecium-isolates-and-percentage-resistant-vancomycin-2011-2014.xlsx
Finland,2012,Enterococcus species,vancomycin,0.7,274.0,European/2014/Enterococci/number-e-faecium-isolates-and-percentage-resistant-vancomycin-2011-2014.xlsx
Finland,2013,Enterococcus species,vancomycin,0.3,302.0,European/2014/Enterococci/number-e-faecium-isolates-and-percentage-resistant-vancomycin-2011-2014.xlsx
Finland,2014,Enterococcus species,vancomycin,0.0,368.0,European/2014/Enterococci/number-e-faecium-isolates-and-percentage-resistant-vancomycin-2011-2014.xlsx
Finland,2015,Enterococcus species,vancomycin,0.3,298.0,"European/2015/Enterococci, Tables 3-30 and 3-31.xlsx [Table 3.31]"
France,2010,Enterococcus species,vancomycin,1.1,540.0,European/2013/Downloadables/Enterococci/number-e-faecium-isolates-and-percentage-resistant-vancomycin-2010-2013.xlsx
France,2011,Enterococcus species,vancomycin,1.4,569.0,European/2014/Enterococci/number-e-faecium-isolates-and-percentage-resistant-vancomycin-2011-2014.xlsx
France,2012,Enterococcus species,vancomycin,0.8,614.0,European/2014/Enterococci/number-e-faecium-isolates-and-percentage-resistant-vancomycin-2011-2014.xlsx
France,2013,Enterococcus species,vancomycin,0.1,733.0,European/2014/Enterococci/number-e-faecium-isolates-and-percentage-resistant-vancomycin-2011-2014.xlsx
France,2014,Enterococcus species,vancomycin,0.5,737.0,European/2014/Enterococci/number-e-faecium-isolates-and-percentage-resistant-vancomycin-2011-2014.xlsx
France,2015,Enterococcus species,vancomycin,0.8,849.0,"European/2015/Enterococci, Tables 3-30 and 3-31.xlsx [Table 3.31]"
Germany,2010,Enterococcus species,vancomycin,8.5,437.0,European/2013/Downloadables/Enterococci/number-e-faecium-isolates-and-percentage-resistant-vancomycin-2010-2013.xlsx
Germany,2011,Enterococcus species,vancomycin,11.4,535.0,European/2014/Enterococci/number-e-faecium-isolates-and-percentage-resistant-vancomycin-2011-2014.xlsx
Germany,2012,Enterococcus species,vancomycin,16.2,647.0,European/2014/Enterococci/number-e-faecium-isolates-and-percentage-resistant-vancomycin-2011-2014.xlsx
Germany,2013,Enterococcus species,vancomycin,14.5,826.0,European/2014/Enterococci/number-e-faecium-isolates-and-percentage-resistant-vancomycin-2011-2014.xlsx
Germany,2014,Enterococcus species,vancomycin,9.1,882.0,European/2014/Enterococci/number-e-faecium-isolates-and-percentage-resistant-vancomycin-2011-2014.xlsx
Germany,2015,Enterococcus species,vancomycin,10.2,1312.0,"European/2015/Enterococci, Tables 3-30 and 3-31.xlsx [Table 3.31]"
Greece,2010,Enterococcus species,vancomycin,22.5,435.0,European/2013/Downloadables/Enterococci/number-e-faecium-isolates-and-percentage-resistant-vancomycin-2010-2013.xlsx
Greece,2011,Enterococcus species,vancomycin,23.1,424.0,European/2014/Enterococci/number-e-faecium-isolates-and-percentage-resistant-vancomycin-2011-2014.xlsx
Greece,2012,Enterococcus species,vancomycin,17.2,418.0,European/2014/Enterococci/number-e-faecium-isolates-and-percentage-resistant-vancomycin-2011-2014.xlsx
Greece,2013,Enterococcus species,vancomycin,21.2,345.0,European/2014/Enterococci/number-e-faecium-isolates-and-percentage-resistant-vancomycin-2011-2014.xlsx
Greece,2014,Enterococcus species,vancomycin,26.9,264.0,European/2014/Enterococci/number-e-faecium-isolates-and-percentage-resistant-vancomycin-2011-2014.xlsx
Greece,2015,Enterococcus species,vancomycin,19.7,315.0,"European/2015/Enterococci, Tables 3-30 and 3-31.xlsx [Table 3.31]"
Hungary,2010,Enterococcus species,vancomycin,1.9,105.0,European/2013/Downloadables/Enterococci/number-e-faecium-isolates-and-percentage-resistant-vancomycin-2010-2013.xlsx
Hungary,2011,Enterococcus species,vancomycin,0.8,120.0,European/2014/Enterococci/number-e-faecium-isolates-and-percentage-resistant-vancomycin-2011-2014.xlsx
Hungary,2012,Enterococcus species,vancomycin,3.5,142.0,European/2014/Enterococci/number-e-faecium-isolates-and-percentage-resistant-vancomycin-2011-2014.xlsx
Hungary,2013,Enterococcus species,vancomycin,7.1,210.0,European/2014/Enterococci/number-e-faecium-isolates-and-percentage-resistant-vancomycin-2011-2014.xlsx
Hungary,2014,Enterococcus species,vancomycin,8.5,224.0,European/2014/Enterococci/number-e-faecium-isolates-and-percentage-resistant-vancomycin-2011-2014.xlsx
Hungary,2015,Enterococcus species,vancomycin,16.7,240.0,"European/2015/Enterococci, Tables 3-30 and 3-31.xlsx [Table 3.31]"
Iceland,2010,Enterococcus species,vancomycin,6.3,16.0,European/2013/Downloadables/Enterococci/number-e-faecium-isolates-and-percentage-resistant-vancomycin-2010-2013.xlsx
Iceland,2011,Enterococcus species,vancomycin,0.0,13.0,European/2014/Enterococci/number-e-faecium-isolates-and-percentage-resistant-vancomycin-2011-2014.xlsx
Iceland,2012,Enterococcus species,vancomycin,0.0,12.0,European/2014/Enterococci/number-e-faecium-isolates-and-percentage-resistant-vancomycin-2011-2014.xlsx
Iceland,2013,Enterococcus species,vancomycin,5.9,17.0,European/2014/Enterococci/number-e-faecium-isolates-and-percentage-resistant-vancomycin-2011-2014.xlsx
Iceland,2014,Enterococcus species,vancomycin,0.0,11.0,European/2014/Enterococci/number-e-faecium-isolates-and-percentage-resistant-vancomycin-2011-2014.xlsx
Iceland,2015,Enterococcus species,vancomycin,0.0,20.0,"European/2015/Enterococci, Tables 3-30 and 3-31.xlsx [Table 3.31]"
Ireland,2010,Enterococcus species,vancomycin,38.7,382.0,European/2013/Downloadables/Enterococci/number-e-faecium-isolates-and-percentage-resistant-vancomycin-2010-2013.xlsx
Ireland,2011,Enterococcus species,vancomycin,34.9,347.0,European/2014/Enterococci/number-e-faecium-isolates-and-percentage-resistant-vancomycin-2011-2014.xlsx
Ireland,2012,Enterococcus species,vancomycin,44.0,386.0,European/2014/Enterococci/number-e-faecium-isolates-and-percentage-resistant-vancomycin-2011-2014.xlsx
Ireland,2013,Enterococcus species,vancomycin,42.7,398.0,European/2014/Enterococci/number-e-faecium-isolates-and-percentage-resistant-vancomycin-2011-2014.xlsx
Ireland,2014,Enterococcus species,vancomycin,45.1,390.0,European/2014/Enterococci/number-e-faecium-isolates-and-percentage-resistant-vancomycin-2011-2014.xlsx
Ireland,2015,Enterococcus species,vancomycin,45.8,404.0,"European/2015/Enterococci, Tables 3-30 and 3-31.xlsx [Table 3.31]"
Italy,2010,Enterococcus species,vancomycin,3.9,412.0,European/2013/Downloadables/Enterococci/number-e-faecium-isolates-and-percentage-resistant-vancomycin-2010-2013.xlsx
Italy,2011,Enterococcus species,vancomycin,4.2,236.0,European/2014/Enterococci/number-e-faecium-isolates-and-percentage-resistant-vancomycin-2011-2014.xlsx
Italy,2012,Enterococcus species,vancomycin,6.0,435.0,European/2014/Enterococci/number-e-faecium-isolates-and-percentage-resistant-vancomycin-2011-2014.xlsx
Italy,2013,Enterococcus species,vancomycin,4.4,565.0,European/2014/Enterococci/number-e-faecium-isolates-and-percentage-resistant-vancomycin-2011-2014.xlsx
Italy,2014,Enterococcus species,vancomycin,8.5,472.0,European/2014/Enterococci/number-e-faecium-isolates-and-percentage-resistant-vancomycin-2011-2014.xlsx
Italy,2015,Enterococcus species,vancomycin,11.2,756.0,"European/2015/Enterococci, Tables 3-30 and 3-31.xlsx [Table 3.31]"
Latvia,2010,Enterococcus species,vancomycin,13.0,23.0,European/2013/Downloadables/Enterococci/number-e-faecium-isolates-and-percentage-resistant-vancomycin-2010-2013.xlsx
Latvia,2011,Enterococcus species,vancomycin,9.1,22.0,European/2014/Enterococci/number-e-faecium-isolates-and-percentage-resistant-vancomycin-2011-2014.xlsx
Latvia,2012,Enterococcus species,vancomycin,5.6,18.0,European/2014/Enterococci/number-e-faecium-isolates-and-percentage-resistant-vancomycin-2011-2014.xlsx
Latvia,2013,Enterococcus species,vancomycin,12.0,25.0,European/2014/Enterococci/number-e-faecium-isolates-and-percentage-resistant-vancomycin-2011-2014.xlsx
Latvia,2014,Enterococcus species,vancomycin,13.3,15.0,European/2014/Enterococci/number-e-faecium-isolates-and-percentage-resistant-vancomycin-2011-2014.xlsx
Latvia,2015,Enterococcus species,vancomycin,17.6,34.0,"European/2015/Enterococci, Tables 3-30 and 3-31.xlsx [Table 3.31]"
Lithuania,2010,Enterococcus species,vancomycin,8.3,24.0,European/2013/Downloadables/Enterococci/number-e-faecium-isolates-and-percentage-resistant-vancomycin-2010-2013.xlsx
Lithuania,2011,Enterococcus species,vancomycin,7.7,26.0,European/2014/Enterococci/number-e-faecium-isolates-and-percentage-resistant-vancomycin-2011-2014.xlsx
Lithuania,2012,Enterococcus species,vancomycin,5.6,36.0,European/2014/Enterococci/number-e-faecium-isolates-and-percentage-resistant-vancomycin-2011-2014.xlsx
Lithuania,2013,Enterococcus species,vancomycin,0.0,25.0,European/2014/Enterococci/number-e-faecium-isolates-and-percentage-resistant-vancomycin-2011-2014.xlsx
Lithuania,2014,Enterococcus species,vancomycin,4.5,44.0,European/2014/Enterococci/number-e-faecium-isolates-and-percentage-resistant-vancomycin-2011-2014.xlsx
Lithuania,2015,Enterococcus species,vancomycin,17.3,52.0,"European/2015/Enterococci, Tables 3-30 and 3-31.xlsx [Table 3.31]"
Luxembourg,2010,Enterococcus species,vancomycin,31.8,22.0,European/2013/Downloadables/Enterococci/number-e-faecium-isolates-and-percentage-resistant-vancomycin-2010-2013.xlsx
Luxembourg,2011,Enterococcus species,vancomycin,4.2,24.0,European/2014/Enterococci/number-e-faecium-isolates-and-percentage-resistant-vancomycin-2011-2014.xlsx
Luxembourg,2012,Enterococcus species,vancomycin,0.0,20.0,European/2014/Enterococci/number-e-faecium-isolates-and-percentage-resistant-vancomycin-2011-2014.xlsx
Luxembourg,2013,Enterococcus species,vancomycin,5.3,19.0,European/2014/Enterococci/number-e-faecium-isolates-and-percentage-resistant-vancomycin-2011-2014.xlsx
Luxembourg,2014,Enterococcus species,vancomycin,3.2,31.0,European/2014/Enterococci/number-e-faecium-isolates-and-percentage-resistant-vancomycin-2011-2014.xlsx
Luxembourg,2015,Enterococcus species,vancomycin,0.0,23.0,"European/2015/Enterococci, Tables 3-30 and 3-31.xlsx [Table 3.31]"
Malta,2010,Enterococcus species,vancomycin,0.0,12.0,European/2013/Downloadables/Enterococci/number-e-faecium-isolates-and-percentage-resistant-vancomycin-2010-2013.xlsx
Malta,2011,Enterococcus species,vancomycin,0.0,14.0,European/2014/Enterococci/number-e-faecium-isolates-and-percentage-resistant-vancomycin-2011-2014.xlsx
Malta,2013,Enterococcus species,vancomycin,0.0,10.0,European/2014/Enterococci/number-e-faecium-isolates-and-percentage-resistant-vancomycin-2011-2014.xlsx
Malta,2014,Enterococcus species,vancomycin,0.0,11.0,European/2014/Enterococci/number-e-faecium-isolates-and-percentage-resistant-vancomycin-2011-2014.xlsx
Netherlands,2010,Enterococcus species,vancomycin,0.5,365.0,European/2013/Downloadables/Enterococci/number-e-faecium-isolates-and-percentage-resistant-vancomycin-2010-2013.xlsx
Netherlands,2011,Enterococcus species,vancomycin,1.0,481.0,European/2014/Enterococci/number-e-faecium-isolates-and-percentage-resistant-vancomycin-2011-2014.xlsx
Netherlands,2012,Enterococcus species,vancomycin,0.0,484.0,European/2014/Enterococci/number-e-faecium-isolates-and-percentage-resistant-vancomycin-2011-2014.xlsx
Netherlands,2013,Enterococcus species,vancomycin,0.5,439.0,European/2014/Enterococci/number-e-faecium-isolates-and-percentage-resistant-vancomycin-2011-2014.xlsx
Netherlands,2014,Enterococcus species,vancomycin,1.1,532.0,European/2014/Enterococci/number-e-faecium-isolates-and-percentage-resistant-vancomycin-2011-2014.xlsx
Netherlands,2015,Enterococcus species,vancomycin,1.4,572.0,"European/2015/Enterococci, Tables 3-30 and 3-31.xlsx [Table 3.31]"
Norway,2010,Enterococcus species,vancomycin,1.5,135.0,European/2013/Downloadables/Enterococci/number-e-faecium-isolates-and-percentage-resistant-vancomycin-2010-2013.xlsx
Norway,2011,Enterococcus species,vancomycin,1.8,165.0,European/2014/Enterococci/number-e-faecium-isolates-and-percentage-resistant-vancomycin-2011-2014.xlsx
Norway,2012,Enterococcus species,vancomycin,0.6,168.0,European/2014/Enterococci/number-e-faecium-isolates-and-percentage-resistant-vancomycin-2011-2014.xlsx
Norway,2013,Enterococcus species,vancomycin,2.4,211.0,European/2014/Enterococci/number-e-faecium-isolates-and-percentage-resistant-vancomycin-2011-2014.xlsx
Norway,2014,Enterococcus species,vancomycin,1.8,227.0,European/2014/Enterococci/number-e-faecium-isolates-and-percentage-resistant-vancomycin-2011-2014.xlsx
Norway,2015,Enterococcus species,vancomycin,0.0,185.0,"European/2015/Enterococci, Tables 3-30 and 3-31.xlsx [Table 3.31]"
Poland,2010,Enterococcus species,vancomycin,7.8,102.0,European/2013/Downloadables/Enterococci/number-e-faecium-isolates-and-percentage-resistant-vancomycin-2010-2013.xlsx
Poland,2011,Enterococcus species,vancomycin,8.4,202.0,European/2014/Enterococci/number-e-faecium-isolates-and-percentage-resistant-vancomycin-2011-2014.xlsx
Poland,2012,Enterococcus species,vancomycin,8.3,157.0,European/2014/Enterococci/number-e-faecium-isolates-and-percentage-resistant-vancomycin-2011-2014.xlsx
Poland,2013,Enterococcus species,vancomycin,12.7,173.0,European/2014/Enterococci/number-e-faecium-isolates-and-percentage-resistant-vancomycin-2011-2014.xlsx
Poland,2014,Enterococcus species,vancomycin,21.4,182.0,"European/2015/Enterococci, Tables 3-30 and 3-31.xlsx [Table 3.31]"
Poland,2015,Enterococcus species,vancomycin,17.7,215.0,"European/2015/Enterococci, Tables 3-30 and 3-31.xlsx [Table 3.31]"
Portugal,2010,Enterococcus species,vancomycin,23.4,188.0,European/2013/Downloadables/Enterococci/number-e-faecium-isolates-and-percentage-resistant-vancomycin-2010-2013.xlsx
Portugal,2011,Enterococcus species,vancomycin,20.2,208.0,European/2014/Enterococci/number-e-faecium-isolates-and-percentage-resistant-vancomycin-2011-2014.xlsx
Portugal,2012,Enterococcus species,vancomycin,23.3,257.0,European/2014/Enterococci/number-e-faecium-isolates-and-percentage-resistant-vancomycin-2011-2014.xlsx
Portugal,2013,Enterococcus species,vancomycin,22.0,350.0,European/2014/Enterococci/number-e-faecium-isolates-and-percentage-resistant-vancomycin-2011-2014.xlsx
Portugal,2014,Enterococcus species,vancomycin,20.1,363.0,European/2014/Enterococci/number-e-faecium-isolates-and-percentage-resistant-vancomycin-2011-2014.xlsx
Portugal,2015,Enterococcus species,vancomycin,20.3,459.0,"European/2015/Enterococci, Tables 3-30 and 3-31.xlsx [Table 3.31]"
Romania,2010,Enterococcus species,vancomycin,0.0,10.0,European/2013/Downloadables/Enterococci/number-e-faecium-isolates-and-percentage-resistant-vancomycin-2010-2013.xlsx
Romania,2011,Enterococcus species,vancomycin,0.0,12.0,European/2014/Enterococci/number-e-faecium-isolates-and-percentage-resistant-vancomycin-2011-2014.xlsx
Romania,2012,Enterococcus species,vancomycin,2.9,34.0,European/2014/Enterococci/number-e-faecium-isolates-and-percentage-resistant-vancomycin-2011-2014.xlsx
Romania,2013,Enterococcus species,vancomycin,11.1,54.0,European/2014/Enterococci/number-e-faecium-isolates-and-percentage-resistant-vancomycin-2011-2014.xlsx
Romania,2014,Enterococcus species,vancomycin,25.0,56.0,European/2014/Enterococci/number-e-faecium-isolates-and-percentage-resistant-vancomycin-2011-2014.xlsx
Romania,2015,Enterococcus species,vancomycin,25.0,72.0,"European/2015/Enterococci, Tables 3-30 and 3-31.xlsx [Table 3.31]"
Slovakia,2011,Enterococcus species,vancomycin,3.9,103.0,European/2014/Enterococci/number-e-faecium-isolates-and-percentage-resistant-vancomycin-2011-2014.xlsx
Slovakia,2012,Enterococcus species,vancomycin,4.9,82.0,European/2014/Enterococci/number-e-faecium-isolates-and-percentage-resistant-vancomycin-2011-2014.xlsx
Slovakia,2013,Enterococcus species,vancomycin,7.6,132.0,European/2014/Enterococci/number-e-faecium-isolates-and-percentage-resistant-vancomycin-2011-2014.xlsx
Slovakia,2014,Enterococcus species,vancomycin,10.1,129.0,European/2014/Enterococci/number-e-faecium-isolates-and-percentage-resistant-vancomycin-2011-2014.xlsx
Slovakia,2015,Enterococcus species,vancomycin,14.7,143.0,"European/2015/Enterococci, Tables 3-30 and 3-31.xlsx [Table 3.31]"
Slovenia,2010,Enterococcus species,vancomycin,1.7,59.0,European/2013/Downloadables/Enterococci/number-e-faecium-isolates-and-percentage-resistant-vancomycin-2010-2013.xlsx
Slovenia,2011,Enterococcus species,vancomycin,0.0,83.0,European/2014/Enterococci/number-e-faecium-isolates-and-percentage-resistant-vancomycin-2011-2014.xlsx
Slovenia,2012,Enterococcus species,vancomycin,0.0,95.0,European/2014/Enterococci/number-e-faecium-isolates-and-percentage-resistant-vancomycin-2011-2014.xlsx
Slovenia,2013,Enterococcus species,vancomycin,1.0,102.0,European/2014/Enterococci/number-e-faecium-isolates-and-percentage-resistant-vancomycin-2011-2014.xlsx
Slovenia,2014,Enterococcus species,vancomycin,1.7,115.0,European/2014/Enterococci/number-e-faecium-isolates-and-percentage-resistant-vancomycin-2011-2014.xlsx
Slovenia,2015,Enterococcus species,vancomycin,4.8,124.0,"European/2015/Enterococci, Tables 3-30 and 3-31.xlsx [Table 3.31]"
Spain,2010,Enterococcus species,vancomycin,1.5,471.0,European/2013/Downloadables/Enterococci/number-e-faecium-isolates-and-percentage-resistant-vancomycin-2010-2013.xlsx
Spain,2011,Enterococcus species,vancomycin,1.5,542.0,European/2014/Enterococci/number-e-faecium-isolates-and-percentage-resistant-vancomycin-2011-2014.xlsx
Spain,2012,Enterococcus species,vancomycin,1.5,537.0,European/2014/Enterococci/number-e-faecium-isolates-and-percentage-resistant-vancomycin-2011-2014.xlsx
Spain,2013,Enterococcus species,vancomycin,0.9,553.0,European/2014/Enterococci/number-e-faecium-isolates-and-percentage-resistant-vancomycin-2011-2014.xlsx
Spain,2014,Enterococcus species,vancomycin,2.4,546.0,European/2014/Enterococci/number-e-faecium-isolates-and-percentage-resistant-vancomycin-2011-2014.xlsx
Spain,2015,Enterococcus species,vancomycin,2.5,571.0,"European/2015/Enterococci, Tables 3-30 and 3-31.xlsx [Table 3.31]"
Sweden,2010,Enterococcus species,vancomycin,0.0,293.0,European/2013/Downloadables/Enterococci/number-e-faecium-isolates-and-percentage-resistant-vancomycin-2010-2013.xlsx
Sweden,2011,Enterococcus species,vancomycin,0.0,461.0,European/2014/Enterococci/number-e-faecium-isolates-and-percentage-resistant-vancomycin-2011-2014.xlsx
Sweden,2012,Enterococcus species,vancomycin,0.0,404.0,European/2014/Enterococci/number-e-faecium-isolates-and-percentage-resistant-vancomycin-2011-2014.xlsx
Sweden,2013,Enterococcus species,vancomycin,0.0,575.0,European/2014/Enterococci/number-e-faecium-isolates-and-percentage-resistant-vancomycin-2011-2014.xlsx
Sweden,2014,Enterococcus species,vancomycin,0.4,452.0,European/2014/Enterococci/number-e-faecium-isolates-and-percentage-resistant-vancomycin-2011-2014.xlsx
Sweden,2015,Enterococcus species,vancomycin,0.0,408.0,"European/2015/Enterococci, Tables 3-30 and 3-31.xlsx [Table 3.31]"
United Kingdom,2010,Enterococcus species,vancomycin,10.4,250.0,European/2013/Downloadables/Enterococci/number-e-faecium-isolates-and-percentage-resistant-vancomycin-2010-2013.xlsx
United Kingdom,2011,Enterococcus species,vancomycin,8.9,302.0,European/2014/Enterococci/number-e-faecium-isolates-and-percentage-resistant-vancomycin-2011-2014.xlsx
United Kingdom,2012,Enterococcus species,vancomycin,13.3,362.0,European/2014/Enterococci/number-e-faecium-isolates-and-percentage-resistant-vancomycin-2011-2014.xlsx
United Kingdom,2013,Enterococcus species,vancomycin,23.3,442.0,European/2014/Enterococci/number-e-faecium-isolates-and-percentage-resistant-vancomycin-2011-2014.xlsx
United Kingdom,2014,Enterococcus species,vancomycin,21.3,423.0,European/2014/Enterococci/number-e-faecium-isolates-and-percentage-resistant-vancomycin-2011-2014.xlsx
United Kingdom,2015,Enterococcus species,vancomycin,17.0,218.0,"European/2015/Enterococci, Tables 3-30 and 3-31.xlsx [Table 3.31]"
Austria,2010,Escherichia coli,aminoglycosides,6.5,2915.0,European/2013/Downloadables/E coli/number-e-coli-isolates-and-percentage-resistant-aminoglycosides-2010-2013.xlsx
Austria,2011,Escherichia coli,aminoglycosides,7.4,3144.0,European/2014/E coli/number-e-coli-isolates-and-percentage-resistant-aminoglycosides-2011-2014.xlsx
Austria,2012,Escherichia coli,aminoglycosides,6.5,3713.0,European/2014/E coli/number-e-coli-isolates-and-percentage-resistant-aminoglycosides-2011-2014.xlsx
Austria,2013,Escherichia coli,aminoglycosides,7.3,4369.0,European/2014/E coli/number-e-coli-isolates-and-percentage-resistant-aminoglycosides-2011-2014.xlsx
Austria,2014,Escherichia coli,aminoglycosides,7.2,4734.0,European/2014/E coli/number-e-coli-isolates-and-percentage-resistant-aminoglycosides-2011-2014.xlsx
Austria,2015,Escherichia coli,aminoglycosides,7.0,4884.0,"European/2015/E-coli, Tables 3-1 to 3-7.xlsx [Table 3.4]"
Belgium,2010,Escherichia coli,aminoglycosides,5.6,1584.0,European/2013/Downloadables/E coli/number-e-coli-isolates-and-percentage-resistant-aminoglycosides-2010-2013.xlsx
Belgium,2011,Escherichia coli,aminoglycosides,9.3,3831.0,European/2014/E coli/number-e-coli-isolates-and-percentage-resistant-aminoglycosides-2011-2014.xlsx
Belgium,2012,Escherichia coli,aminoglycosides,5.9,3689.0,European/2014/E coli/number-e-coli-isolates-and-percentage-resistant-aminoglycosides-2011-2014.xlsx
Belgium,2013,Escherichia coli,aminoglycosides,6.1,4093.0,European/2014/E coli/number-e-coli-isolates-and-percentage-resistant-aminoglycosides-2011-2014.xlsx
Belgium,2014,Escherichia coli,aminoglycosides,7.9,2320.0,European/2014/E coli/number-e-coli-isolates-and-percentage-resistant-aminoglycosides-2011-2014.xlsx
Belgium,2015,Escherichia coli,aminoglycosides,8.4,2286.0,"European/2015/E-coli, Tables 3-1 to 3-7.xlsx [Table 3.4]"
Bulgaria,2010,Escherichia coli,aminoglycosides,15.8,152.0,European/2013/Downloadables/E coli/number-e-coli-isolates-and-percentage-resistant-aminoglycosides-2010-2013.xlsx
Bulgaria,2011,Escherichia coli,aminoglycosides,17.3,179.0,European/2014/E coli/number-e-coli-isolates-and-percentage-resistant-aminoglycosides-2011-2014.xlsx
Bulgaria,2012,Escherichia coli,aminoglycosides,26.5,223.0,European/2014/E coli/number-e-coli-isolates-and-percentage-resistant-aminoglycosides-2011-2014.xlsx
Bulgaria,2013,Escherichia coli,aminoglycosides,32.1,187.0,European/2014/E coli/number-e-coli-isolates-and-percentage-resistant-aminoglycosides-2011-2014.xlsx
Bulgaria,2014,Escherichia coli,aminoglycosides,28.2,216.0,European/2014/E coli/number-e-coli-isolates-and-percentage-resistant-aminoglycosides-2011-2014.xlsx
Bulgaria,2015,Escherichia coli,aminoglycosides,19.8,182.0,"European/2015/E-coli, Tables 3-1 to 3-7.xlsx [Table 3.4]"
Croatia,2010,Escherichia coli,aminoglycosides,6.7,882.0,European/2013/Downloadables/E coli/number-e-coli-isolates-and-percentage-resistant-aminoglycosides-2010-2013.xlsx
Croatia,2011,Escherichia coli,aminoglycosides,7.6,979.0,European/2014/E coli/number-e-coli-isolates-and-percentage-resistant-aminoglycosides-2011-2014.xlsx
Croatia,2012,Escherichia coli,aminoglycosides,7.1,905.0,European/2014/E coli/number-e-coli-isolates-and-percentage-resistant-aminoglycosides-2011-2014.xlsx
Croatia,2013,Escherichia coli,aminoglycosides,7.9,1028.0,European/2014/E coli/number-e-coli-isolates-and-percentage-resistant-aminoglycosides-2011-2014.xlsx
Croatia,2014,Escherichia coli,aminoglycosides,11.0,1078.0,European/2014/E coli/number-e-coli-isolates-and-percentage-resistant-aminoglycosides-2011-2014.xlsx
Croatia,2015,Escherichia coli,aminoglycosides,12.7,1008.0,"European/2015/E-coli, Tables 3-1 to 3-7.xlsx [Table 3.4]"
Cyprus,2010,Escherichia coli,aminoglycosides,15.9,138.0,European/2013/Downloadables/E coli/number-e-coli-isolates-and-percentage-resistant-aminoglycosides-2010-2013.xlsx
Cyprus,2011,Escherichia coli,aminoglycosides,23.9,138.0,European/2014/E coli/number-e-coli-isolates-and-percentage-resistant-aminoglycosides-2011-2014.xlsx
Cyprus,2012,Escherichia coli,aminoglycosides,21.0,176.0,European/2014/E coli/number-e-coli-isolates-and-percentage-resistant-aminoglycosides-2011-2014.xlsx
Cyprus,2013,Escherichia coli,aminoglycosides,24.7,162.0,European/2014/E coli/number-e-coli-isolates-and-percentage-resistant-aminoglycosides-2011-2014.xlsx
Cyprus,2014,Escherichia coli,aminoglycosides,17.6,153.0,European/2014/E coli/number-e-coli-isolates-and-percentage-resistant-aminoglycosides-2011-2014.xlsx
Cyprus,2015,Escherichia coli,aminoglycosides,13.8,123.0,"European/2015/E-coli, Tables 3-1 to 3-7.xlsx [Table 3.4]"
Czech Republic,2010,Escherichia coli,aminoglycosides,8.5,2449.0,European/2013/Downloadables/E coli/number-e-coli-isolates-and-percentage-resistant-aminoglycosides-2010-2013.xlsx
Czech Republic,2011,Escherichia coli,aminoglycosides,8.8,2674.0,European/2014/E coli/number-e-coli-isolates-and-percentage-resistant-aminoglycosides-2011-2014.xlsx
Czech Republic,2012,Escherichia coli,aminoglycosides,8.4,2812.0,European/2014/E coli/number-e-coli-isolates-and-percentage-resistant-aminoglycosides-2011-2014.xlsx
Czech Republic,2013,Escherichia coli,aminoglycosides,9.1,2957.0,European/2014/E coli/number-e-coli-isolates-and-percentage-resistant-aminoglycosides-2011-2014.xlsx
Czech Republic,2014,Escherichia coli,aminoglycosides,10.7,2979.0,European/2014/E coli/number-e-coli-isolates-and-percentage-resistant-aminoglycosides-2011-2014.xlsx
Czech Republic,2015,Escherichia coli,aminoglycosides,11.3,3172.0,"European/2015/E-coli, Tables 3-1 to 3-7.xlsx [Table 3.4]"
Denmark,2010,Escherichia coli,aminoglycosides,5.8,3412.0,European/2013/Downloadables/E coli/number-e-coli-isolates-and-percentage-resistant-aminoglycosides-2010-2013.xlsx
Denmark,2011,Escherichia coli,aminoglycosides,6.4,3638.0,European/2014/E coli/number-e-coli-isolates-and-percentage-resistant-aminoglycosides-2011-2014.xlsx
Denmark,2012,Escherichia coli,aminoglycosides,7.3,3687.0,European/2014/E coli/number-e-coli-isolates-and-percentage-resistant-aminoglycosides-2011-2014.xlsx
Denmark,2013,Escherichia coli,aminoglycosides,6.5,3887.0,European/2014/E coli/number-e-coli-isolates-and-percentage-resistant-aminoglycosides-2011-2014.xlsx
Denmark,2014,Escherichia coli,aminoglycosides,7.3,4493.0,European/2014/E coli/number-e-coli-isolates-and-percentage-resistant-aminoglycosides-2011-2014.xlsx
Denmark,2015,Escherichia coli,aminoglycosides,6.8,4591.0,"European/2015/E-coli, Tables 3-1 to 3-7.xlsx [Table 3.4]"
Estonia,2010,Escherichia coli,aminoglycosides,5.6,269.0,European/2013/Downloadables/E coli/number-e-coli-isolates-and-percentage-resistant-aminoglycosides-2010-2013.xlsx
Estonia,2011,Escherichia coli,aminoglycosides,4.8,314.0,European/2014/E coli/number-e-coli-isolates-and-percentage-resistant-aminoglycosides-2011-2014.xlsx
Estonia,2012,Escherichia coli,aminoglycosides,7.5,306.0,European/2014/E coli/number-e-coli-isolates-and-percentage-resistant-aminoglycosides-2011-2014.xlsx
Estonia,2013,Escherichia coli,aminoglycosides,7.6,341.0,European/2014/E coli/number-e-coli-isolates-and-percentage-resistant-aminoglycosides-2011-2014.xlsx
Estonia,2014,Escherichia coli,aminoglycosides,7.0,412.0,European/2014/E coli/number-e-coli-isolates-and-percentage-resistant-aminoglycosides-2011-2014.xlsx
Estonia,2015,Escherichia coli,aminoglycosides,9.3,257.0,"European/2015/E-coli, Tables 3-1 to 3-7.xlsx [Table 3.4]"
Finland,2010,Escherichia coli,aminoglycosides,3.8,2356.0,European/2013/Downloadables/E coli/number-e-coli-isolates-and-percentage-resistant-aminoglycosides-2010-2013.xlsx
Finland,2011,Escherichia coli,aminoglycosides,5.2,3020.0,European/2014/E coli/number-e-coli-isolates-and-percentage-resistant-aminoglycosides-2011-2014.xlsx
Finland,2012,Escherichia coli,aminoglycosides,6.1,2993.0,European/2014/E coli/number-e-coli-isolates-and-percentage-resistant-aminoglycosides-2011-2014.xlsx
Finland,2013,Escherichia coli,aminoglycosides,6.5,3530.0,European/2014/E coli/number-e-coli-isolates-and-percentage-resistant-aminoglycosides-2011-2014.xlsx
Finland,2014,Escherichia coli,aminoglycosides,4.6,3817.0,European/2014/E coli/number-e-coli-isolates-and-percentage-resistant-aminoglycosides-2011-2014.xlsx
Finland,2015,Escherichia coli,aminoglycosides,5.4,4135.0,"European/2015/E-coli, Tables 3-1 to 3-7.xlsx [Table 3.4]"
France,2010,Escherichia coli,aminoglycosides,7.2,9025.0,European/2013/Downloadables/E coli/number-e-coli-isolates-and-percentage-resistant-aminoglycosides-2010-2013.xlsx
France,2011,Escherichia coli,aminoglycosides,7.9,8742.0,European/2014/E coli/number-e-coli-isolates-and-percentage-resistant-aminoglycosides-2011-2014.xlsx
France,2012,Escherichia coli,aminoglycosides,8.2,5750.0,European/2014/E coli/number-e-coli-isolates-and-percentage-resistant-aminoglycosides-2011-2014.xlsx
France,2013,Escherichia coli,aminoglycosides,7.8,10156.0,European/2014/E coli/number-e-coli-isolates-and-percentage-resistant-aminoglycosides-2011-2014.xlsx
France,2014,Escherichia coli,aminoglycosides,7.8,10347.0,European/2014/E coli/number-e-coli-isolates-and-percentage-resistant-aminoglycosides-2011-2014.xlsx
France,2015,Escherichia coli,aminoglycosides,8.2,11055.0,"European/2015/E-coli, Tables 3-1 to 3-7.xlsx [Table 3.4]"
Germany,2010,Escherichia coli,aminoglycosides,8.7,3021.0,European/2013/Downloadables/E coli/number-e-coli-isolates-and-percentage-resistant-aminoglycosides-2010-2013.xlsx
Germany,2011,Escherichia coli,aminoglycosides,7.6,3645.0,European/2014/E coli/number-e-coli-isolates-and-percentage-resistant-aminoglycosides-2011-2014.xlsx
Germany,2012,Escherichia coli,aminoglycosides,7.1,4190.0,European/2014/E coli/number-e-coli-isolates-and-percentage-resistant-aminoglycosides-2011-2014.xlsx
Germany,2013,Escherichia coli,aminoglycosides,7.0,5253.0,European/2014/E coli/number-e-coli-isolates-and-percentage-resistant-aminoglycosides-2011-2014.xlsx
Germany,2014,Escherichia coli,aminoglycosides,6.9,6244.0,European/2014/E coli/number-e-coli-isolates-and-percentage-resistant-aminoglycosides-2011-2014.xlsx
Germany,2015,Escherichia coli,aminoglycosides,7.2,8723.0,"European/2015/E-coli, Tables 3-1 to 3-7.xlsx [Table 3.4]"
Greece,2010,Escherichia coli,aminoglycosides,16.5,1530.0,European/2013/Downloadables/E coli/number-e-coli-isolates-and-percentage-resistant-aminoglycosides-2010-2013.xlsx
Greece,2011,Escherichia coli,aminoglycosides,16.8,1434.0,European/2014/E coli/number-e-coli-isolates-and-percentage-resistant-aminoglycosides-2011-2014.xlsx
Greece,2012,Escherichia coli,aminoglycosides,17.9,1372.0,European/2014/E coli/number-e-coli-isolates-and-percentage-resistant-aminoglycosides-2011-2014.xlsx
Greece,2013,Escherichia coli,aminoglycosides,17.0,1240.0,European/2014/E coli/number-e-coli-isolates-and-percentage-resistant-aminoglycosides-2011-2014.xlsx
Greece,2014,Escherichia coli,aminoglycosides,15.9,1113.0,European/2014/E coli/number-e-coli-isolates-and-percentage-resistant-aminoglycosides-2011-2014.xlsx
Greece,2015,Escherichia coli,aminoglycosides,16.1,1200.0,"European/2015/E-coli, Tables 3-1 to 3-7.xlsx [Table 3.4]"
Hungary,2010,Escherichia coli,aminoglycosides,21.2,1384.0,European/2013/Downloadables/E coli/number-e-coli-isolates-and-percentage-resistant-aminoglycosides-2010-2013.xlsx
Hungary,2011,Escherichia coli,aminoglycosides,14.8,1226.0,European/2014/E coli/number-e-coli-isolates-and-percentage-resistant-aminoglycosides-2011-2014.xlsx
Hungary,2012,Escherichia coli,aminoglycosides,17.2,1409.0,European/2014/E coli/number-e-coli-isolates-and-percentage-resistant-aminoglycosides-2011-2014.xlsx
Hungary,2013,Escherichia coli,aminoglycosides,17.1,1431.0,European/2014/E coli/number-e-coli-isolates-and-percentage-resistant-aminoglycosides-2011-2014.xlsx
Hungary,2014,Escherichia coli,aminoglycosides,14.8,1610.0,European/2014/E coli/number-e-coli-isolates-and-percentage-resistant-aminoglycosides-2011-2014.xlsx
Hungary,2015,Escherichia coli,aminoglycosides,13.6,2020.0,"European/2015/E-coli, Tables 3-1 to 3-7.xlsx [Table 3.4]"
Iceland,2010,Escherichia coli,aminoglycosides,2.9,104.0,European/2013/Downloadables/E coli/number-e-coli-isolates-and-percentage-resistant-aminoglycosides-2010-2013.xlsx
Iceland,2011,Escherichia coli,aminoglycosides,6.2,129.0,European/2014/E coli/number-e-coli-isolates-and-percentage-resistant-aminoglycosides-2011-2014.xlsx
Iceland,2012,Escherichia coli,aminoglycosides,3.6,138.0,European/2014/E coli/number-e-coli-isolates-and-percentage-resistant-aminoglycosides-2011-2014.xlsx
Iceland,2013,Escherichia coli,aminoglycosides,4.1,121.0,European/2014/E coli/number-e-coli-isolates-and-percentage-resistant-aminoglycosides-2011-2014.xlsx
Iceland,2014,Escherichia coli,aminoglycosides,5.3,152.0,European/2014/E coli/number-e-coli-isolates-and-percentage-resistant-aminoglycosides-2011-2014.xlsx
Iceland,2015,Escherichia coli,aminoglycosides,2.9,173.0,"European/2015/E-coli, Tables 3-1 to 3-7.xlsx [Table 3.4]"
Ireland,2010,Escherichia coli,aminoglycosides,9.9,2118.0,European/2013/Downloadables/E coli/number-e-coli-isolates-and-percentage-resistant-aminoglycosides-2010-2013.xlsx
Ireland,2011,Escherichia coli,aminoglycosides,10.2,2158.0,European/2014/E coli/number-e-coli-isolates-and-percentage-resistant-aminoglycosides-2011-2014.xlsx
Ireland,2012,Escherichia coli,aminoglycosides,11.1,2378.0,European/2014/E coli/number-e-coli-isolates-and-percentage-resistant-aminoglycosides-2011-2014.xlsx
Ireland,2013,Escherichia coli,aminoglycosides,11.4,2482.0,European/2014/E coli/number-e-coli-isolates-and-percentage-resistant-aminoglycosides-2011-2014.xlsx
Ireland,2014,Escherichia coli,aminoglycosides,12.4,2705.0,European/2014/E coli/number-e-coli-isolates-and-percentage-resistant-aminoglycosides-2011-2014.xlsx
Ireland,2015,Escherichia coli,aminoglycosides,11.8,2646.0,"European/2015/E-coli, Tables 3-1 to 3-7.xlsx [Table 3.4]"
Italy,2010,Escherichia coli,aminoglycosides,15.5,2609.0,European/2013/Downloadables/E coli/number-e-coli-isolates-and-percentage-resistant-aminoglycosides-2010-2013.xlsx
Italy,2011,Escherichia coli,aminoglycosides,18.3,1985.0,European/2014/E coli/number-e-coli-isolates-and-percentage-resistant-aminoglycosides-2011-2014.xlsx
Italy,2012,Escherichia coli,aminoglycosides,21.4,3093.0,European/2014/E coli/number-e-coli-isolates-and-percentage-resistant-aminoglycosides-2011-2014.xlsx
Italy,2013,Escherichia coli,aminoglycosides,18.5,4002.0,European/2014/E coli/number-e-coli-isolates-and-percentage-resistant-aminoglycosides-2011-2014.xlsx
Italy,2014,Escherichia coli,aminoglycosides,19.3,3544.0,European/2014/E coli/number-e-coli-isolates-and-percentage-resistant-aminoglycosides-2011-2014.xlsx
Italy,2015,Escherichia coli,aminoglycosides,20.2,5408.0,"European/2015/E-coli, Tables 3-1 to 3-7.xlsx [Table 3.4]"
Latvia,2010,Escherichia coli,aminoglycosides,11.2,98.0,European/2013/Downloadables/E coli/number-e-coli-isolates-and-percentage-resistant-aminoglycosides-2010-2013.xlsx
Latvia,2011,Escherichia coli,aminoglycosides,11.4,132.0,European/2014/E coli/number-e-coli-isolates-and-percentage-resistant-aminoglycosides-2011-2014.xlsx
Latvia,2012,Escherichia coli,aminoglycosides,11.7,154.0,European/2014/E coli/number-e-coli-isolates-and-percentage-resistant-aminoglycosides-2011-2014.xlsx
Latvia,2013,Escherichia coli,aminoglycosides,6.6,136.0,European/2014/E coli/number-e-coli-isolates-and-percentage-resistant-aminoglycosides-2011-2014.xlsx
Latvia,2014,Escherichia coli,aminoglycosides,8.8,181.0,European/2014/E coli/number-e-coli-isolates-and-percentage-resistant-aminoglycosides-2011-2014.xlsx
Latvia,2015,Escherichia coli,aminoglycosides,14.1,191.0,"European/2015/E-coli, Tables 3-1 to 3-7.xlsx [Table 3.4]"
Lithuania,2010,Escherichia coli,aminoglycosides,14.5,331.0,European/2013/Downloadables/E coli/number-e-coli-isolates-and-percentage-resistant-aminoglycosides-2010-2013.xlsx
Lithuania,2011,Escherichia coli,aminoglycosides,9.7,382.0,European/2014/E coli/number-e-coli-isolates-and-percentage-resistant-aminoglycosides-2011-2014.xlsx
Lithuania,2012,Escherichia coli,aminoglycosides,9.5,461.0,European/2014/E coli/number-e-coli-isolates-and-percentage-resistant-aminoglycosides-2011-2014.xlsx
Lithuania,2013,Escherichia coli,aminoglycosides,11.2,430.0,European/2014/E coli/number-e-coli-isolates-and-percentage-resistant-aminoglycosides-2011-2014.xlsx
Lithuania,2014,Escherichia coli,aminoglycosides,10.7,590.0,European/2014/E coli/number-e-coli-isolates-and-percentage-resistant-aminoglycosides-2011-2014.xlsx
Lithuania,2015,Escherichia coli,aminoglycosides,10.1,583.0,"European/2015/E-coli, Tables 3-1 to 3-7.xlsx [Table 3.4]"
Luxembourg,2010,Escherichia coli,aminoglycosides,6.5,354.0,European/2013/Downloadables/E coli/number-e-coli-isolates-and-percentage-resistant-aminoglycosides-2010-2013.xlsx
Luxembourg,2011,Escherichia coli,aminoglycosides,8.2,354.0,European/2014/E coli/number-e-coli-isolates-and-percentage-resistant-aminoglycosides-2011-2014.xlsx
Luxembourg,2012,Escherichia coli,aminoglycosides,6.3,334.0,European/2014/E coli/number-e-coli-isolates-and-percentage-resistant-aminoglycosides-2011-2014.xlsx
Luxembourg,2013,Escherichia coli,aminoglycosides,6.8,308.0,European/2014/E coli/number-e-coli-isolates-and-percentage-resistant-aminoglycosides-2011-2014.xlsx
Luxembourg,2014,Escherichia coli,aminoglycosides,8.2,368.0,European/2014/E coli/number-e-coli-isolates-and-percentage-resistant-aminoglycosides-2011-2014.xlsx
Luxembourg,2015,Escherichia coli,aminoglycosides,8.9,347.0,"European/2015/E-coli, Tables 3-1 to 3-7.xlsx [Table 3.4]"
Malta,2010,Escherichia coli,aminoglycosides,22.4,192.0,European/2013/Downloadables/E coli/number-e-coli-isolates-and-percentage-resistant-aminoglycosides-2010-2013.xlsx
Malta,2011,Escherichia coli,aminoglycosides,15.5,219.0,European/2014/E coli/number-e-coli-isolates-and-percentage-resistant-aminoglycosides-2011-2014.xlsx
Malta,2012,Escherichia coli,aminoglycosides,13.9,216.0,European/2014/E coli/number-e-coli-isolates-and-percentage-resistant-aminoglycosides-2011-2014.xlsx
Malta,2013,Escherichia coli,aminoglycosides,9.7,248.0,European/2014/E coli/number-e-coli-isolates-and-percentage-resistant-aminoglycosides-2011-2014.xlsx
Malta,2014,Escherichia coli,aminoglycosides,10.4,279.0,European/2014/E coli/number-e-coli-isolates-and-percentage-resistant-aminoglycosides-2011-2014.xlsx
Malta,2015,Escherichia coli,aminoglycosides,11.6,258.0,"European/2015/E-coli, Tables 3-1 to 3-7.xlsx [Table 3.4]"
Netherlands,2010,Escherichia coli,aminoglycosides,7.2,3408.0,European/2013/Downloadables/E coli/number-e-coli-isolates-and-percentage-resistant-aminoglycosides-2010-2013.xlsx
Netherlands,2011,Escherichia coli,aminoglycosides,7.8,4431.0,European/2014/E coli/number-e-coli-isolates-and-percentage-resistant-aminoglycosides-2011-2014.xlsx
Netherlands,2012,Escherichia coli,aminoglycosides,7.2,4708.0,European/2014/E coli/number-e-coli-isolates-and-percentage-resistant-aminoglycosides-2011-2014.xlsx
Netherlands,2013,Escherichia coli,aminoglycosides,6.2,4743.0,European/2014/E coli/number-e-coli-isolates-and-percentage-resistant-aminoglycosides-2011-2014.xlsx
Netherlands,2014,Escherichia coli,aminoglycosides,6.3,6488.0,European/2014/E coli/number-e-coli-isolates-and-percentage-resistant-aminoglycosides-2011-2014.xlsx
Netherlands,2015,Escherichia coli,aminoglycosides,6.0,5378.0,"European/2015/E-coli, Tables 3-1 to 3-7.xlsx [Table 3.4]"
Norway,2010,Escherichia coli,aminoglycosides,4.3,2246.0,European/2013/Downloadables/E coli/number-e-coli-isolates-and-percentage-resistant-aminoglycosides-2010-2013.xlsx
Norway,2011,Escherichia coli,aminoglycosides,4.1,2470.0,European/2014/E coli/number-e-coli-isolates-and-percentage-resistant-aminoglycosides-2011-2014.xlsx
Norway,2012,Escherichia coli,aminoglycosides,5.8,3023.0,European/2014/E coli/number-e-coli-isolates-and-percentage-resistant-aminoglycosides-2011-2014.xlsx
Norway,2013,Escherichia coli,aminoglycosides,6.4,3079.0,European/2014/E coli/number-e-coli-isolates-and-percentage-resistant-aminoglycosides-2011-2014.xlsx
Norway,2014,Escherichia coli,aminoglycosides,6.0,3419.0,European/2014/E coli/number-e-coli-isolates-and-percentage-resistant-aminoglycosides-2011-2014.xlsx
Norway,2015,Escherichia coli,aminoglycosides,6.0,3301.0,"European/2015/E-coli, Tables 3-1 to 3-7.xlsx [Table 3.4]"
Poland,2010,Escherichia coli,aminoglycosides,9.1,704.0,European/2013/Downloadables/E coli/number-e-coli-isolates-and-percentage-resistant-aminoglycosides-2010-2013.xlsx
Poland,2011,Escherichia coli,aminoglycosides,8.4,1171.0,European/2014/E coli/number-e-coli-isolates-and-percentage-resistant-aminoglycosides-2011-2014.xlsx
Poland,2012,Escherichia coli,aminoglycosides,11.9,1046.0,European/2014/E coli/number-e-coli-isolates-and-percentage-resistant-aminoglycosides-2011-2014.xlsx
Poland,2013,Escherichia coli,aminoglycosides,11.0,1070.0,European/2014/E coli/number-e-coli-isolates-and-percentage-resistant-aminoglycosides-2011-2014.xlsx
Poland,2014,Escherichia coli,aminoglycosides,9.8,1068.0,"European/2015/E-coli, Tables 3-1 to 3-7.xlsx [Table 3.4]"
Poland,2015,Escherichia coli,aminoglycosides,11.2,1581.0,"European/2015/E-coli, Tables 3-1 to 3-7.xlsx [Table 3.4]"
Portugal,2010,Escherichia coli,aminoglycosides,12.0,1979.0,European/2013/Downloadables/E coli/number-e-coli-isolates-and-percentage-resistant-aminoglycosides-2010-2013.xlsx
Portugal,2011,Escherichia coli,aminoglycosides,16.1,1962.0,European/2014/E coli/number-e-coli-isolates-and-percentage-resistant-aminoglycosides-2011-2014.xlsx
Portugal,2012,Escherichia coli,aminoglycosides,16.3,2155.0,European/2014/E coli/number-e-coli-isolates-and-percentage-resistant-aminoglycosides-2011-2014.xlsx
Portugal,2013,Escherichia coli,aminoglycosides,15.8,2685.0,European/2014/E coli/number-e-coli-isolates-and-percentage-resistant-aminoglycosides-2011-2014.xlsx
Portugal,2014,Escherichia coli,aminoglycosides,16.3,4993.0,European/2014/E coli/number-e-coli-isolates-and-percentage-resistant-aminoglycosides-2011-2014.xlsx
Portugal,2015,Escherichia coli,aminoglycosides,13.8,5372.0,"European/2015/E-coli, Tables 3-1 to 3-7.xlsx [Table 3.4]"
Romania,2010,Escherichia coli,aminoglycosides,12.1,33.0,European/2013/Downloadables/E coli/number-e-coli-isolates-and-percentage-resistant-aminoglycosides-2010-2013.xlsx
Romania,2011,Escherichia coli,aminoglycosides,18.0,50.0,European/2014/E coli/number-e-coli-isolates-and-percentage-resistant-aminoglycosides-2011-2014.xlsx
Romania,2012,Escherichia coli,aminoglycosides,24.3,185.0,European/2014/E coli/number-e-coli-isolates-and-percentage-resistant-aminoglycosides-2011-2014.xlsx
Romania,2013,Escherichia coli,aminoglycosides,14.8,298.0,European/2014/E coli/number-e-coli-isolates-and-percentage-resistant-aminoglycosides-2011-2014.xlsx
Romania,2014,Escherichia coli,aminoglycosides,17.2,303.0,European/2014/E coli/number-e-coli-isolates-and-percentage-resistant-aminoglycosides-2011-2014.xlsx
Romania,2015,Escherichia coli,aminoglycosides,18.3,366.0,"European/2015/E-coli, Tables 3-1 to 3-7.xlsx [Table 3.4]"
Slovakia,2011,Escherichia coli,aminoglycosides,17.8,740.0,European/2014/E coli/number-e-coli-isolates-and-percentage-resistant-aminoglycosides-2011-2014.xlsx
Slovakia,2012,Escherichia coli,aminoglycosides,21.2,694.0,European/2014/E coli/number-e-coli-isolates-and-percentage-resistant-aminoglycosides-2011-2014.xlsx
Slovakia,2013,Escherichia coli,aminoglycosides,24.3,808.0,European/2014/E coli/number-e-coli-isolates-and-percentage-resistant-aminoglycosides-2011-2014.xlsx
Slovakia,2014,Escherichia coli,aminoglycosides,22.8,889.0,European/2014/E coli/number-e-coli-isolates-and-percentage-resistant-aminoglycosides-2011-2014.xlsx
Slovakia,2015,Escherichia coli,aminoglycosides,24.2,896.0,"European/2015/E-coli, Tables 3-1 to 3-7.xlsx [Table 3.4]"
Slovenia,2010,Escherichia coli,aminoglycosides,8.8,952.0,European/2013/Downloadables/E coli/number-e-coli-isolates-and-percentage-resistant-aminoglycosides-2010-2013.xlsx
Slovenia,2011,Escherichia coli,aminoglycosides,9.8,1002.0,European/2014/E coli/number-e-coli-isolates-and-percentage-resistant-aminoglycosides-2011-2014.xlsx
Slovenia,2012,Escherichia coli,aminoglycosides,8.6,1168.0,European/2014/E coli/number-e-coli-isolates-and-percentage-resistant-aminoglycosides-2011-2014.xlsx
Slovenia,2013,Escherichia coli,aminoglycosides,9.7,1224.0,European/2014/E coli/number-e-coli-isolates-and-percentage-resistant-aminoglycosides-2011-2014.xlsx
Slovenia,2014,Escherichia coli,aminoglycosides,11.6,1216.0,European/2014/E coli/number-e-coli-isolates-and-percentage-resistant-aminoglycosides-2011-2014.xlsx
Slovenia,2015,Escherichia coli,aminoglycosides,12.9,1326.0,"European/2015/E-coli, Tables 3-1 to 3-7.xlsx [Table 3.4]"
Spain,2010,Escherichia coli,aminoglycosides,14.2,5696.0,European/2013/Downloadables/E coli/number-e-coli-isolates-and-percentage-resistant-aminoglycosides-2010-2013.xlsx
Spain,2011,Escherichia coli,aminoglycosides,14.8,5603.0,European/2014/E coli/number-e-coli-isolates-and-percentage-resistant-aminoglycosides-2011-2014.xlsx
Spain,2012,Escherichia coli,aminoglycosides,15.6,5675.0,European/2014/E coli/number-e-coli-isolates-and-percentage-resistant-aminoglycosides-2011-2014.xlsx
Spain,2013,Escherichia coli,aminoglycosides,15.4,5930.0,European/2014/E coli/number-e-coli-isolates-and-percentage-resistant-aminoglycosides-2011-2014.xlsx
Spain,2014,Escherichia coli,aminoglycosides,15.1,5822.0,European/2014/E coli/number-e-coli-isolates-and-percentage-resistant-aminoglycosides-2011-2014.xlsx
Spain,2015,Escherichia coli,aminoglycosides,14.7,6489.0,"European/2015/E-coli, Tables 3-1 to 3-7.xlsx [Table 3.4]"
Sweden,2010,Escherichia coli,aminoglycosides,2.7,3665.0,European/2013/Downloadables/E coli/number-e-coli-isolates-and-percentage-resistant-aminoglycosides-2010-2013.xlsx
Sweden,2011,Escherichia coli,aminoglycosides,4.8,4832.0,European/2014/E coli/number-e-coli-isolates-and-percentage-resistant-aminoglycosides-2011-2014.xlsx
Sweden,2012,Escherichia coli,aminoglycosides,5.8,5537.0,European/2014/E coli/number-e-coli-isolates-and-percentage-resistant-aminoglycosides-2011-2014.xlsx
Sweden,2013,Escherichia coli,aminoglycosides,6.0,7101.0,European/2014/E coli/number-e-coli-isolates-and-percentage-resistant-aminoglycosides-2011-2014.xlsx
Sweden,2014,Escherichia coli,aminoglycosides,6.1,5606.0,European/2014/E coli/number-e-coli-isolates-and-percentage-resistant-aminoglycosides-2011-2014.xlsx
Sweden,2015,Escherichia coli,aminoglycosides,6.4,5761.0,"European/2015/E-coli, Tables 3-1 to 3-7.xlsx [Table 3.4]"
United Kingdom,2010,Escherichia coli,aminoglycosides,8.3,4929.0,European/2013/Downloadables/E coli/number-e-coli-isolates-and-percentage-resistant-aminoglycosides-2010-2013.xlsx
United Kingdom,2011,Escherichia coli,aminoglycosides,8.2,5661.0,European/2014/E coli/number-e-coli-isolates-and-percentage-resistant-aminoglycosides-2011-2014.xlsx
United Kingdom,2012,Escherichia coli,aminoglycosides,8.6,6390.0,European/2014/E coli/number-e-coli-isolates-and-percentage-resistant-aminoglycosides-2011-2014.xlsx
United Kingdom,2013,Escherichia coli,aminoglycosides,9.2,7167.0,European/2014/E coli/number-e-coli-isolates-and-percentage-resistant-aminoglycosides-2011-2014.xlsx
United Kingdom,2014,Escherichia coli,aminoglycosides,9.0,7273.0,European/2014/E coli/number-e-coli-isolates-and-percentage-resistant-aminoglycosides-2011-2014.xlsx
United Kingdom,2015,Escherichia coli,aminoglycosides,9.9,6052.0,"European/2015/E-coli, Tables 3-1 to 3-7.xlsx [Table 3.4]"
Austria,2010,Escherichia coli,aminopenicillins,50.6,2928.0,European/2013/Downloadables/E coli/number-e-coli-isolates-and-percentage-resistant-aminopenicilins-2010-2013.xlsx
Austria,2011,Escherichia coli,aminopenicillins,50.3,3148.0,European/2014/E coli/number-e-coli-isolates-and-percentage-resistant-aminopenicilins-2011-2014.xlsx
Austria,2012,Escherichia coli,aminopenicillins,50.6,3625.0,European/2014/E coli/number-e-coli-isolates-and-percentage-resistant-aminopenicilins-2011-2014.xlsx
Austria,2013,Escherichia coli,aminopenicillins,51.3,4379.0,European/2014/E coli/number-e-coli-isolates-and-percentage-resistant-aminopenicilins-2011-2014.xlsx
Austria,2014,Escherichia coli,aminopenicillins,50.4,4742.0,European/2014/E coli/number-e-coli-isolates-and-percentage-resistant-aminopenicilins-2011-2014.xlsx
Austria,2015,Escherichia coli,aminopenicillins,49.9,4880.0,"European/2015/E-coli, Tables 3-1 to 3-7.xlsx [Table 3.1]"
Belgium,2010,Escherichia coli,aminopenicillins,56.9,1957.0,European/2013/Downloadables/E coli/number-e-coli-isolates-and-percentage-resistant-aminopenicilins-2010-2013.xlsx
Belgium,2011,Escherichia coli,aminopenicillins,58.7,3507.0,European/2014/E coli/number-e-coli-isolates-and-percentage-resistant-aminopenicilins-2011-2014.xlsx
Belgium,2012,Escherichia coli,aminopenicillins,56.3,3898.0,European/2014/E coli/number-e-coli-isolates-and-percentage-resistant-aminopenicilins-2011-2014.xlsx
Belgium,2013,Escherichia coli,aminopenicillins,56.8,4350.0,European/2014/E coli/number-e-coli-isolates-and-percentage-resistant-aminopenicilins-2011-2014.xlsx
Belgium,2014,Escherichia coli,aminopenicillins,58.9,2876.0,European/2014/E coli/number-e-coli-isolates-and-percentage-resistant-aminopenicilins-2011-2014.xlsx
Belgium,2015,Escherichia coli,aminopenicillins,58.0,2674.0,"European/2015/E-coli, Tables 3-1 to 3-7.xlsx [Table 3.1]"
Bulgaria,2010,Escherichia coli,aminopenicillins,71.8,142.0,European/2013/Downloadables/E coli/number-e-coli-isolates-and-percentage-resistant-aminopenicilins-2010-2013.xlsx
Bulgaria,2011,Escherichia coli,aminopenicillins,60.5,152.0,European/2014/E coli/number-e-coli-isolates-and-percentage-resistant-aminopenicilins-2011-2014.xlsx
Bulgaria,2012,Escherichia coli,aminopenicillins,71.0,207.0,European/2014/E coli/number-e-coli-isolates-and-percentage-resistant-aminopenicilins-2011-2014.xlsx
Bulgaria,2013,Escherichia coli,aminopenicillins,74.4,160.0,European/2014/E coli/number-e-coli-isolates-and-percentage-resistant-aminopenicilins-2011-2014.xlsx
Bulgaria,2014,Escherichia coli,aminopenicillins,73.0,159.0,European/2014/E coli/number-e-coli-isolates-and-percentage-resistant-aminopenicilins-2011-2014.xlsx
Bulgaria,2015,Escherichia coli,aminopenicillins,66.4,143.0,"European/2015/E-coli, Tables 3-1 to 3-7.xlsx [Table 3.1]"
Croatia,2010,Escherichia coli,aminopenicillins,53.0,625.0,European/2013/Downloadables/E coli/number-e-coli-isolates-and-percentage-resistant-aminopenicilins-2010-2013.xlsx
Croatia,2011,Escherichia coli,aminopenicillins,55.3,975.0,European/2014/E coli/number-e-coli-isolates-and-percentage-resistant-aminopenicilins-2011-2014.xlsx
Croatia,2012,Escherichia coli,aminopenicillins,51.4,904.0,European/2014/E coli/number-e-coli-isolates-and-percentage-resistant-aminopenicilins-2011-2014.xlsx
Croatia,2013,Escherichia coli,aminopenicillins,53.7,1036.0,European/2014/E coli/number-e-coli-isolates-and-percentage-resistant-aminopenicilins-2011-2014.xlsx
Croatia,2014,Escherichia coli,aminopenicillins,54.0,1077.0,European/2014/E coli/number-e-coli-isolates-and-percentage-resistant-aminopenicilins-2011-2014.xlsx
Croatia,2015,Escherichia coli,aminopenicillins,55.3,1042.0,"European/2015/E-coli, Tables 3-1 to 3-7.xlsx [Table 3.1]"
Cyprus,2010,Escherichia coli,aminopenicillins,62.0,137.0,European/2013/Downloadables/E coli/number-e-coli-isolates-and-percentage-resistant-aminopenicilins-2010-2013.xlsx
Cyprus,2011,Escherichia coli,aminopenicillins,77.6,134.0,European/2014/E coli/number-e-coli-isolates-and-percentage-resistant-aminopenicilins-2011-2014.xlsx
Cyprus,2012,Escherichia coli,aminopenicillins,70.5,176.0,European/2014/E coli/number-e-coli-isolates-and-percentage-resistant-aminopenicilins-2011-2014.xlsx
Cyprus,2013,Escherichia coli,aminopenicillins,77.2,162.0,European/2014/E coli/number-e-coli-isolates-and-percentage-resistant-aminopenicilins-2011-2014.xlsx
Cyprus,2014,Escherichia coli,aminopenicillins,71.2,153.0,European/2014/E coli/number-e-coli-isolates-and-percentage-resistant-aminopenicilins-2011-2014.xlsx
Cyprus,2015,Escherichia coli,aminopenicillins,68.3,123.0,"European/2015/E-coli, Tables 3-1 to 3-7.xlsx [Table 3.1]"
Czech Republic,2010,Escherichia coli,aminopenicillins,59.3,2481.0,European/2013/Downloadables/E coli/number-e-coli-isolates-and-percentage-resistant-aminopenicilins-2010-2013.xlsx
Czech Republic,2011,Escherichia coli,aminopenicillins,60.7,2683.0,European/2014/E coli/number-e-coli-isolates-and-percentage-resistant-aminopenicilins-2011-2014.xlsx
Czech Republic,2012,Escherichia coli,aminopenicillins,56.8,2811.0,European/2014/E coli/number-e-coli-isolates-and-percentage-resistant-aminopenicilins-2011-2014.xlsx
Czech Republic,2013,Escherichia coli,aminopenicillins,54.9,2954.0,European/2014/E coli/number-e-coli-isolates-and-percentage-resistant-aminopenicilins-2011-2014.xlsx
Czech Republic,2014,Escherichia coli,aminopenicillins,54.4,2978.0,European/2014/E coli/number-e-coli-isolates-and-percentage-resistant-aminopenicilins-2011-2014.xlsx
Czech Republic,2015,Escherichia coli,aminopenicillins,54.3,3172.0,"European/2015/E-coli, Tables 3-1 to 3-7.xlsx [Table 3.1]"
Denmark,2010,Escherichia coli,aminopenicillins,45.8,3412.0,European/2013/Downloadables/E coli/number-e-coli-isolates-and-percentage-resistant-aminopenicilins-2010-2013.xlsx
Denmark,2011,Escherichia coli,aminopenicillins,47.9,3638.0,European/2014/E coli/number-e-coli-isolates-and-percentage-resistant-aminopenicilins-2011-2014.xlsx
Denmark,2012,Escherichia coli,aminopenicillins,45.2,3708.0,European/2014/E coli/number-e-coli-isolates-and-percentage-resistant-aminopenicilins-2011-2014.xlsx
Denmark,2013,Escherichia coli,aminopenicillins,46.3,3965.0,European/2014/E coli/number-e-coli-isolates-and-percentage-resistant-aminopenicilins-2011-2014.xlsx
Denmark,2014,Escherichia coli,aminopenicillins,44.9,4490.0,European/2014/E coli/number-e-coli-isolates-and-percentage-resistant-aminopenicilins-2011-2014.xlsx
Denmark,2015,Escherichia coli,aminopenicillins,45.3,4594.0,"European/2015/E-coli, Tables 3-1 to 3-7.xlsx [Table 3.1]"
Estonia,2010,Escherichia coli,aminopenicillins,37.5,259.0,European/2013/Downloadables/E coli/number-e-coli-isolates-and-percentage-resistant-aminopenicilins-2010-2013.xlsx
Estonia,2012,Escherichia coli,aminopenicillins,48.1,216.0,European/2014/E coli/number-e-coli-isolates-and-percentage-resistant-aminopenicilins-2011-2014.xlsx
Estonia,2013,Escherichia coli,aminopenicillins,46.4,235.0,European/2014/E coli/number-e-coli-isolates-and-percentage-resistant-aminopenicilins-2011-2014.xlsx
Estonia,2014,Escherichia coli,aminopenicillins,47.1,261.0,European/2014/E coli/number-e-coli-isolates-and-percentage-resistant-aminopenicilins-2011-2014.xlsx
Estonia,2015,Escherichia coli,aminopenicillins,47.4,196.0,"European/2015/E-coli, Tables 3-1 to 3-7.xlsx [Table 3.1]"
Finland,2010,Escherichia coli,aminopenicillins,33.8,2165.0,European/2013/Downloadables/E coli/number-e-coli-isolates-and-percentage-resistant-aminopenicilins-2010-2013.xlsx
Finland,2011,Escherichia coli,aminopenicillins,37.3,2264.0,European/2014/E coli/number-e-coli-isolates-and-percentage-resistant-aminopenicilins-2011-2014.xlsx
Finland,2012,Escherichia coli,aminopenicillins,39.7,2090.0,European/2014/E coli/number-e-coli-isolates-and-percentage-resistant-aminopenicilins-2011-2014.xlsx
Finland,2013,Escherichia coli,aminopenicillins,37.3,2124.0,European/2014/E coli/number-e-coli-isolates-and-percentage-resistant-aminopenicilins-2011-2014.xlsx
Finland,2014,Escherichia coli,aminopenicillins,34.7,2365.0,European/2014/E coli/number-e-coli-isolates-and-percentage-resistant-aminopenicilins-2011-2014.xlsx
Finland,2015,Escherichia coli,aminopenicillins,36.0,2472.0,"European/2015/E-coli, Tables 3-1 to 3-7.xlsx [Table 3.1]"
France,2010,Escherichia coli,aminopenicillins,54.6,9017.0,European/2013/Downloadables/E coli/number-e-coli-isolates-and-percentage-resistant-aminopenicilins-2010-2013.xlsx
France,2011,Escherichia coli,aminopenicillins,55.1,8784.0,European/2014/E coli/number-e-coli-isolates-and-percentage-resistant-aminopenicilins-2011-2014.xlsx
France,2012,Escherichia coli,aminopenicillins,55.2,9599.0,European/2014/E coli/number-e-coli-isolates-and-percentage-resistant-aminopenicilins-2011-2014.xlsx
France,2013,Escherichia coli,aminopenicillins,55.1,10146.0,European/2014/E coli/number-e-coli-isolates-and-percentage-resistant-aminopenicilins-2011-2014.xlsx
France,2014,Escherichia coli,aminopenicillins,55.9,10325.0,European/2014/E coli/number-e-coli-isolates-and-percentage-resistant-aminopenicilins-2011-2014.xlsx
France,2015,Escherichia coli,aminopenicillins,57.0,10946.0,"European/2015/E-coli, Tables 3-1 to 3-7.xlsx [Table 3.1]"
Germany,2010,Escherichia coli,aminopenicillins,54.4,3022.0,European/2013/Downloadables/E coli/number-e-coli-isolates-and-percentage-resistant-aminopenicilins-2010-2013.xlsx
Germany,2011,Escherichia coli,aminopenicillins,52.3,3638.0,European/2014/E coli/number-e-coli-isolates-and-percentage-resistant-aminopenicilins-2011-2014.xlsx
Germany,2012,Escherichia coli,aminopenicillins,49.6,4162.0,European/2014/E coli/number-e-coli-isolates-and-percentage-resistant-aminopenicilins-2011-2014.xlsx
Germany,2013,Escherichia coli,aminopenicillins,52.9,5220.0,European/2014/E coli/number-e-coli-isolates-and-percentage-resistant-aminopenicilins-2011-2014.xlsx
Germany,2014,Escherichia coli,aminopenicillins,51.7,5543.0,European/2014/E coli/number-e-coli-isolates-and-percentage-resistant-aminopenicilins-2011-2014.xlsx
Germany,2015,Escherichia coli,aminopenicillins,49.3,8053.0,"European/2015/E-coli, Tables 3-1 to 3-7.xlsx [Table 3.1]"
Greece,2010,Escherichia coli,aminopenicillins,52.3,1474.0,European/2013/Downloadables/E coli/number-e-coli-isolates-and-percentage-resistant-aminopenicilins-2010-2013.xlsx
Greece,2011,Escherichia coli,aminopenicillins,54.5,1297.0,European/2014/E coli/number-e-coli-isolates-and-percentage-resistant-aminopenicilins-2011-2014.xlsx
Greece,2012,Escherichia coli,aminopenicillins,55.0,1270.0,European/2014/E coli/number-e-coli-isolates-and-percentage-resistant-aminopenicilins-2011-2014.xlsx
Greece,2013,Escherichia coli,aminopenicillins,56.4,1149.0,European/2014/E coli/number-e-coli-isolates-and-percentage-resistant-aminopenicilins-2011-2014.xlsx
Greece,2014,Escherichia coli,aminopenicillins,55.7,1057.0,European/2014/E coli/number-e-coli-isolates-and-percentage-resistant-aminopenicilins-2011-2014.xlsx
Greece,2015,Escherichia coli,aminopenicillins,56.1,1079.0,"European/2015/E-coli, Tables 3-1 to 3-7.xlsx [Table 3.1]"
Hungary,2010,Escherichia coli,aminopenicillins,65.3,1328.0,European/2013/Downloadables/E coli/number-e-coli-isolates-and-percentage-resistant-aminopenicilins-2010-2013.xlsx
Hungary,2011,Escherichia coli,aminopenicillins,64.7,991.0,European/2014/E coli/number-e-coli-isolates-and-percentage-resistant-aminopenicilins-2011-2014.xlsx
Hungary,2012,Escherichia coli,aminopenicillins,63.9,1328.0,European/2014/E coli/number-e-coli-isolates-and-percentage-resistant-aminopenicilins-2011-2014.xlsx
Hungary,2013,Escherichia coli,aminopenicillins,60.9,1411.0,European/2014/E coli/number-e-coli-isolates-and-percentage-resistant-aminopenicilins-2011-2014.xlsx
Hungary,2014,Escherichia coli,aminopenicillins,59.1,1603.0,European/2014/E coli/number-e-coli-isolates-and-percentage-resistant-aminopenicilins-2011-2014.xlsx
Hungary,2015,Escherichia coli,aminopenicillins,60.6,1970.0,"European/2015/E-coli, Tables 3-1 to 3-7.xlsx [Table 3.1]"
Iceland,2010,Escherichia coli,aminopenicillins,46.0,100.0,European/2013/Downloadables/E coli/number-e-coli-isolates-and-percentage-resistant-aminopenicilins-2010-2013.xlsx
Iceland,2011,Escherichia coli,aminopenicillins,48.1,129.0,European/2014/E coli/number-e-coli-isolates-and-percentage-resistant-aminopenicilins-2011-2014.xlsx
Iceland,2012,Escherichia coli,aminopenicillins,44.3,131.0,European/2014/E coli/number-e-coli-isolates-and-percentage-resistant-aminopenicilins-2011-2014.xlsx
Iceland,2013,Escherichia coli,aminopenicillins,46.3,121.0,European/2014/E coli/number-e-coli-isolates-and-percentage-resistant-aminopenicilins-2011-2014.xlsx
Iceland,2014,Escherichia coli,aminopenicillins,43.0,151.0,European/2014/E coli/number-e-coli-isolates-and-percentage-resistant-aminopenicilins-2011-2014.xlsx
Iceland,2015,Escherichia coli,aminopenicillins,44.5,173.0,"European/2015/E-coli, Tables 3-1 to 3-7.xlsx [Table 3.1]"
Ireland,2010,Escherichia coli,aminopenicillins,66.8,2121.0,European/2013/Downloadables/E coli/number-e-coli-isolates-and-percentage-resistant-aminopenicilins-2010-2013.xlsx
Ireland,2011,Escherichia coli,aminopenicillins,69.5,2118.0,European/2014/E coli/number-e-coli-isolates-and-percentage-resistant-aminopenicilins-2011-2014.xlsx
Ireland,2012,Escherichia coli,aminopenicillins,67.4,2329.0,European/2014/E coli/number-e-coli-isolates-and-percentage-resistant-aminopenicilins-2011-2014.xlsx
Ireland,2013,Escherichia coli,aminopenicillins,69.4,2465.0,European/2014/E coli/number-e-coli-isolates-and-percentage-resistant-aminopenicilins-2011-2014.xlsx
Ireland,2014,Escherichia coli,aminopenicillins,68.7,2694.0,European/2014/E coli/number-e-coli-isolates-and-percentage-resistant-aminopenicilins-2011-2014.xlsx
Ireland,2015,Escherichia coli,aminopenicillins,66.2,2646.0,"European/2015/E-coli, Tables 3-1 to 3-7.xlsx [Table 3.1]"
Italy,2010,Escherichia coli,aminopenicillins,64.2,2288.0,European/2013/Downloadables/E coli/number-e-coli-isolates-and-percentage-resistant-aminopenicilins-2010-2013.xlsx
Italy,2011,Escherichia coli,aminopenicillins,67.1,1530.0,European/2014/E coli/number-e-coli-isolates-and-percentage-resistant-aminopenicilins-2011-2014.xlsx
Italy,2012,Escherichia coli,aminopenicillins,67.5,2123.0,European/2014/E coli/number-e-coli-isolates-and-percentage-resistant-aminopenicilins-2011-2014.xlsx
Italy,2013,Escherichia coli,aminopenicillins,65.7,2356.0,European/2014/E coli/number-e-coli-isolates-and-percentage-resistant-aminopenicilins-2011-2014.xlsx
Italy,2014,Escherichia coli,aminopenicillins,65.4,2178.0,European/2014/E coli/number-e-coli-isolates-and-percentage-resistant-aminopenicilins-2011-2014.xlsx
Italy,2015,Escherichia coli,aminopenicillins,67.4,3385.0,"European/2015/E-coli, Tables 3-1 to 3-7.xlsx [Table 3.1]"
Latvia,2010,Escherichia coli,aminopenicillins,50.0,98.0,European/2013/Downloadables/E coli/number-e-coli-isolates-and-percentage-resistant-aminopenicilins-2010-2013.xlsx
Latvia,2011,Escherichia coli,aminopenicillins,54.6,130.0,European/2014/E coli/number-e-coli-isolates-and-percentage-resistant-aminopenicilins-2011-2014.xlsx
Latvia,2012,Escherichia coli,aminopenicillins,54.2,153.0,European/2014/E coli/number-e-coli-isolates-and-percentage-resistant-aminopenicilins-2011-2014.xlsx
Latvia,2013,Escherichia coli,aminopenicillins,51.9,135.0,European/2014/E coli/number-e-coli-isolates-and-percentage-resistant-aminopenicilins-2011-2014.xlsx
Latvia,2014,Escherichia coli,aminopenicillins,48.4,182.0,European/2014/E coli/number-e-coli-isolates-and-percentage-resistant-aminopenicilins-2011-2014.xlsx
Latvia,2015,Escherichia coli,aminopenicillins,53.6,192.0,"European/2015/E-coli, Tables 3-1 to 3-7.xlsx [Table 3.1]"
Lithuania,2010,Escherichia coli,aminopenicillins,55.9,329.0,European/2013/Downloadables/E coli/number-e-coli-isolates-and-percentage-resistant-aminopenicilins-2010-2013.xlsx
Lithuania,2011,Escherichia coli,aminopenicillins,47.8,383.0,European/2014/E coli/number-e-coli-isolates-and-percentage-resistant-aminopenicilins-2011-2014.xlsx
Lithuania,2012,Escherichia coli,aminopenicillins,52.5,461.0,European/2014/E coli/number-e-coli-isolates-and-percentage-resistant-aminopenicilins-2011-2014.xlsx
Lithuania,2013,Escherichia coli,aminopenicillins,54.2,432.0,European/2014/E coli/number-e-coli-isolates-and-percentage-resistant-aminopenicilins-2011-2014.xlsx
Lithuania,2014,Escherichia coli,aminopenicillins,57.8,590.0,European/2014/E coli/number-e-coli-isolates-and-percentage-resistant-aminopenicilins-2011-2014.xlsx
Lithuania,2015,Escherichia coli,aminopenicillins,59.6,582.0,"European/2015/E-coli, Tables 3-1 to 3-7.xlsx [Table 3.1]"
Luxembourg,2010,Escherichia coli,aminopenicillins,63.2,353.0,European/2013/Downloadables/E coli/number-e-coli-isolates-and-percentage-resistant-aminopenicilins-2010-2013.xlsx
Luxembourg,2011,Escherichia coli,aminopenicillins,52.1,353.0,European/2014/E coli/number-e-coli-isolates-and-percentage-resistant-aminopenicilins-2011-2014.xlsx
Luxembourg,2012,Escherichia coli,aminopenicillins,50.7,335.0,European/2014/E coli/number-e-coli-isolates-and-percentage-resistant-aminopenicilins-2011-2014.xlsx
Luxembourg,2013,Escherichia coli,aminopenicillins,54.5,299.0,European/2014/E coli/number-e-coli-isolates-and-percentage-resistant-aminopenicilins-2011-2014.xlsx
Luxembourg,2014,Escherichia coli,aminopenicillins,59.6,371.0,European/2014/E coli/number-e-coli-isolates-and-percentage-resistant-aminopenicilins-2011-2014.xlsx
Luxembourg,2015,Escherichia coli,aminopenicillins,60.2,347.0,"European/2015/E-coli, Tables 3-1 to 3-7.xlsx [Table 3.1]"
Malta,2010,Escherichia coli,aminopenicillins,44.3,192.0,European/2013/Downloadables/E coli/number-e-coli-isolates-and-percentage-resistant-aminopenicilins-2010-2013.xlsx
Malta,2011,Escherichia coli,aminopenicillins,53.0,219.0,European/2014/E coli/number-e-coli-isolates-and-percentage-resistant-aminopenicilins-2011-2014.xlsx
Malta,2012,Escherichia coli,aminopenicillins,54.6,207.0,European/2014/E coli/number-e-coli-isolates-and-percentage-resistant-aminopenicilins-2011-2014.xlsx
Malta,2013,Escherichia coli,aminopenicillins,54.8,248.0,European/2014/E coli/number-e-coli-isolates-and-percentage-resistant-aminopenicilins-2011-2014.xlsx
Malta,2014,Escherichia coli,aminopenicillins,53.4,279.0,European/2014/E coli/number-e-coli-isolates-and-percentage-resistant-aminopenicilins-2011-2014.xlsx
Malta,2015,Escherichia coli,aminopenicillins,55.0,258.0,"European/2015/E-coli, Tables 3-1 to 3-7.xlsx [Table 3.1]"
Netherlands,2010,Escherichia coli,aminopenicillins,47.6,3404.0,European/2013/Downloadables/E coli/number-e-coli-isolates-and-percentage-resistant-aminopenicilins-2010-2013.xlsx
Netherlands,2011,Escherichia coli,aminopenicillins,48.5,4425.0,European/2014/E coli/number-e-coli-isolates-and-percentage-resistant-aminopenicilins-2011-2014.xlsx
Netherlands,2012,Escherichia coli,aminopenicillins,49.0,4697.0,European/2014/E coli/number-e-coli-isolates-and-percentage-resistant-aminopenicilins-2011-2014.xlsx
Netherlands,2013,Escherichia coli,aminopenicillins,47.5,4656.0,European/2014/E coli/number-e-coli-isolates-and-percentage-resistant-aminopenicilins-2011-2014.xlsx
Netherlands,2014,Escherichia coli,aminopenicillins,46.0,6458.0,European/2014/E coli/number-e-coli-isolates-and-percentage-resistant-aminopenicilins-2011-2014.xlsx
Netherlands,2015,Escherichia coli,aminopenicillins,47.2,5376.0,"European/2015/E-coli, Tables 3-1 to 3-7.xlsx [Table 3.1]"
Norway,2010,Escherichia coli,aminopenicillins,38.2,2268.0,European/2013/Downloadables/E coli/number-e-coli-isolates-and-percentage-resistant-aminopenicilins-2010-2013.xlsx
Norway,2011,Escherichia coli,aminopenicillins,39.1,2617.0,European/2014/E coli/number-e-coli-isolates-and-percentage-resistant-aminopenicilins-2011-2014.xlsx
Norway,2012,Escherichia coli,aminopenicillins,43.2,2995.0,European/2014/E coli/number-e-coli-isolates-and-percentage-resistant-aminopenicilins-2011-2014.xlsx
Norway,2013,Escherichia coli,aminopenicillins,43.0,3016.0,European/2014/E coli/number-e-coli-isolates-and-percentage-resistant-aminopenicilins-2011-2014.xlsx
Norway,2014,Escherichia coli,aminopenicillins,41.8,3404.0,European/2014/E coli/number-e-coli-isolates-and-percentage-resistant-aminopenicilins-2011-2014.xlsx
Norway,2015,Escherichia coli,aminopenicillins,45.8,3299.0,"European/2015/E-coli, Tables 3-1 to 3-7.xlsx [Table 3.1]"
Poland,2010,Escherichia coli,aminopenicillins,60.2,616.0,European/2013/Downloadables/E coli/number-e-coli-isolates-and-percentage-resistant-aminopenicilins-2010-2013.xlsx
Poland,2011,Escherichia coli,aminopenicillins,62.0,934.0,European/2014/E coli/number-e-coli-isolates-and-percentage-resistant-aminopenicilins-2011-2014.xlsx
Poland,2012,Escherichia coli,aminopenicillins,63.3,736.0,European/2014/E coli/number-e-coli-isolates-and-percentage-resistant-aminopenicilins-2011-2014.xlsx
Poland,2013,Escherichia coli,aminopenicillins,65.3,277.0,European/2014/E coli/number-e-coli-isolates-and-percentage-resistant-aminopenicilins-2011-2014.xlsx
Poland,2014,Escherichia coli,aminopenicillins,59.7,268.0,"European/2015/E-coli, Tables 3-1 to 3-7.xlsx [Table 3.1]"
Poland,2015,Escherichia coli,aminopenicillins,64.7,346.0,"European/2015/E-coli, Tables 3-1 to 3-7.xlsx [Table 3.1]"
Portugal,2010,Escherichia coli,aminopenicillins,55.8,1976.0,European/2013/Downloadables/E coli/number-e-coli-isolates-and-percentage-resistant-aminopenicilins-2010-2013.xlsx
Portugal,2011,Escherichia coli,aminopenicillins,56.5,1963.0,European/2014/E coli/number-e-coli-isolates-and-percentage-resistant-aminopenicilins-2011-2014.xlsx
Portugal,2012,Escherichia coli,aminopenicillins,59.4,2152.0,European/2014/E coli/number-e-coli-isolates-and-percentage-resistant-aminopenicilins-2011-2014.xlsx
Portugal,2013,Escherichia coli,aminopenicillins,59.4,2677.0,European/2014/E coli/number-e-coli-isolates-and-percentage-resistant-aminopenicilins-2011-2014.xlsx
Portugal,2014,Escherichia coli,aminopenicillins,58.9,4899.0,European/2014/E coli/number-e-coli-isolates-and-percentage-resistant-aminopenicilins-2011-2014.xlsx
Portugal,2015,Escherichia coli,aminopenicillins,57.8,5177.0,"European/2015/E-coli, Tables 3-1 to 3-7.xlsx [Table 3.1]"
Romania,2010,Escherichia coli,aminopenicillins,82.6,23.0,European/2013/Downloadables/E coli/number-e-coli-isolates-and-percentage-resistant-aminopenicilins-2010-2013.xlsx
Romania,2011,Escherichia coli,aminopenicillins,70.8,24.0,European/2014/E coli/number-e-coli-isolates-and-percentage-resistant-aminopenicilins-2011-2014.xlsx
Romania,2012,Escherichia coli,aminopenicillins,58.9,185.0,European/2014/E coli/number-e-coli-isolates-and-percentage-resistant-aminopenicilins-2011-2014.xlsx
Romania,2013,Escherichia coli,aminopenicillins,67.4,279.0,European/2014/E coli/number-e-coli-isolates-and-percentage-resistant-aminopenicilins-2011-2014.xlsx
Romania,2014,Escherichia coli,aminopenicillins,68.0,253.0,European/2014/E coli/number-e-coli-isolates-and-percentage-resistant-aminopenicilins-2011-2014.xlsx
Romania,2015,Escherichia coli,aminopenicillins,73.0,259.0,"European/2015/E-coli, Tables 3-1 to 3-7.xlsx [Table 3.1]"
Slovakia,2011,Escherichia coli,aminopenicillins,68.4,610.0,European/2014/E coli/number-e-coli-isolates-and-percentage-resistant-aminopenicilins-2011-2014.xlsx
Slovakia,2012,Escherichia coli,aminopenicillins,64.9,596.0,European/2014/E coli/number-e-coli-isolates-and-percentage-resistant-aminopenicilins-2011-2014.xlsx
Slovakia,2013,Escherichia coli,aminopenicillins,61.5,786.0,European/2014/E coli/number-e-coli-isolates-and-percentage-resistant-aminopenicilins-2011-2014.xlsx
Slovakia,2014,Escherichia coli,aminopenicillins,64.5,866.0,European/2014/E coli/number-e-coli-isolates-and-percentage-resistant-aminopenicilins-2011-2014.xlsx
Slovakia,2015,Escherichia coli,aminopenicillins,62.8,878.0,"European/2015/E-coli, Tables 3-1 to 3-7.xlsx [Table 3.1]"
Slovenia,2010,Escherichia coli,aminopenicillins,48.0,941.0,European/2013/Downloadables/E coli/number-e-coli-isolates-and-percentage-resistant-aminopenicilins-2010-2013.xlsx
Slovenia,2011,Escherichia coli,aminopenicillins,53.9,1002.0,European/2014/E coli/number-e-coli-isolates-and-percentage-resistant-aminopenicilins-2011-2014.xlsx
Slovenia,2012,Escherichia coli,aminopenicillins,50.4,1168.0,European/2014/E coli/number-e-coli-isolates-and-percentage-resistant-aminopenicilins-2011-2014.xlsx
Slovenia,2013,Escherichia coli,aminopenicillins,51.5,1224.0,European/2014/E coli/number-e-coli-isolates-and-percentage-resistant-aminopenicilins-2011-2014.xlsx
Slovenia,2014,Escherichia coli,aminopenicillins,52.6,1216.0,European/2014/E coli/number-e-coli-isolates-and-percentage-resistant-aminopenicilins-2011-2014.xlsx
Slovenia,2015,Escherichia coli,aminopenicillins,54.8,1326.0,"European/2015/E-coli, Tables 3-1 to 3-7.xlsx [Table 3.1]"
Spain,2010,Escherichia coli,aminopenicillins,64.5,5696.0,European/2013/Downloadables/E coli/number-e-coli-isolates-and-percentage-resistant-aminopenicilins-2010-2013.xlsx
Spain,2011,Escherichia coli,aminopenicillins,65.6,5592.0,European/2014/E coli/number-e-coli-isolates-and-percentage-resistant-aminopenicilins-2011-2014.xlsx
Spain,2012,Escherichia coli,aminopenicillins,65.4,5672.0,European/2014/E coli/number-e-coli-isolates-and-percentage-resistant-aminopenicilins-2011-2014.xlsx
Spain,2013,Escherichia coli,aminopenicillins,65.1,5720.0,European/2014/E coli/number-e-coli-isolates-and-percentage-resistant-aminopenicilins-2011-2014.xlsx
Spain,2014,Escherichia coli,aminopenicillins,64.9,5817.0,European/2014/E coli/number-e-coli-isolates-and-percentage-resistant-aminopenicilins-2011-2014.xlsx
Spain,2015,Escherichia coli,aminopenicillins,63.9,6427.0,"European/2015/E-coli, Tables 3-1 to 3-7.xlsx [Table 3.1]"
Sweden,2010,Escherichia coli,aminopenicillins,34.7,1727.0,European/2013/Downloadables/E coli/number-e-coli-isolates-and-percentage-resistant-aminopenicilins-2010-2013.xlsx
Sweden,2011,Escherichia coli,aminopenicillins,34.7,352.0,European/2014/E coli/number-e-coli-isolates-and-percentage-resistant-aminopenicilins-2011-2014.xlsx
Sweden,2012,Escherichia coli,aminopenicillins,28.3,230.0,European/2014/E coli/number-e-coli-isolates-and-percentage-resistant-aminopenicilins-2011-2014.xlsx
Sweden,2013,Escherichia coli,aminopenicillins,34.1,452.0,European/2014/E coli/number-e-coli-isolates-and-percentage-resistant-aminopenicilins-2011-2014.xlsx
Sweden,2015,Escherichia coli,aminopenicillins,34.1,396.0,"European/2015/E-coli, Tables 3-1 to 3-7.xlsx [Table 3.1]"
United Kingdom,2010,Escherichia coli,aminopenicillins,62.3,4429.0,European/2013/Downloadables/E coli/number-e-coli-isolates-and-percentage-resistant-aminopenicilins-2010-2013.xlsx
United Kingdom,2011,Escherichia coli,aminopenicillins,62.8,5074.0,European/2014/E coli/number-e-coli-isolates-and-percentage-resistant-aminopenicilins-2011-2014.xlsx
United Kingdom,2012,Escherichia coli,aminopenicillins,62.7,5846.0,European/2014/E coli/number-e-coli-isolates-and-percentage-resistant-aminopenicilins-2011-2014.xlsx
United Kingdom,2013,Escherichia coli,aminopenicillins,63.1,6648.0,European/2014/E coli/number-e-coli-isolates-and-percentage-resistant-aminopenicilins-2011-2014.xlsx
United Kingdom,2014,Escherichia coli,aminopenicillins,62.7,6637.0,European/2014/E coli/number-e-coli-isolates-and-percentage-resistant-aminopenicilins-2011-2014.xlsx
United Kingdom,2015,Escherichia coli,aminopenicillins,65.8,5117.0,"European/2015/E-coli, Tables 3-1 to 3-7.xlsx [Table 3.1]"
Austria,2010,Escherichia coli,carbapenems,0.0,2465.0,European/2013/Downloadables/E coli/number-e-coli-isolates-and-percentage-resistant-carbapenems-2010-2013.xlsx
Austria,2011,Escherichia coli,carbapenems,0.0,2712.0,European/2014/E coli/number-e-coli-isolates-and-percentage-resistant-carbapenems-2011-2014.xlsx
Austria,2012,Escherichia coli,carbapenems,0.1,3340.0,European/2014/E coli/number-e-coli-isolates-and-percentage-resistant-carbapenems-2011-2014.xlsx
Belgium,2010,Escherichia coli,carbapenems,0.0,1014.0,European/2013/Downloadables/E coli/number-e-coli-isolates-and-percentage-resistant-carbapenems-2010-2013.xlsx
Belgium,2011,Escherichia coli,carbapenems,0.0,3989.0,European/2014/E coli/number-e-coli-isolates-and-percentage-resistant-carbapenems-2011-2014.xlsx
Belgium,2012,Escherichia coli,carbapenems,0.0,4119.0,European/2014/E coli/number-e-coli-isolates-and-percentage-resistant-carbapenems-2011-2014.xlsx
Belgium,2015,Escherichia coli,carbapenems,0.0,2588.0,"European/2015/E-coli, Tables 3-1 to 3-7.xlsx [Table 3.5]"
Bulgaria,2012,Escherichia coli,carbapenems,2.6,191.0,European/2014/E coli/number-e-coli-isolates-and-percentage-resistant-carbapenems-2011-2014.xlsx
Bulgaria,2013,Escherichia coli,carbapenems,2.8,176.0,European/2014/E coli/number-e-coli-isolates-and-percentage-resistant-carbapenems-2011-2014.xlsx
Bulgaria,2014,Escherichia coli,carbapenems,0.5,197.0,European/2014/E coli/number-e-coli-isolates-and-percentage-resistant-carbapenems-2011-2014.xlsx
Bulgaria,2015,Escherichia coli,carbapenems,0.0,182.0,"European/2015/E-coli, Tables 3-1 to 3-7.xlsx [Table 3.5]"
Croatia,2010,Escherichia coli,carbapenems,0.3,872.0,European/2013/Downloadables/E coli/number-e-coli-isolates-and-percentage-resistant-carbapenems-2010-2013.xlsx
Croatia,2011,Escherichia coli,carbapenems,0.0,983.0,European/2014/E coli/number-e-coli-isolates-and-percentage-resistant-carbapenems-2011-2014.xlsx
Croatia,2012,Escherichia coli,carbapenems,0.0,900.0,European/2014/E coli/number-e-coli-isolates-and-percentage-resistant-carbapenems-2011-2014.xlsx
Croatia,2013,Escherichia coli,carbapenems,0.0,1038.0,European/2014/E coli/number-e-coli-isolates-and-percentage-resistant-carbapenems-2011-2014.xlsx
Croatia,2014,Escherichia coli,carbapenems,0.0,1079.0,European/2014/E coli/number-e-coli-isolates-and-percentage-resistant-carbapenems-2011-2014.xlsx
Croatia,2015,Escherichia coli,carbapenems,0.0,1046.0,"European/2015/E-coli, Tables 3-1 to 3-7.xlsx [Table 3.5]"
Cyprus,2010,Escherichia coli,carbapenems,0.7,138.0,European/2013/Downloadables/E coli/number-e-coli-isolates-and-percentage-resistant-carbapenems-2010-2013.xlsx
Cyprus,2011,Escherichia coli,carbapenems,0.7,138.0,European/2014/E coli/number-e-coli-isolates-and-percentage-resistant-carbapenems-2011-2014.xlsx
Cyprus,2013,Escherichia coli,carbapenems,0.0,162.0,European/2014/E coli/number-e-coli-isolates-and-percentage-resistant-carbapenems-2011-2014.xlsx
Cyprus,2014,Escherichia coli,carbapenems,0.0,153.0,European/2014/E coli/number-e-coli-isolates-and-percentage-resistant-carbapenems-2011-2014.xlsx
Cyprus,2015,Escherichia coli,carbapenems,0.0,123.0,"European/2015/E-coli, Tables 3-1 to 3-7.xlsx [Table 3.5]"
Czech Republic,2010,Escherichia coli,carbapenems,0.1,1647.0,European/2013/Downloadables/E coli/number-e-coli-isolates-and-percentage-resistant-carbapenems-2010-2013.xlsx
Czech Republic,2011,Escherichia coli,carbapenems,0.0,1675.0,European/2014/E coli/number-e-coli-isolates-and-percentage-resistant-carbapenems-2011-2014.xlsx
Czech Republic,2012,Escherichia coli,carbapenems,0.1,1729.0,European/2014/E coli/number-e-coli-isolates-and-percentage-resistant-carbapenems-2011-2014.xlsx
Czech Republic,2013,Escherichia coli,carbapenems,0.0,1733.0,European/2014/E coli/number-e-coli-isolates-and-percentage-resistant-carbapenems-2011-2014.xlsx
Czech Republic,2014,Escherichia coli,carbapenems,0.0,1702.0,European/2014/E coli/number-e-coli-isolates-and-percentage-resistant-carbapenems-2011-2014.xlsx
Czech Republic,2015,Escherichia coli,carbapenems,0.0,1471.0,"European/2015/E-coli, Tables 3-1 to 3-7.xlsx [Table 3.5]"
Denmark,2010,Escherichia coli,carbapenems,0.0,2011.0,European/2013/Downloadables/E coli/number-e-coli-isolates-and-percentage-resistant-carbapenems-2010-2013.xlsx
Denmark,2011,Escherichia coli,carbapenems,0.0,2265.0,European/2014/E coli/number-e-coli-isolates-and-percentage-resistant-carbapenems-2011-2014.xlsx
Denmark,2012,Escherichia coli,carbapenems,0.0,2865.0,European/2014/E coli/number-e-coli-isolates-and-percentage-resistant-carbapenems-2011-2014.xlsx
Estonia,2013,Escherichia coli,carbapenems,0.0,283.0,European/2014/E coli/number-e-coli-isolates-and-percentage-resistant-carbapenems-2011-2014.xlsx
Estonia,2014,Escherichia coli,carbapenems,0.0,254.0,European/2014/E coli/number-e-coli-isolates-and-percentage-resistant-carbapenems-2011-2014.xlsx
Estonia,2015,Escherichia coli,carbapenems,0.0,219.0,"European/2015/E-coli, Tables 3-1 to 3-7.xlsx [Table 3.5]"
Finland,2010,Escherichia coli,carbapenems,0.0,2471.0,European/2013/Downloadables/E coli/number-e-coli-isolates-and-percentage-resistant-carbapenems-2010-2013.xlsx
Finland,2011,Escherichia coli,carbapenems,0.0,3020.0,European/2014/E coli/number-e-coli-isolates-and-percentage-resistant-carbapenems-2011-2014.xlsx
Finland,2012,Escherichia coli,carbapenems,0.0,3161.0,European/2014/E coli/number-e-coli-isolates-and-percentage-resistant-carbapenems-2011-2014.xlsx
Finland,2013,Escherichia coli,carbapenems,0.0,3690.0,European/2014/E coli/number-e-coli-isolates-and-percentage-resistant-carbapenems-2011-2014.xlsx
Finland,2014,Escherichia coli,carbapenems,0.0,4013.0,European/2014/E coli/number-e-coli-isolates-and-percentage-resistant-carbapenems-2011-2014.xlsx
Finland,2015,Escherichia coli,carbapenems,0.0,4425.0,"European/2015/E-coli, Tables 3-1 to 3-7.xlsx [Table 3.5]"
France,2010,Escherichia coli,carbapenems,0.0,8164.0,European/2013/Downloadables/E coli/number-e-coli-isolates-and-percentage-resistant-carbapenems-2010-2013.xlsx
France,2011,Escherichia coli,carbapenems,0.0,8503.0,European/2014/E coli/number-e-coli-isolates-and-percentage-resistant-carbapenems-2011-2014.xlsx
France,2012,Escherichia coli,carbapenems,0.0,9091.0,European/2014/E coli/number-e-coli-isolates-and-percentage-resistant-carbapenems-2011-2014.xlsx
France,2013,Escherichia coli,carbapenems,0.1,9585.0,European/2014/E coli/number-e-coli-isolates-and-percentage-resistant-carbapenems-2011-2014.xlsx
Germany,2010,Escherichia coli,carbapenems,0.0,2931.0,European/2013/Downloadables/E coli/number-e-coli-isolates-and-percentage-resistant-carbapenems-2010-2013.xlsx
Germany,2011,Escherichia coli,carbapenems,0.0,3593.0,European/2014/E coli/number-e-coli-isolates-and-percentage-resistant-carbapenems-2011-2014.xlsx
Germany,2012,Escherichia coli,carbapenems,0.0,4184.0,European/2014/E coli/number-e-coli-isolates-and-percentage-resistant-carbapenems-2011-2014.xlsx
Germany,2013,Escherichia coli,carbapenems,0.1,5247.0,European/2014/E coli/number-e-coli-isolates-and-percentage-resistant-carbapenems-2011-2014.xlsx
Germany,2014,Escherichia coli,carbapenems,0.1,6247.0,European/2014/E coli/number-e-coli-isolates-and-percentage-resistant-carbapenems-2011-2014.xlsx
Greece,2010,Escherichia coli,carbapenems,0.4,1519.0,European/2013/Downloadables/E coli/number-e-coli-isolates-and-percentage-resistant-carbapenems-2010-2013.xlsx
Greece,2011,Escherichia coli,carbapenems,0.9,1127.0,European/2014/E coli/number-e-coli-isolates-and-percentage-resistant-carbapenems-2011-2014.xlsx
Greece,2012,Escherichia coli,carbapenems,1.4,1396.0,European/2014/E coli/number-e-coli-isolates-and-percentage-resistant-carbapenems-2011-2014.xlsx
Greece,2013,Escherichia coli,carbapenems,1.4,1256.0,European/2014/E coli/number-e-coli-isolates-and-percentage-resistant-carbapenems-2011-2014.xlsx
Greece,2014,Escherichia coli,carbapenems,1.2,1122.0,European/2014/E coli/number-e-coli-isolates-and-percentage-resistant-carbapenems-2011-2014.xlsx
Greece,2015,Escherichia coli,carbapenems,1.2,1215.0,"European/2015/E-coli, Tables 3-1 to 3-7.xlsx [Table 3.5]"
Hungary,2010,Escherichia coli,carbapenems,0.2,1311.0,European/2013/Downloadables/E coli/number-e-coli-isolates-and-percentage-resistant-carbapenems-2010-2013.xlsx
Hungary,2011,Escherichia coli,carbapenems,0.1,1151.0,European/2014/E coli/number-e-coli-isolates-and-percentage-resistant-carbapenems-2011-2014.xlsx
Hungary,2012,Escherichia coli,carbapenems,0.0,1307.0,European/2014/E coli/number-e-coli-isolates-and-percentage-resistant-carbapenems-2011-2014.xlsx
Hungary,2013,Escherichia coli,carbapenems,0.1,1355.0,European/2014/E coli/number-e-coli-isolates-and-percentage-resistant-carbapenems-2011-2014.xlsx
Hungary,2014,Escherichia coli,carbapenems,0.0,1517.0,European/2014/E coli/number-e-coli-isolates-and-percentage-resistant-carbapenems-2011-2014.xlsx
Hungary,2015,Escherichia coli,carbapenems,0.0,1922.0,"European/2015/E-coli, Tables 3-1 to 3-7.xlsx [Table 3.5]"
Iceland,2010,Escherichia coli,carbapenems,0.0,104.0,European/2013/Downloadables/E coli/number-e-coli-isolates-and-percentage-resistant-carbapenems-2010-2013.xlsx
Iceland,2011,Escherichia coli,carbapenems,0.0,129.0,European/2014/E coli/number-e-coli-isolates-and-percentage-resistant-carbapenems-2011-2014.xlsx
Iceland,2012,Escherichia coli,carbapenems,0.0,138.0,European/2014/E coli/number-e-coli-isolates-and-percentage-resistant-carbapenems-2011-2014.xlsx
Iceland,2013,Escherichia coli,carbapenems,0.0,121.0,European/2014/E coli/number-e-coli-isolates-and-percentage-resistant-carbapenems-2011-2014.xlsx
Iceland,2014,Escherichia coli,carbapenems,0.0,140.0,European/2014/E coli/number-e-coli-isolates-and-percentage-resistant-carbapenems-2011-2014.xlsx
Iceland,2015,Escherichia coli,carbapenems,0.0,162.0,"European/2015/E-coli, Tables 3-1 to 3-7.xlsx [Table 3.5]"
Ireland,2010,Escherichia coli,carbapenems,0.0,1940.0,European/2013/Downloadables/E coli/number-e-coli-isolates-and-percentage-resistant-carbapenems-2010-2013.xlsx
Ireland,2011,Escherichia coli,carbapenems,0.0,2149.0,European/2014/E coli/number-e-coli-isolates-and-percentage-resistant-carbapenems-2011-2014.xlsx
Ireland,2012,Escherichia coli,carbapenems,0.0,2369.0,European/2014/E coli/number-e-coli-isolates-and-percentage-resistant-carbapenems-2011-2014.xlsx
Italy,2010,Escherichia coli,carbapenems,0.1,2593.0,European/2013/Downloadables/E coli/number-e-coli-isolates-and-percentage-resistant-carbapenems-2010-2013.xlsx
Italy,2011,Escherichia coli,carbapenems,0.2,1854.0,European/2014/E coli/number-e-coli-isolates-and-percentage-resistant-carbapenems-2011-2014.xlsx
Italy,2012,Escherichia coli,carbapenems,0.3,3021.0,European/2014/E coli/number-e-coli-isolates-and-percentage-resistant-carbapenems-2011-2014.xlsx
Italy,2013,Escherichia coli,carbapenems,0.6,3989.0,European/2014/E coli/number-e-coli-isolates-and-percentage-resistant-carbapenems-2011-2014.xlsx
Italy,2014,Escherichia coli,carbapenems,0.2,3696.0,European/2014/E coli/number-e-coli-isolates-and-percentage-resistant-carbapenems-2011-2014.xlsx
Italy,2015,Escherichia coli,carbapenems,0.2,5592.0,"European/2015/E-coli, Tables 3-1 to 3-7.xlsx [Table 3.5]"
Latvia,2013,Escherichia coli,carbapenems,0.0,135.0,European/2014/E coli/number-e-coli-isolates-and-percentage-resistant-carbapenems-2011-2014.xlsx
Latvia,2014,Escherichia coli,carbapenems,0.0,182.0,European/2014/E coli/number-e-coli-isolates-and-percentage-resistant-carbapenems-2011-2014.xlsx
Latvia,2015,Escherichia coli,carbapenems,0.0,192.0,"European/2015/E-coli, Tables 3-1 to 3-7.xlsx [Table 3.5]"
Lithuania,2013,Escherichia coli,carbapenems,0.0,431.0,European/2014/E coli/number-e-coli-isolates-and-percentage-resistant-carbapenems-2011-2014.xlsx
Lithuania,2014,Escherichia coli,carbapenems,0.0,593.0,European/2014/E coli/number-e-coli-isolates-and-percentage-resistant-carbapenems-2011-2014.xlsx
Lithuania,2015,Escherichia coli,carbapenems,0.0,579.0,"European/2015/E-coli, Tables 3-1 to 3-7.xlsx [Table 3.5]"
Luxembourg,2013,Escherichia coli,carbapenems,0.0,295.0,European/2014/E coli/number-e-coli-isolates-and-percentage-resistant-carbapenems-2011-2014.xlsx
Luxembourg,2014,Escherichia coli,carbapenems,0.3,368.0,European/2014/E coli/number-e-coli-isolates-and-percentage-resistant-carbapenems-2011-2014.xlsx
Luxembourg,2015,Escherichia coli,carbapenems,0.0,347.0,"European/2015/E-coli, Tables 3-1 to 3-7.xlsx [Table 3.5]"
Malta,2013,Escherichia coli,carbapenems,0.0,248.0,European/2014/E coli/number-e-coli-isolates-and-percentage-resistant-carbapenems-2011-2014.xlsx
Malta,2014,Escherichia coli,carbapenems,0.0,279.0,European/2014/E coli/number-e-coli-isolates-and-percentage-resistant-carbapenems-2011-2014.xlsx
Malta,2015,Escherichia coli,carbapenems,0.0,258.0,"European/2015/E-coli, Tables 3-1 to 3-7.xlsx [Table 3.5]"
Netherlands,2010,Escherichia coli,carbapenems,0.0,3380.0,European/2013/Downloadables/E coli/number-e-coli-isolates-and-percentage-resistant-carbapenems-2010-2013.xlsx
Netherlands,2011,Escherichia coli,carbapenems,0.0,4405.0,European/2014/E coli/number-e-coli-isolates-and-percentage-resistant-carbapenems-2011-2014.xlsx
Netherlands,2012,Escherichia coli,carbapenems,0.0,4701.0,European/2014/E coli/number-e-coli-isolates-and-percentage-resistant-carbapenems-2011-2014.xlsx
Netherlands,2014,Escherichia coli,carbapenems,0.0,6475.0,European/2014/E coli/number-e-coli-isolates-and-percentage-resistant-carbapenems-2011-2014.xlsx
Norway,2010,Escherichia coli,carbapenems,0.0,2089.0,European/2013/Downloadables/E coli/number-e-coli-isolates-and-percentage-resistant-carbapenems-2010-2013.xlsx
Norway,2011,Escherichia coli,carbapenems,0.0,2588.0,European/2014/E coli/number-e-coli-isolates-and-percentage-resistant-carbapenems-2011-2014.xlsx
Norway,2012,Escherichia coli,carbapenems,0.0,3023.0,European/2014/E coli/number-e-coli-isolates-and-percentage-resistant-carbapenems-2011-2014.xlsx
Norway,2013,Escherichia coli,carbapenems,0.1,3079.0,European/2014/E coli/number-e-coli-isolates-and-percentage-resistant-carbapenems-2011-2014.xlsx
Norway,2014,Escherichia coli,carbapenems,0.0,3420.0,European/2014/E coli/number-e-coli-isolates-and-percentage-resistant-carbapenems-2011-2014.xlsx
Poland,2010,Escherichia coli,carbapenems,0.1,703.0,European/2013/Downloadables/E coli/number-e-coli-isolates-and-percentage-resistant-carbapenems-2010-2013.xlsx
Poland,2011,Escherichia coli,carbapenems,0.1,1064.0,European/2014/E coli/number-e-coli-isolates-and-percentage-resistant-carbapenems-2011-2014.xlsx
Poland,2012,Escherichia coli,carbapenems,0.0,970.0,European/2014/E coli/number-e-coli-isolates-and-percentage-resistant-carbapenems-2011-2014.xlsx
Poland,2013,Escherichia coli,carbapenems,0.0,938.0,European/2014/E coli/number-e-coli-isolates-and-percentage-resistant-carbapenems-2011-2014.xlsx
Poland,2014,Escherichia coli,carbapenems,0.2,979.0,"European/2015/E-coli, Tables 3-1 to 3-7.xlsx [Table 3.5]"
Poland,2015,Escherichia coli,carbapenems,0.1,1499.0,"European/2015/E-coli, Tables 3-1 to 3-7.xlsx [Table 3.5]"
Portugal,2010,Escherichia coli,carbapenems,0.3,1443.0,European/2013/Downloadables/E coli/number-e-coli-isolates-and-percentage-resistant-carbapenems-2010-2013.xlsx
Portugal,2011,Escherichia coli,carbapenems,0.0,1755.0,European/2014/E coli/number-e-coli-isolates-and-percentage-resistant-carbapenems-2011-2014.xlsx
Portugal,2012,Escherichia coli,carbapenems,0.1,2041.0,European/2014/E coli/number-e-coli-isolates-and-percentage-resistant-carbapenems-2011-2014.xlsx
Portugal,2013,Escherichia coli,carbapenems,0.1,2668.0,European/2014/E coli/number-e-coli-isolates-and-percentage-resistant-carbapenems-2011-2014.xlsx
Portugal,2015,Escherichia coli,carbapenems,0.1,5354.0,"European/2015/E-coli, Tables 3-1 to 3-7.xlsx [Table 3.5]"
Romania,2012,Escherichia coli,carbapenems,0.0,182.0,European/2014/E coli/number-e-coli-isolates-and-percentage-resistant-carbapenems-2011-2014.xlsx
Romania,2013,Escherichia coli,carbapenems,0.0,299.0,European/2014/E coli/number-e-coli-isolates-and-percentage-resistant-carbapenems-2011-2014.xlsx
Romania,2014,Escherichia coli,carbapenems,0.7,305.0,European/2014/E coli/number-e-coli-isolates-and-percentage-resistant-carbapenems-2011-2014.xlsx
Romania,2015,Escherichia coli,carbapenems,1.9,368.0,"European/2015/E-coli, Tables 3-1 to 3-7.xlsx [Table 3.5]"
Slovakia,2012,Escherichia coli,carbapenems,0.9,659.0,European/2014/E coli/number-e-coli-isolates-and-percentage-resistant-carbapenems-2011-2014.xlsx
Slovakia,2013,Escherichia coli,carbapenems,0.0,588.0,European/2014/E coli/number-e-coli-isolates-and-percentage-resistant-carbapenems-2011-2014.xlsx
Slovakia,2014,Escherichia coli,carbapenems,0.0,820.0,European/2014/E coli/number-e-coli-isolates-and-percentage-resistant-carbapenems-2011-2014.xlsx
Slovakia,2015,Escherichia coli,carbapenems,0.0,830.0,"European/2015/E-coli, Tables 3-1 to 3-7.xlsx [Table 3.5]"
Slovenia,2010,Escherichia coli,carbapenems,0.0,922.0,European/2013/Downloadables/E coli/number-e-coli-isolates-and-percentage-resistant-carbapenems-2010-2013.xlsx
Slovenia,2011,Escherichia coli,carbapenems,0.0,1002.0,European/2014/E coli/number-e-coli-isolates-and-percentage-resistant-carbapenems-2011-2014.xlsx
Slovenia,2012,Escherichia coli,carbapenems,0.0,1168.0,European/2014/E coli/number-e-coli-isolates-and-percentage-resistant-carbapenems-2011-2014.xlsx
Slovenia,2013,Escherichia coli,carbapenems,0.1,1224.0,European/2014/E coli/number-e-coli-isolates-and-percentage-resistant-carbapenems-2011-2014.xlsx
Slovenia,2014,Escherichia coli,carbapenems,0.0,1216.0,European/2014/E coli/number-e-coli-isolates-and-percentage-resistant-carbapenems-2011-2014.xlsx
Slovenia,2015,Escherichia coli,carbapenems,0.0,1326.0,"European/2015/E-coli, Tables 3-1 to 3-7.xlsx [Table 3.5]"
Spain,2010,Escherichia coli,carbapenems,0.0,5696.0,European/2013/Downloadables/E coli/number-e-coli-isolates-and-percentage-resistant-carbapenems-2010-2013.xlsx
Spain,2011,Escherichia coli,carbapenems,0.0,5593.0,European/2013/Downloadables/E coli/number-e-coli-isolates-and-percentage-resistant-carbapenems-2010-2013.xlsx
Spain,2012,Escherichia coli,carbapenems,0.1,5670.0,European/2014/E coli/number-e-coli-isolates-and-percentage-resistant-carbapenems-2011-2014.xlsx
Spain,2013,Escherichia coli,carbapenems,0.7,5921.0,European/2014/E coli/number-e-coli-isolates-and-percentage-resistant-carbapenems-2011-2014.xlsx
Spain,2014,Escherichia coli,carbapenems,0.1,5817.0,European/2014/E coli/number-e-coli-isolates-and-percentage-resistant-carbapenems-2011-2014.xlsx
Sweden,2010,Escherichia coli,carbapenems,0.0,3586.0,European/2013/Downloadables/E coli/number-e-coli-isolates-and-percentage-resistant-carbapenems-2010-2013.xlsx
Sweden,2011,Escherichia coli,carbapenems,0.0,5092.0,European/2014/E coli/number-e-coli-isolates-and-percentage-resistant-carbapenems-2011-2014.xlsx
Sweden,2012,Escherichia coli,carbapenems,0.0,5532.0,European/2013/Downloadables/E coli/number-e-coli-isolates-and-percentage-resistant-carbapenems-2010-2013.xlsx
Sweden,2014,Escherichia coli,carbapenems,0.0,6298.0,European/2014/E coli/number-e-coli-isolates-and-percentage-resistant-carbapenems-2011-2014.xlsx
Sweden,2015,Escherichia coli,carbapenems,0.1,5307.0,"European/2015/E-coli, Tables 3-1 to 3-7.xlsx [Table 3.5]"
United Kingdom,2010,Escherichia coli,carbapenems,0.0,4025.0,European/2013/Downloadables/E coli/number-e-coli-isolates-and-percentage-resistant-carbapenems-2010-2013.xlsx
United Kingdom,2011,Escherichia coli,carbapenems,0.1,4640.0,European/2014/E coli/number-e-coli-isolates-and-percentage-resistant-carbapenems-2011-2014.xlsx
United Kingdom,2012,Escherichia coli,carbapenems,0.2,5182.0,European/2014/E coli/number-e-coli-isolates-and-percentage-resistant-carbapenems-2011-2014.xlsx
United Kingdom,2014,Escherichia coli,carbapenems,0.1,6365.0,European/2014/E coli/number-e-coli-isolates-and-percentage-resistant-carbapenems-2011-2014.xlsx
United Kingdom,2015,Escherichia coli,carbapenems,0.3,5497.0,"European/2015/E-coli, Tables 3-1 to 3-7.xlsx [Table 3.5]"
Austria,2010,Escherichia coli,combined resistance,2.0,2889.0,European/2013/Downloadables/E coli/number-e-coli-isolates-and-percentage-combined-resistance-2010-2013.xlsx
Austria,2011,Escherichia coli,combined resistance,2.6,3121.0,European/2014/E coli/number-e-coli-isolates-and-percentage-combined-resistance-2011-2014.xlsx
Austria,2012,Escherichia coli,combined resistance,2.5,3579.0,European/2014/E coli/number-e-coli-isolates-and-percentage-combined-resistance-2011-2014.xlsx
Austria,2013,Escherichia coli,combined resistance,3.2,4260.0,European/2014/E coli/number-e-coli-isolates-and-percentage-combined-resistance-2011-2014.xlsx
Austria,2014,Escherichia coli,combined resistance,2.7,4617.0,European/2014/E coli/number-e-coli-isolates-and-percentage-combined-resistance-2011-2014.xlsx
Belgium,2010,Escherichia coli,combined resistance,1.0,1562.0,European/2013/Downloadables/E coli/number-e-coli-isolates-and-percentage-combined-resistance-2010-2013.xlsx
Belgium,2011,Escherichia coli,combined resistance,1.4,3331.0,European/2014/E coli/number-e-coli-isolates-and-percentage-combined-resistance-2011-2014.xlsx
Belgium,2012,Escherichia coli,combined resistance,1.8,3330.0,European/2014/E coli/number-e-coli-isolates-and-percentage-combined-resistance-2011-2014.xlsx
Belgium,2013,Escherichia coli,combined resistance,2.3,3748.0,European/2014/E coli/number-e-coli-isolates-and-percentage-combined-resistance-2011-2014.xlsx
Belgium,2014,Escherichia coli,combined resistance,3.7,2227.0,European/2014/E coli/number-e-coli-isolates-and-percentage-combined-resistance-2011-2014.xlsx
Bulgaria,2010,Escherichia coli,combined resistance,8.0,150.0,European/2013/Downloadables/E coli/number-e-coli-isolates-and-percentage-combined-resistance-2010-2013.xlsx
Bulgaria,2011,Escherichia coli,combined resistance,10.1,179.0,European/2014/E coli/number-e-coli-isolates-and-percentage-combined-resistance-2011-2014.xlsx
Bulgaria,2012,Escherichia coli,combined resistance,16.1,223.0,European/2014/E coli/number-e-coli-isolates-and-percentage-combined-resistance-2011-2014.xlsx
Bulgaria,2013,Escherichia coli,combined resistance,19.8,187.0,European/2014/E coli/number-e-coli-isolates-and-percentage-combined-resistance-2011-2014.xlsx
Bulgaria,2014,Escherichia coli,combined resistance,19.7,213.0,European/2014/E coli/number-e-coli-isolates-and-percentage-combined-resistance-2011-2014.xlsx
Croatia,2010,Escherichia coli,combined resistance,2.6,874.0,European/2013/Downloadables/E coli/number-e-coli-isolates-and-percentage-combined-resistance-2010-2013.xlsx
Croatia,2011,Escherichia coli,combined resistance,2.6,947.0,European/2014/E coli/number-e-coli-isolates-and-percentage-combined-resistance-2011-2014.xlsx
Croatia,2012,Escherichia coli,combined resistance,2.8,889.0,European/2014/E coli/number-e-coli-isolates-and-percentage-combined-resistance-2011-2014.xlsx
Croatia,2013,Escherichia coli,combined resistance,3.5,1015.0,European/2014/E coli/number-e-coli-isolates-and-percentage-combined-resistance-2011-2014.xlsx
Croatia,2014,Escherichia coli,combined resistance,6.0,1070.0,European/2014/E coli/number-e-coli-isolates-and-percentage-combined-resistance-2011-2014.xlsx
Cyprus,2010,Escherichia coli,combined resistance,8.7,138.0,European/2013/Downloadables/E coli/number-e-coli-isolates-and-percentage-combined-resistance-2010-2013.xlsx
Cyprus,2011,Escherichia coli,combined resistance,18.2,137.0,European/2014/E coli/number-e-coli-isolates-and-percentage-combined-resistance-2011-2014.xlsx
Cyprus,2012,Escherichia coli,combined resistance,14.8,176.0,European/2014/E coli/number-e-coli-isolates-and-percentage-combined-resistance-2011-2014.xlsx
Cyprus,2013,Escherichia coli,combined resistance,20.4,162.0,European/2014/E coli/number-e-coli-isolates-and-percentage-combined-resistance-2011-2014.xlsx
Cyprus,2014,Escherichia coli,combined resistance,13.1,153.0,European/2014/E coli/number-e-coli-isolates-and-percentage-combined-resistance-2011-2014.xlsx
Czech Republic,2010,Escherichia coli,combined resistance,3.4,2447.0,European/2013/Downloadables/E coli/number-e-coli-isolates-and-percentage-combined-resistance-2010-2013.xlsx
Czech Republic,2011,Escherichia coli,combined resistance,3.7,2667.0,European/2014/E coli/number-e-coli-isolates-and-percentage-combined-resistance-2011-2014.xlsx
Czech Republic,2012,Escherichia coli,combined resistance,4.5,2809.0,European/2014/E coli/number-e-coli-isolates-and-percentage-combined-resistance-2011-2014.xlsx
Czech Republic,2013,Escherichia coli,combined resistance,4.9,2953.0,European/2014/E coli/number-e-coli-isolates-and-percentage-combined-resistance-2011-2014.xlsx
Czech Republic,2014,Escherichia coli,combined resistance,6.4,2976.0,European/2014/E coli/number-e-coli-isolates-and-percentage-combined-resistance-2011-2014.xlsx
Denmark,2010,Escherichia coli,combined resistance,2.4,2403.0,European/2013/Downloadables/E coli/number-e-coli-isolates-and-percentage-combined-resistance-2010-2013.xlsx
Denmark,2011,Escherichia coli,combined resistance,3.0,2529.0,European/2014/E coli/number-e-coli-isolates-and-percentage-combined-resistance-2011-2014.xlsx
Denmark,2012,Escherichia coli,combined resistance,2.6,2285.0,European/2014/E coli/number-e-coli-isolates-and-percentage-combined-resistance-2011-2014.xlsx
Denmark,2013,Escherichia coli,combined resistance,2.2,2377.0,European/2014/E coli/number-e-coli-isolates-and-percentage-combined-resistance-2011-2014.xlsx
Denmark,2014,Escherichia coli,combined resistance,1.9,4406.0,European/2014/E coli/number-e-coli-isolates-and-percentage-combined-resistance-2011-2014.xlsx
Estonia,2010,Escherichia coli,combined resistance,2.0,255.0,European/2013/Downloadables/E coli/number-e-coli-isolates-and-percentage-combined-resistance-2010-2013.xlsx
Estonia,2011,Escherichia coli,combined resistance,1.1,89.0,European/2014/E coli/number-e-coli-isolates-and-percentage-combined-resistance-2011-2014.xlsx
Estonia,2012,Escherichia coli,combined resistance,1.7,303.0,European/2014/E coli/number-e-coli-isolates-and-percentage-combined-resistance-2011-2014.xlsx
Estonia,2013,Escherichia coli,combined resistance,3.3,335.0,European/2014/E coli/number-e-coli-isolates-and-percentage-combined-resistance-2011-2014.xlsx
Estonia,2014,Escherichia coli,combined resistance,3.5,405.0,European/2014/E coli/number-e-coli-isolates-and-percentage-combined-resistance-2011-2014.xlsx
Finland,2010,Escherichia coli,combined resistance,1.9,2315.0,European/2013/Downloadables/E coli/number-e-coli-isolates-and-percentage-combined-resistance-2010-2013.xlsx
Finland,2011,Escherichia coli,combined resistance,2.5,3020.0,European/2014/E coli/number-e-coli-isolates-and-percentage-combined-resistance-2011-2014.xlsx
Finland,2012,Escherichia coli,combined resistance,3.1,2993.0,European/2014/E coli/number-e-coli-isolates-and-percentage-combined-resistance-2011-2014.xlsx
Finland,2013,Escherichia coli,combined resistance,3.2,3433.0,European/2014/E coli/number-e-coli-isolates-and-percentage-combined-resistance-2011-2014.xlsx
Finland,2014,Escherichia coli,combined resistance,2.2,3787.0,European/2014/E coli/number-e-coli-isolates-and-percentage-combined-resistance-2011-2014.xlsx
France,2010,Escherichia coli,combined resistance,2.9,9000.0,European/2013/Downloadables/E coli/number-e-coli-isolates-and-percentage-combined-resistance-2010-2013.xlsx
France,2011,Escherichia coli,combined resistance,2.6,8428.0,European/2014/E coli/number-e-coli-isolates-and-percentage-combined-resistance-2011-2014.xlsx
France,2012,Escherichia coli,combined resistance,3.3,5655.0,European/2014/E coli/number-e-coli-isolates-and-percentage-combined-resistance-2011-2014.xlsx
France,2013,Escherichia coli,combined resistance,3.2,10068.0,European/2014/E coli/number-e-coli-isolates-and-percentage-combined-resistance-2011-2014.xlsx
France,2014,Escherichia coli,combined resistance,3.5,10305.0,European/2014/E coli/number-e-coli-isolates-and-percentage-combined-resistance-2011-2014.xlsx
Germany,2010,Escherichia coli,combined resistance,3.6,3009.0,European/2013/Downloadables/E coli/number-e-coli-isolates-and-percentage-combined-resistance-2010-2013.xlsx
Germany,2011,Escherichia coli,combined resistance,3.6,3631.0,European/2014/E coli/number-e-coli-isolates-and-percentage-combined-resistance-2011-2014.xlsx
Germany,2012,Escherichia coli,combined resistance,3.2,4179.0,European/2014/E coli/number-e-coli-isolates-and-percentage-combined-resistance-2011-2014.xlsx
Germany,2013,Escherichia coli,combined resistance,2.7,5241.0,European/2014/E coli/number-e-coli-isolates-and-percentage-combined-resistance-2011-2014.xlsx
Germany,2014,Escherichia coli,combined resistance,3.0,6158.0,European/2014/E coli/number-e-coli-isolates-and-percentage-combined-resistance-2011-2014.xlsx
Greece,2010,Escherichia coli,combined resistance,9.5,1490.0,European/2013/Downloadables/E coli/number-e-coli-isolates-and-percentage-combined-resistance-2010-2013.xlsx
Greece,2011,Escherichia coli,combined resistance,10.8,1431.0,European/2014/E coli/number-e-coli-isolates-and-percentage-combined-resistance-2011-2014.xlsx
Greece,2012,Escherichia coli,combined resistance,10.7,1368.0,European/2014/E coli/number-e-coli-isolates-and-percentage-combined-resistance-2011-2014.xlsx
Greece,2013,Escherichia coli,combined resistance,10.4,1235.0,European/2014/E coli/number-e-coli-isolates-and-percentage-combined-resistance-2011-2014.xlsx
Greece,2014,Escherichia coli,combined resistance,10.9,1104.0,European/2014/E coli/number-e-coli-isolates-and-percentage-combined-resistance-2011-2014.xlsx
Hungary,2010,Escherichia coli,combined resistance,15.4,1366.0,European/2013/Downloadables/E coli/number-e-coli-isolates-and-percentage-combined-resistance-2010-2013.xlsx
Hungary,2011,Escherichia coli,combined resistance,8.3,1209.0,European/2014/E coli/number-e-coli-isolates-and-percentage-combined-resistance-2011-2014.xlsx
Hungary,2012,Escherichia coli,combined resistance,10.5,1387.0,European/2014/E coli/number-e-coli-isolates-and-percentage-combined-resistance-2011-2014.xlsx
Hungary,2013,Escherichia coli,combined resistance,11.0,1422.0,European/2014/E coli/number-e-coli-isolates-and-percentage-combined-resistance-2011-2014.xlsx
Hungary,2014,Escherichia coli,combined resistance,8.3,1599.0,European/2014/E coli/number-e-coli-isolates-and-percentage-combined-resistance-2011-2014.xlsx
Iceland,2010,Escherichia coli,combined resistance,1.1,95.0,European/2013/Downloadables/E coli/number-e-coli-isolates-and-percentage-combined-resistance-2010-2013.xlsx
Iceland,2011,Escherichia coli,combined resistance,0.8,120.0,European/2014/E coli/number-e-coli-isolates-and-percentage-combined-resistance-2011-2014.xlsx
Iceland,2012,Escherichia coli,combined resistance,1.5,134.0,European/2014/E coli/number-e-coli-isolates-and-percentage-combined-resistance-2011-2014.xlsx
Iceland,2013,Escherichia coli,combined resistance,0.9,116.0,European/2014/E coli/number-e-coli-isolates-and-percentage-combined-resistance-2011-2014.xlsx
Iceland,2014,Escherichia coli,combined resistance,1.4,141.0,European/2014/E coli/number-e-coli-isolates-and-percentage-combined-resistance-2011-2014.xlsx
Ireland,2010,Escherichia coli,combined resistance,3.0,2112.0,European/2013/Downloadables/E coli/number-e-coli-isolates-and-percentage-combined-resistance-2010-2013.xlsx
Ireland,2011,Escherichia coli,combined resistance,3.6,2148.0,European/2014/E coli/number-e-coli-isolates-and-percentage-combined-resistance-2011-2014.xlsx
Ireland,2012,Escherichia coli,combined resistance,4.0,2283.0,European/2014/E coli/number-e-coli-isolates-and-percentage-combined-resistance-2011-2014.xlsx
Ireland,2013,Escherichia coli,combined resistance,4.9,2478.0,European/2014/E coli/number-e-coli-isolates-and-percentage-combined-resistance-2011-2014.xlsx
Ireland,2014,Escherichia coli,combined resistance,5.0,2689.0,European/2014/E coli/number-e-coli-isolates-and-percentage-combined-resistance-2011-2014.xlsx
Italy,2010,Escherichia coli,combined resistance,10.5,2395.0,European/2013/Downloadables/E coli/number-e-coli-isolates-and-percentage-combined-resistance-2010-2013.xlsx
Italy,2011,Escherichia coli,combined resistance,10.3,1745.0,European/2014/E coli/number-e-coli-isolates-and-percentage-combined-resistance-2011-2014.xlsx
Italy,2012,Escherichia coli,combined resistance,14.4,2686.0,European/2014/E coli/number-e-coli-isolates-and-percentage-combined-resistance-2011-2014.xlsx
Italy,2013,Escherichia coli,combined resistance,12.2,3884.0,European/2014/E coli/number-e-coli-isolates-and-percentage-combined-resistance-2011-2014.xlsx
Italy,2014,Escherichia coli,combined resistance,13.8,3441.0,European/2014/E coli/number-e-coli-isolates-and-percentage-combined-resistance-2011-2014.xlsx
Latvia,2010,Escherichia coli,combined resistance,6.2,97.0,European/2013/Downloadables/E coli/number-e-coli-isolates-and-percentage-combined-resistance-2010-2013.xlsx
Latvia,2011,Escherichia coli,combined resistance,9.2,131.0,European/2014/E coli/number-e-coli-isolates-and-percentage-combined-resistance-2011-2014.xlsx
Latvia,2012,Escherichia coli,combined resistance,6.6,152.0,European/2014/E coli/number-e-coli-isolates-and-percentage-combined-resistance-2011-2014.xlsx
Latvia,2013,Escherichia coli,combined resistance,4.5,134.0,European/2014/E coli/number-e-coli-isolates-and-percentage-combined-resistance-2011-2014.xlsx
Latvia,2014,Escherichia coli,combined resistance,2.5,163.0,European/2014/E coli/number-e-coli-isolates-and-percentage-combined-resistance-2011-2014.xlsx
Lithuania,2010,Escherichia coli,combined resistance,5.4,331.0,European/2013/Downloadables/E coli/number-e-coli-isolates-and-percentage-combined-resistance-2010-2013.xlsx
Lithuania,2011,Escherichia coli,combined resistance,2.4,378.0,European/2014/E coli/number-e-coli-isolates-and-percentage-combined-resistance-2011-2014.xlsx
Lithuania,2012,Escherichia coli,combined resistance,1.3,455.0,European/2014/E coli/number-e-coli-isolates-and-percentage-combined-resistance-2011-2014.xlsx
Lithuania,2013,Escherichia coli,combined resistance,2.1,429.0,European/2014/E coli/number-e-coli-isolates-and-percentage-combined-resistance-2011-2014.xlsx
Lithuania,2014,Escherichia coli,combined resistance,2.6,588.0,European/2014/E coli/number-e-coli-isolates-and-percentage-combined-resistance-2011-2014.xlsx
Luxembourg,2010,Escherichia coli,combined resistance,1.7,354.0,European/2013/Downloadables/E coli/number-e-coli-isolates-and-percentage-combined-resistance-2010-2013.xlsx
Luxembourg,2011,Escherichia coli,combined resistance,2.8,353.0,European/2014/E coli/number-e-coli-isolates-and-percentage-combined-resistance-2011-2014.xlsx
Luxembourg,2012,Escherichia coli,combined resistance,2.7,334.0,European/2014/E coli/number-e-coli-isolates-and-percentage-combined-resistance-2011-2014.xlsx
Luxembourg,2013,Escherichia coli,combined resistance,2.1,287.0,European/2014/E coli/number-e-coli-isolates-and-percentage-combined-resistance-2011-2014.xlsx
Luxembourg,2014,Escherichia coli,combined resistance,4.1,368.0,European/2014/E coli/number-e-coli-isolates-and-percentage-combined-resistance-2011-2014.xlsx
Malta,2010,Escherichia coli,combined resistance,13.5,192.0,European/2013/Downloadables/E coli/number-e-coli-isolates-and-percentage-combined-resistance-2010-2013.xlsx
Malta,2011,Escherichia coli,combined resistance,9.6,219.0,European/2014/E coli/number-e-coli-isolates-and-percentage-combined-resistance-2011-2014.xlsx
Malta,2012,Escherichia coli,combined resistance,8.3,216.0,European/2014/E coli/number-e-coli-isolates-and-percentage-combined-resistance-2011-2014.xlsx
Malta,2013,Escherichia coli,combined resistance,5.2,248.0,European/2014/E coli/number-e-coli-isolates-and-percentage-combined-resistance-2011-2014.xlsx
Malta,2014,Escherichia coli,combined resistance,6.8,279.0,European/2014/E coli/number-e-coli-isolates-and-percentage-combined-resistance-2011-2014.xlsx
Netherlands,2010,Escherichia coli,combined resistance,1.8,3371.0,European/2013/Downloadables/E coli/number-e-coli-isolates-and-percentage-combined-resistance-2010-2013.xlsx
Netherlands,2011,Escherichia coli,combined resistance,2.2,4400.0,European/2014/E coli/number-e-coli-isolates-and-percentage-combined-resistance-2011-2014.xlsx
Netherlands,2012,Escherichia coli,combined resistance,1.8,4675.0,European/2014/E coli/number-e-coli-isolates-and-percentage-combined-resistance-2011-2014.xlsx
Netherlands,2013,Escherichia coli,combined resistance,1.9,4722.0,European/2014/E coli/number-e-coli-isolates-and-percentage-combined-resistance-2011-2014.xlsx
Netherlands,2014,Escherichia coli,combined resistance,2.1,6427.0,European/2014/E coli/number-e-coli-isolates-and-percentage-combined-resistance-2011-2014.xlsx
Norway,2010,Escherichia coli,combined resistance,1.4,2236.0,European/2013/Downloadables/E coli/number-e-coli-isolates-and-percentage-combined-resistance-2010-2013.xlsx
Norway,2011,Escherichia coli,combined resistance,1.2,2259.0,European/2014/E coli/number-e-coli-isolates-and-percentage-combined-resistance-2011-2014.xlsx
Norway,2012,Escherichia coli,combined resistance,1.9,2835.0,European/2014/E coli/number-e-coli-isolates-and-percentage-combined-resistance-2011-2014.xlsx
Norway,2013,Escherichia coli,combined resistance,2.5,2971.0,European/2014/E coli/number-e-coli-isolates-and-percentage-combined-resistance-2011-2014.xlsx
Norway,2014,Escherichia coli,combined resistance,2.0,3413.0,European/2014/E coli/number-e-coli-isolates-and-percentage-combined-resistance-2011-2014.xlsx
Poland,2010,Escherichia coli,combined resistance,3.2,661.0,European/2013/Downloadables/E coli/number-e-coli-isolates-and-percentage-combined-resistance-2010-2013.xlsx
Poland,2011,Escherichia coli,combined resistance,4.0,902.0,European/2014/E coli/number-e-coli-isolates-and-percentage-combined-resistance-2011-2014.xlsx
Poland,2012,Escherichia coli,combined resistance,5.8,1011.0,European/2014/E coli/number-e-coli-isolates-and-percentage-combined-resistance-2011-2014.xlsx
Poland,2013,Escherichia coli,combined resistance,5.2,999.0,European/2014/E coli/number-e-coli-isolates-and-percentage-combined-resistance-2011-2014.xlsx
Portugal,2010,Escherichia coli,combined resistance,6.5,1898.0,European/2013/Downloadables/E coli/number-e-coli-isolates-and-percentage-combined-resistance-2010-2013.xlsx
Portugal,2011,Escherichia coli,combined resistance,7.5,1891.0,European/2014/E coli/number-e-coli-isolates-and-percentage-combined-resistance-2011-2014.xlsx
Portugal,2012,Escherichia coli,combined resistance,9.2,2152.0,European/2014/E coli/number-e-coli-isolates-and-percentage-combined-resistance-2011-2014.xlsx
Portugal,2013,Escherichia coli,combined resistance,8.5,2677.0,European/2014/E coli/number-e-coli-isolates-and-percentage-combined-resistance-2011-2014.xlsx
Portugal,2014,Escherichia coli,combined resistance,8.6,4990.0,European/2014/E coli/number-e-coli-isolates-and-percentage-combined-resistance-2011-2014.xlsx
Romania,2010,Escherichia coli,combined resistance,6.3,32.0,European/2013/Downloadables/E coli/number-e-coli-isolates-and-percentage-combined-resistance-2010-2013.xlsx
Romania,2011,Escherichia coli,combined resistance,10.0,50.0,European/2014/E coli/number-e-coli-isolates-and-percentage-combined-resistance-2011-2014.xlsx
Romania,2012,Escherichia coli,combined resistance,15.6,179.0,European/2014/E coli/number-e-coli-isolates-and-percentage-combined-resistance-2011-2014.xlsx
Romania,2013,Escherichia coli,combined resistance,9.2,292.0,European/2014/E coli/number-e-coli-isolates-and-percentage-combined-resistance-2011-2014.xlsx
Romania,2014,Escherichia coli,combined resistance,14.4,298.0,European/2014/E coli/number-e-coli-isolates-and-percentage-combined-resistance-2011-2014.xlsx
Slovakia,2011,Escherichia coli,combined resistance,12.9,739.0,European/2014/E coli/number-e-coli-isolates-and-percentage-combined-resistance-2011-2014.xlsx
Slovakia,2012,Escherichia coli,combined resistance,13.6,692.0,European/2014/E coli/number-e-coli-isolates-and-percentage-combined-resistance-2011-2014.xlsx
Slovakia,2013,Escherichia coli,combined resistance,17.2,807.0,European/2014/E coli/number-e-coli-isolates-and-percentage-combined-resistance-2011-2014.xlsx
Slovakia,2014,Escherichia coli,combined resistance,17.1,887.0,European/2014/E coli/number-e-coli-isolates-and-percentage-combined-resistance-2011-2014.xlsx
Slovenia,2010,Escherichia coli,combined resistance,3.8,952.0,European/2013/Downloadables/E coli/number-e-coli-isolates-and-percentage-combined-resistance-2010-2013.xlsx
Slovenia,2011,Escherichia coli,combined resistance,4.1,1002.0,European/2014/E coli/number-e-coli-isolates-and-percentage-combined-resistance-2011-2014.xlsx
Slovenia,2012,Escherichia coli,combined resistance,5.1,1168.0,European/2014/E coli/number-e-coli-isolates-and-percentage-combined-resistance-2011-2014.xlsx
Slovenia,2013,Escherichia coli,combined resistance,4.8,1224.0,European/2014/E coli/number-e-coli-isolates-and-percentage-combined-resistance-2011-2014.xlsx
Slovenia,2014,Escherichia coli,combined resistance,7.2,1216.0,European/2014/E coli/number-e-coli-isolates-and-percentage-combined-resistance-2011-2014.xlsx
Spain,2010,Escherichia coli,combined resistance,5.5,5696.0,European/2013/Downloadables/E coli/number-e-coli-isolates-and-percentage-combined-resistance-2010-2013.xlsx
Spain,2011,Escherichia coli,combined resistance,4.9,5594.0,European/2014/E coli/number-e-coli-isolates-and-percentage-combined-resistance-2011-2014.xlsx
Spain,2012,Escherichia coli,combined resistance,5.9,5651.0,European/2014/E coli/number-e-coli-isolates-and-percentage-combined-resistance-2011-2014.xlsx
Spain,2013,Escherichia coli,combined resistance,5.8,5922.0,European/2014/E coli/number-e-coli-isolates-and-percentage-combined-resistance-2011-2014.xlsx
Spain,2014,Escherichia coli,combined resistance,5.3,5816.0,European/2014/E coli/number-e-coli-isolates-and-percentage-combined-resistance-2011-2014.xlsx
Sweden,2010,Escherichia coli,combined resistance,0.9,1925.0,European/2013/Downloadables/E coli/number-e-coli-isolates-and-percentage-combined-resistance-2010-2013.xlsx
Sweden,2011,Escherichia coli,combined resistance,1.4,3915.0,European/2014/E coli/number-e-coli-isolates-and-percentage-combined-resistance-2011-2014.xlsx
Sweden,2012,Escherichia coli,combined resistance,1.8,5532.0,European/2014/E coli/number-e-coli-isolates-and-percentage-combined-resistance-2011-2014.xlsx
Sweden,2013,Escherichia coli,combined resistance,2.0,7094.0,European/2014/E coli/number-e-coli-isolates-and-percentage-combined-resistance-2011-2014.xlsx
Sweden,2014,Escherichia coli,combined resistance,2.0,4203.0,European/2014/E coli/number-e-coli-isolates-and-percentage-combined-resistance-2011-2014.xlsx
United Kingdom,2010,Escherichia coli,combined resistance,4.0,4192.0,European/2013/Downloadables/E coli/number-e-coli-isolates-and-percentage-combined-resistance-2010-2013.xlsx
United Kingdom,2011,Escherichia coli,combined resistance,3.6,5005.0,European/2014/E coli/number-e-coli-isolates-and-percentage-combined-resistance-2011-2014.xlsx
United Kingdom,2012,Escherichia coli,combined resistance,4.2,5577.0,European/2014/E coli/number-e-coli-isolates-and-percentage-combined-resistance-2011-2014.xlsx
United Kingdom,2013,Escherichia coli,combined resistance,4.4,6536.0,European/2014/E coli/number-e-coli-isolates-and-percentage-combined-resistance-2011-2014.xlsx
United Kingdom,2014,Escherichia coli,combined resistance,4.4,6190.0,European/2014/E coli/number-e-coli-isolates-and-percentage-combined-resistance-2011-2014.xlsx
Austria,2012,Escherichia coli,"combined resistance to fluoroquinolones, third-generation cephalosporins and aminoglycosides",2.3,3573.0,"European/2015/E-coli, Tables 3-1 to 3-7.xlsx [Table 3.6]"
Austria,2013,Escherichia coli,"combined resistance to fluoroquinolones, third-generation cephalosporins and aminoglycosides",3.1,4258.0,"European/2015/E-coli, Tables 3-1 to 3-7.xlsx [Table 3.6]"
Austria,2014,Escherichia coli,"combined resistance to fluoroquinolones, third-generation cephalosporins and aminoglycosides",2.6,4609.0,"European/2015/E-coli, Tables 3-1 to 3-7.xlsx [Table 3.6]"
Austria,2015,Escherichia coli,"combined resistance to fluoroquinolones, third-generation cephalosporins and aminoglycosides",2.9,4785.0,"European/2015/E-coli, Tables 3-1 to 3-7.xlsx [Table 3.6]"
Belgium,2012,Escherichia coli,"combined resistance to fluoroquinolones, third-generation cephalosporins and aminoglycosides",2.0,2998.0,"European/2015/E-coli, Tables 3-1 to 3-7.xlsx [Table 3.6]"
Belgium,2013,Escherichia coli,"combined resistance to fluoroquinolones, third-generation cephalosporins and aminoglycosides",2.7,3138.0,"European/2015/E-coli, Tables 3-1 to 3-7.xlsx [Table 3.6]"
Belgium,2014,Escherichia coli,"combined resistance to fluoroquinolones, third-generation cephalosporins and aminoglycosides",3.9,2045.0,"European/2015/E-coli, Tables 3-1 to 3-7.xlsx [Table 3.6]"
Belgium,2015,Escherichia coli,"combined resistance to fluoroquinolones, third-generation cephalosporins and aminoglycosides",3.5,2285.0,"European/2015/E-coli, Tables 3-1 to 3-7.xlsx [Table 3.6]"
Bulgaria,2012,Escherichia coli,"combined resistance to fluoroquinolones, third-generation cephalosporins and aminoglycosides",16.0,219.0,"European/2015/E-coli, Tables 3-1 to 3-7.xlsx [Table 3.6]"
Bulgaria,2013,Escherichia coli,"combined resistance to fluoroquinolones, third-generation cephalosporins and aminoglycosides",18.7,187.0,"European/2015/E-coli, Tables 3-1 to 3-7.xlsx [Table 3.6]"
Bulgaria,2014,Escherichia coli,"combined resistance to fluoroquinolones, third-generation cephalosporins and aminoglycosides",20.2,188.0,"European/2015/E-coli, Tables 3-1 to 3-7.xlsx [Table 3.6]"
Bulgaria,2015,Escherichia coli,"combined resistance to fluoroquinolones, third-generation cephalosporins and aminoglycosides",12.6,182.0,"European/2015/E-coli, Tables 3-1 to 3-7.xlsx [Table 3.6]"
Croatia,2012,Escherichia coli,"combined resistance to fluoroquinolones, third-generation cephalosporins and aminoglycosides",2.7,885.0,"European/2015/E-coli, Tables 3-1 to 3-7.xlsx [Table 3.6]"
Croatia,2013,Escherichia coli,"combined resistance to fluoroquinolones, third-generation cephalosporins and aminoglycosides",3.5,1003.0,"European/2015/E-coli, Tables 3-1 to 3-7.xlsx [Table 3.6]"
Croatia,2014,Escherichia coli,"combined resistance to fluoroquinolones, third-generation cephalosporins and aminoglycosides",6.0,1070.0,"European/2015/E-coli, Tables 3-1 to 3-7.xlsx [Table 3.6]"
Croatia,2015,Escherichia coli,"combined resistance to fluoroquinolones, third-generation cephalosporins and aminoglycosides",6.9,1000.0,"European/2015/E-coli, Tables 3-1 to 3-7.xlsx [Table 3.6]"
Cyprus,2012,Escherichia coli,"combined resistance to fluoroquinolones, third-generation cephalosporins and aminoglycosides",14.8,176.0,"European/2015/E-coli, Tables 3-1 to 3-7.xlsx [Table 3.6]"
Cyprus,2013,Escherichia coli,"combined resistance to fluoroquinolones, third-generation cephalosporins and aminoglycosides",20.4,162.0,"European/2015/E-coli, Tables 3-1 to 3-7.xlsx [Table 3.6]"
Cyprus,2014,Escherichia coli,"combined resistance to fluoroquinolones, third-generation cephalosporins and aminoglycosides",13.1,153.0,"European/2015/E-coli, Tables 3-1 to 3-7.xlsx [Table 3.6]"
Cyprus,2015,Escherichia coli,"combined resistance to fluoroquinolones, third-generation cephalosporins and aminoglycosides",9.8,123.0,"European/2015/E-coli, Tables 3-1 to 3-7.xlsx [Table 3.6]"
Czech Republic,2012,Escherichia coli,"combined resistance to fluoroquinolones, third-generation cephalosporins and aminoglycosides",4.3,2809.0,"European/2015/E-coli, Tables 3-1 to 3-7.xlsx [Table 3.6]"
Czech Republic,2013,Escherichia coli,"combined resistance to fluoroquinolones, third-generation cephalosporins and aminoglycosides",4.9,2953.0,"European/2015/E-coli, Tables 3-1 to 3-7.xlsx [Table 3.6]"
Czech Republic,2014,Escherichia coli,"combined resistance to fluoroquinolones, third-generation cephalosporins and aminoglycosides",6.4,2976.0,"European/2015/E-coli, Tables 3-1 to 3-7.xlsx [Table 3.6]"
Czech Republic,2015,Escherichia coli,"combined resistance to fluoroquinolones, third-generation cephalosporins and aminoglycosides",6.9,3165.0,"European/2015/E-coli, Tables 3-1 to 3-7.xlsx [Table 3.6]"
Denmark,2012,Escherichia coli,"combined resistance to fluoroquinolones, third-generation cephalosporins and aminoglycosides",2.6,2285.0,"European/2015/E-coli, Tables 3-1 to 3-7.xlsx [Table 3.6]"
Denmark,2013,Escherichia coli,"combined resistance to fluoroquinolones, third-generation cephalosporins and aminoglycosides",2.2,2377.0,"European/2015/E-coli, Tables 3-1 to 3-7.xlsx [Table 3.6]"
Denmark,2014,Escherichia coli,"combined resistance to fluoroquinolones, third-generation cephalosporins and aminoglycosides",1.9,4406.0,"European/2015/E-coli, Tables 3-1 to 3-7.xlsx [Table 3.6]"
Denmark,2015,Escherichia coli,"combined resistance to fluoroquinolones, third-generation cephalosporins and aminoglycosides",2.5,4531.0,"European/2015/E-coli, Tables 3-1 to 3-7.xlsx [Table 3.6]"
Estonia,2012,Escherichia coli,"combined resistance to fluoroquinolones, third-generation cephalosporins and aminoglycosides",1.7,301.0,"European/2015/E-coli, Tables 3-1 to 3-7.xlsx [Table 3.6]"
Estonia,2013,Escherichia coli,"combined resistance to fluoroquinolones, third-generation cephalosporins and aminoglycosides",3.3,335.0,"European/2015/E-coli, Tables 3-1 to 3-7.xlsx [Table 3.6]"
Estonia,2014,Escherichia coli,"combined resistance to fluoroquinolones, third-generation cephalosporins and aminoglycosides",3.5,404.0,"European/2015/E-coli, Tables 3-1 to 3-7.xlsx [Table 3.6]"
Estonia,2015,Escherichia coli,"combined resistance to fluoroquinolones, third-generation cephalosporins and aminoglycosides",5.2,233.0,"European/2015/E-coli, Tables 3-1 to 3-7.xlsx [Table 3.6]"
Finland,2012,Escherichia coli,"combined resistance to fluoroquinolones, third-generation cephalosporins and aminoglycosides",3.1,2993.0,"European/2015/E-coli, Tables 3-1 to 3-7.xlsx [Table 3.6]"
Finland,2013,Escherichia coli,"combined resistance to fluoroquinolones, third-generation cephalosporins and aminoglycosides",3.2,3457.0,"European/2015/E-coli, Tables 3-1 to 3-7.xlsx [Table 3.6]"
Finland,2014,Escherichia coli,"combined resistance to fluoroquinolones, third-generation cephalosporins and aminoglycosides",2.2,3787.0,"European/2015/E-coli, Tables 3-1 to 3-7.xlsx [Table 3.6]"
Finland,2015,Escherichia coli,"combined resistance to fluoroquinolones, third-generation cephalosporins and aminoglycosides",2.6,4103.0,"European/2015/E-coli, Tables 3-1 to 3-7.xlsx [Table 3.6]"
France,2012,Escherichia coli,"combined resistance to fluoroquinolones, third-generation cephalosporins and aminoglycosides",3.3,5655.0,"European/2015/E-coli, Tables 3-1 to 3-7.xlsx [Table 3.6]"
France,2013,Escherichia coli,"combined resistance to fluoroquinolones, third-generation cephalosporins and aminoglycosides",3.2,10068.0,"European/2015/E-coli, Tables 3-1 to 3-7.xlsx [Table 3.6]"
France,2014,Escherichia coli,"combined resistance to fluoroquinolones, third-generation cephalosporins and aminoglycosides",3.5,10299.0,"European/2015/E-coli, Tables 3-1 to 3-7.xlsx [Table 3.6]"
France,2015,Escherichia coli,"combined resistance to fluoroquinolones, third-generation cephalosporins and aminoglycosides",3.9,10988.0,"European/2015/E-coli, Tables 3-1 to 3-7.xlsx [Table 3.6]"
Germany,2012,Escherichia coli,"combined resistance to fluoroquinolones, third-generation cephalosporins and aminoglycosides",3.2,4179.0,"European/2015/E-coli, Tables 3-1 to 3-7.xlsx [Table 3.6]"
Germany,2013,Escherichia coli,"combined resistance to fluoroquinolones, third-generation cephalosporins and aminoglycosides",2.7,5282.0,"European/2015/E-coli, Tables 3-1 to 3-7.xlsx [Table 3.6]"
Germany,2014,Escherichia coli,"combined resistance to fluoroquinolones, third-generation cephalosporins and aminoglycosides",3.0,6158.0,"European/2015/E-coli, Tables 3-1 to 3-7.xlsx [Table 3.6]"
Germany,2015,Escherichia coli,"combined resistance to fluoroquinolones, third-generation cephalosporins and aminoglycosides",3.0,8707.0,"European/2015/E-coli, Tables 3-1 to 3-7.xlsx [Table 3.6]"
Greece,2012,Escherichia coli,"combined resistance to fluoroquinolones, third-generation cephalosporins and aminoglycosides",10.7,1368.0,"European/2015/E-coli, Tables 3-1 to 3-7.xlsx [Table 3.6]"
Greece,2013,Escherichia coli,"combined resistance to fluoroquinolones, third-generation cephalosporins and aminoglycosides",10.3,1234.0,"European/2015/E-coli, Tables 3-1 to 3-7.xlsx [Table 3.6]"
Greece,2014,Escherichia coli,"combined resistance to fluoroquinolones, third-generation cephalosporins and aminoglycosides",10.7,1102.0,"European/2015/E-coli, Tables 3-1 to 3-7.xlsx [Table 3.6]"
Greece,2015,Escherichia coli,"combined resistance to fluoroquinolones, third-generation cephalosporins and aminoglycosides",10.7,1187.0,"European/2015/E-coli, Tables 3-1 to 3-7.xlsx [Table 3.6]"
Hungary,2012,Escherichia coli,"combined resistance to fluoroquinolones, third-generation cephalosporins and aminoglycosides",10.6,1382.0,"European/2015/E-coli, Tables 3-1 to 3-7.xlsx [Table 3.6]"
Hungary,2013,Escherichia coli,"combined resistance to fluoroquinolones, third-generation cephalosporins and aminoglycosides",11.0,1418.0,"European/2015/E-coli, Tables 3-1 to 3-7.xlsx [Table 3.6]"
Hungary,2014,Escherichia coli,"combined resistance to fluoroquinolones, third-generation cephalosporins and aminoglycosides",8.2,1599.0,"European/2015/E-coli, Tables 3-1 to 3-7.xlsx [Table 3.6]"
Hungary,2015,Escherichia coli,"combined resistance to fluoroquinolones, third-generation cephalosporins and aminoglycosides",6.7,2015.0,"European/2015/E-coli, Tables 3-1 to 3-7.xlsx [Table 3.6]"
Iceland,2012,Escherichia coli,"combined resistance to fluoroquinolones, third-generation cephalosporins and aminoglycosides",1.5,134.0,"European/2015/E-coli, Tables 3-1 to 3-7.xlsx [Table 3.6]"
Iceland,2013,Escherichia coli,"combined resistance to fluoroquinolones, third-generation cephalosporins and aminoglycosides",0.9,116.0,"European/2015/E-coli, Tables 3-1 to 3-7.xlsx [Table 3.6]"
Iceland,2014,Escherichia coli,"combined resistance to fluoroquinolones, third-generation cephalosporins and aminoglycosides",1.4,141.0,"European/2015/E-coli, Tables 3-1 to 3-7.xlsx [Table 3.6]"
Iceland,2015,Escherichia coli,"combined resistance to fluoroquinolones, third-generation cephalosporins and aminoglycosides",0.0,162.0,"European/2015/E-coli, Tables 3-1 to 3-7.xlsx [Table 3.6]"
Ireland,2012,Escherichia coli,"combined resistance to fluoroquinolones, third-generation cephalosporins and aminoglycosides",3.6,2282.0,"European/2015/E-coli, Tables 3-1 to 3-7.xlsx [Table 3.6]"
Ireland,2013,Escherichia coli,"combined resistance to fluoroquinolones, third-generation cephalosporins and aminoglycosides",4.7,2477.0,"European/2015/E-coli, Tables 3-1 to 3-7.xlsx [Table 3.6]"
Ireland,2014,Escherichia coli,"combined resistance to fluoroquinolones, third-generation cephalosporins and aminoglycosides",4.7,2689.0,"European/2015/E-coli, Tables 3-1 to 3-7.xlsx [Table 3.6]"
Ireland,2015,Escherichia coli,"combined resistance to fluoroquinolones, third-generation cephalosporins and aminoglycosides",5.4,2621.0,"European/2015/E-coli, Tables 3-1 to 3-7.xlsx [Table 3.6]"
Italy,2012,Escherichia coli,"combined resistance to fluoroquinolones, third-generation cephalosporins and aminoglycosides",14.3,2667.0,"European/2015/E-coli, Tables 3-1 to 3-7.xlsx [Table 3.6]"
Italy,2013,Escherichia coli,"combined resistance to fluoroquinolones, third-generation cephalosporins and aminoglycosides",12.5,3724.0,"European/2015/E-coli, Tables 3-1 to 3-7.xlsx [Table 3.6]"
Italy,2014,Escherichia coli,"combined resistance to fluoroquinolones, third-generation cephalosporins and aminoglycosides",13.7,3428.0,"European/2015/E-coli, Tables 3-1 to 3-7.xlsx [Table 3.6]"
Italy,2015,Escherichia coli,"combined resistance to fluoroquinolones, third-generation cephalosporins and aminoglycosides",14.6,5389.0,"European/2015/E-coli, Tables 3-1 to 3-7.xlsx [Table 3.6]"
Latvia,2012,Escherichia coli,"combined resistance to fluoroquinolones, third-generation cephalosporins and aminoglycosides",6.6,152.0,"European/2015/E-coli, Tables 3-1 to 3-7.xlsx [Table 3.6]"
Latvia,2013,Escherichia coli,"combined resistance to fluoroquinolones, third-generation cephalosporins and aminoglycosides",3.8,132.0,"European/2015/E-coli, Tables 3-1 to 3-7.xlsx [Table 3.6]"
Latvia,2014,Escherichia coli,"combined resistance to fluoroquinolones, third-generation cephalosporins and aminoglycosides",2.5,163.0,"European/2015/E-coli, Tables 3-1 to 3-7.xlsx [Table 3.6]"
Latvia,2015,Escherichia coli,"combined resistance to fluoroquinolones, third-generation cephalosporins and aminoglycosides",10.5,191.0,"European/2015/E-coli, Tables 3-1 to 3-7.xlsx [Table 3.6]"
Lithuania,2012,Escherichia coli,"combined resistance to fluoroquinolones, third-generation cephalosporins and aminoglycosides",1.3,454.0,"European/2015/E-coli, Tables 3-1 to 3-7.xlsx [Table 3.6]"
Lithuania,2013,Escherichia coli,"combined resistance to fluoroquinolones, third-generation cephalosporins and aminoglycosides",1.9,428.0,"European/2015/E-coli, Tables 3-1 to 3-7.xlsx [Table 3.6]"
Lithuania,2014,Escherichia coli,"combined resistance to fluoroquinolones, third-generation cephalosporins and aminoglycosides",2.6,582.0,"European/2015/E-coli, Tables 3-1 to 3-7.xlsx [Table 3.6]"
Lithuania,2015,Escherichia coli,"combined resistance to fluoroquinolones, third-generation cephalosporins and aminoglycosides",4.3,581.0,"European/2015/E-coli, Tables 3-1 to 3-7.xlsx [Table 3.6]"
Luxembourg,2012,Escherichia coli,"combined resistance to fluoroquinolones, third-generation cephalosporins and aminoglycosides",2.7,334.0,"European/2015/E-coli, Tables 3-1 to 3-7.xlsx [Table 3.6]"
Luxembourg,2013,Escherichia coli,"combined resistance to fluoroquinolones, third-generation cephalosporins and aminoglycosides",2.1,283.0,"European/2015/E-coli, Tables 3-1 to 3-7.xlsx [Table 3.6]"
Luxembourg,2014,Escherichia coli,"combined resistance to fluoroquinolones, third-generation cephalosporins and aminoglycosides",3.8,367.0,"European/2015/E-coli, Tables 3-1 to 3-7.xlsx [Table 3.6]"
Luxembourg,2015,Escherichia coli,"combined resistance to fluoroquinolones, third-generation cephalosporins and aminoglycosides",5.2,347.0,"European/2015/E-coli, Tables 3-1 to 3-7.xlsx [Table 3.6]"
Malta,2012,Escherichia coli,"combined resistance to fluoroquinolones, third-generation cephalosporins and aminoglycosides",7.4,216.0,"European/2015/E-coli, Tables 3-1 to 3-7.xlsx [Table 3.6]"
Malta,2013,Escherichia coli,"combined resistance to fluoroquinolones, third-generation cephalosporins and aminoglycosides",5.2,248.0,"European/2015/E-coli, Tables 3-1 to 3-7.xlsx [Table 3.6]"
Malta,2014,Escherichia coli,"combined resistance to fluoroquinolones, third-generation cephalosporins and aminoglycosides",6.8,279.0,"European/2015/E-coli, Tables 3-1 to 3-7.xlsx [Table 3.6]"
Malta,2015,Escherichia coli,"combined resistance to fluoroquinolones, third-generation cephalosporins and aminoglycosides",7.0,258.0,"European/2015/E-coli, Tables 3-1 to 3-7.xlsx [Table 3.6]"
Netherlands,2012,Escherichia coli,"combined resistance to fluoroquinolones, third-generation cephalosporins and aminoglycosides",1.8,4675.0,"European/2015/E-coli, Tables 3-1 to 3-7.xlsx [Table 3.6]"
Netherlands,2013,Escherichia coli,"combined resistance to fluoroquinolones, third-generation cephalosporins and aminoglycosides",1.9,4722.0,"European/2015/E-coli, Tables 3-1 to 3-7.xlsx [Table 3.6]"
Netherlands,2014,Escherichia coli,"combined resistance to fluoroquinolones, third-generation cephalosporins and aminoglycosides",2.1,6425.0,"European/2015/E-coli, Tables 3-1 to 3-7.xlsx [Table 3.6]"
Netherlands,2015,Escherichia coli,"combined resistance to fluoroquinolones, third-generation cephalosporins and aminoglycosides",2.0,5377.0,"European/2015/E-coli, Tables 3-1 to 3-7.xlsx [Table 3.6]"
Norway,2012,Escherichia coli,"combined resistance to fluoroquinolones, third-generation cephalosporins and aminoglycosides",1.9,2835.0,"European/2015/E-coli, Tables 3-1 to 3-7.xlsx [Table 3.6]"
Norway,2013,Escherichia coli,"combined resistance to fluoroquinolones, third-generation cephalosporins and aminoglycosides",2.5,2971.0,"European/2015/E-coli, Tables 3-1 to 3-7.xlsx [Table 3.6]"
Norway,2014,Escherichia coli,"combined resistance to fluoroquinolones, third-generation cephalosporins and aminoglycosides",2.0,3413.0,"European/2015/E-coli, Tables 3-1 to 3-7.xlsx [Table 3.6]"
Norway,2015,Escherichia coli,"combined resistance to fluoroquinolones, third-generation cephalosporins and aminoglycosides",1.9,3298.0,"European/2015/E-coli, Tables 3-1 to 3-7.xlsx [Table 3.6]"
Poland,2012,Escherichia coli,"combined resistance to fluoroquinolones, third-generation cephalosporins and aminoglycosides",6.1,990.0,"European/2015/E-coli, Tables 3-1 to 3-7.xlsx [Table 3.6]"
Poland,2013,Escherichia coli,"combined resistance to fluoroquinolones, third-generation cephalosporins and aminoglycosides",5.0,978.0,"European/2015/E-coli, Tables 3-1 to 3-7.xlsx [Table 3.6]"
Poland,2014,Escherichia coli,"combined resistance to fluoroquinolones, third-generation cephalosporins and aminoglycosides",5.6,1026.0,"European/2015/E-coli, Tables 3-1 to 3-7.xlsx [Table 3.6]"
Poland,2015,Escherichia coli,"combined resistance to fluoroquinolones, third-generation cephalosporins and aminoglycosides",6.1,1532.0,"European/2015/E-coli, Tables 3-1 to 3-7.xlsx [Table 3.6]"
Portugal,2012,Escherichia coli,"combined resistance to fluoroquinolones, third-generation cephalosporins and aminoglycosides",9.2,2151.0,"European/2015/E-coli, Tables 3-1 to 3-7.xlsx [Table 3.6]"
Portugal,2013,Escherichia coli,"combined resistance to fluoroquinolones, third-generation cephalosporins and aminoglycosides",8.1,2676.0,"European/2015/E-coli, Tables 3-1 to 3-7.xlsx [Table 3.6]"
Portugal,2014,Escherichia coli,"combined resistance to fluoroquinolones, third-generation cephalosporins and aminoglycosides",8.2,4989.0,"European/2015/E-coli, Tables 3-1 to 3-7.xlsx [Table 3.6]"
Portugal,2015,Escherichia coli,"combined resistance to fluoroquinolones, third-generation cephalosporins and aminoglycosides",7.6,5366.0,"European/2015/E-coli, Tables 3-1 to 3-7.xlsx [Table 3.6]"
Romania,2012,Escherichia coli,"combined resistance to fluoroquinolones, third-generation cephalosporins and aminoglycosides",15.6,179.0,"European/2015/E-coli, Tables 3-1 to 3-7.xlsx [Table 3.6]"
Romania,2013,Escherichia coli,"combined resistance to fluoroquinolones, third-generation cephalosporins and aminoglycosides",9.2,292.0,"European/2015/E-coli, Tables 3-1 to 3-7.xlsx [Table 3.6]"
Romania,2014,Escherichia coli,"combined resistance to fluoroquinolones, third-generation cephalosporins and aminoglycosides",14.4,298.0,"European/2015/E-coli, Tables 3-1 to 3-7.xlsx [Table 3.6]"
Romania,2015,Escherichia coli,"combined resistance to fluoroquinolones, third-generation cephalosporins and aminoglycosides",13.5,364.0,"European/2015/E-coli, Tables 3-1 to 3-7.xlsx [Table 3.6]"
Slovakia,2012,Escherichia coli,"combined resistance to fluoroquinolones, third-generation cephalosporins and aminoglycosides",13.4,692.0,"European/2015/E-coli, Tables 3-1 to 3-7.xlsx [Table 3.6]"
Slovakia,2013,Escherichia coli,"combined resistance to fluoroquinolones, third-generation cephalosporins and aminoglycosides",17.2,806.0,"European/2015/E-coli, Tables 3-1 to 3-7.xlsx [Table 3.6]"
Slovakia,2014,Escherichia coli,"combined resistance to fluoroquinolones, third-generation cephalosporins and aminoglycosides",17.0,887.0,"European/2015/E-coli, Tables 3-1 to 3-7.xlsx [Table 3.6]"
Slovakia,2015,Escherichia coli,"combined resistance to fluoroquinolones, third-generation cephalosporins and aminoglycosides",17.1,891.0,"European/2015/E-coli, Tables 3-1 to 3-7.xlsx [Table 3.6]"
Slovenia,2012,Escherichia coli,"combined resistance to fluoroquinolones, third-generation cephalosporins and aminoglycosides",5.0,1168.0,"European/2015/E-coli, Tables 3-1 to 3-7.xlsx [Table 3.6]"
Slovenia,2013,Escherichia coli,"combined resistance to fluoroquinolones, third-generation cephalosporins and aminoglycosides",4.5,1224.0,"European/2015/E-coli, Tables 3-1 to 3-7.xlsx [Table 3.6]"
Slovenia,2014,Escherichia coli,"combined resistance to fluoroquinolones, third-generation cephalosporins and aminoglycosides",7.1,1216.0,"European/2015/E-coli, Tables 3-1 to 3-7.xlsx [Table 3.6]"
Slovenia,2015,Escherichia coli,"combined resistance to fluoroquinolones, third-generation cephalosporins and aminoglycosides",8.1,1325.0,"European/2015/E-coli, Tables 3-1 to 3-7.xlsx [Table 3.6]"
Spain,2012,Escherichia coli,"combined resistance to fluoroquinolones, third-generation cephalosporins and aminoglycosides",5.8,5651.0,"European/2015/E-coli, Tables 3-1 to 3-7.xlsx [Table 3.6]"
Spain,2013,Escherichia coli,"combined resistance to fluoroquinolones, third-generation cephalosporins and aminoglycosides",5.8,5921.0,"European/2015/E-coli, Tables 3-1 to 3-7.xlsx [Table 3.6]"
Spain,2014,Escherichia coli,"combined resistance to fluoroquinolones, third-generation cephalosporins and aminoglycosides",5.3,5814.0,"European/2015/E-coli, Tables 3-1 to 3-7.xlsx [Table 3.6]"
Spain,2015,Escherichia coli,"combined resistance to fluoroquinolones, third-generation cephalosporins and aminoglycosides",5.5,6416.0,"European/2015/E-coli, Tables 3-1 to 3-7.xlsx [Table 3.6]"
Sweden,2012,Escherichia coli,"combined resistance to fluoroquinolones, third-generation cephalosporins and aminoglycosides",1.8,5534.0,"European/2015/E-coli, Tables 3-1 to 3-7.xlsx [Table 3.6]"
Sweden,2013,Escherichia coli,"combined resistance to fluoroquinolones, third-generation cephalosporins and aminoglycosides",2.0,7094.0,"European/2015/E-coli, Tables 3-1 to 3-7.xlsx [Table 3.6]"
Sweden,2014,Escherichia coli,"combined resistance to fluoroquinolones, third-generation cephalosporins and aminoglycosides",2.0,4203.0,"European/2015/E-coli, Tables 3-1 to 3-7.xlsx [Table 3.6]"
Sweden,2015,Escherichia coli,"combined resistance to fluoroquinolones, third-generation cephalosporins and aminoglycosides",2.5,5257.0,"European/2015/E-coli, Tables 3-1 to 3-7.xlsx [Table 3.6]"
United Kingdom,2012,Escherichia coli,"combined resistance to fluoroquinolones, third-generation cephalosporins and aminoglycosides",4.2,5577.0,"European/2015/E-coli, Tables 3-1 to 3-7.xlsx [Table 3.6]"
United Kingdom,2013,Escherichia coli,"combined resistance to fluoroquinolones, third-generation cephalosporins and aminoglycosides",4.4,6535.0,"European/2015/E-coli, Tables 3-1 to 3-7.xlsx [Table 3.6]"
United Kingdom,2014,Escherichia coli,"combined resistance to fluoroquinolones, third-generation cephalosporins and aminoglycosides",4.4,6191.0,"European/2015/E-coli, Tables 3-1 to 3-7.xlsx [Table 3.6]"
United Kingdom,2015,Escherichia coli,"combined resistance to fluoroquinolones, third-generation cephalosporins and aminoglycosides",4.5,5119.0,"European/2015/E-coli, Tables 3-1 to 3-7.xlsx [Table 3.6]"
Austria,2010,Escherichia coli,fluoroquinolones,20.9,2925.0,European/2013/Downloadables/E coli/number-e-coli-isolates-and-percentage-resistant-fluoroquinolones-2010-2013.xlsx
Austria,2011,Escherichia coli,fluoroquinolones,22.3,3162.0,European/2014/E coli/number-e-coli-isolates-and-percentage-resistant-fluoroquinolones-2011-2014.xlsx
Austria,2012,Escherichia coli,fluoroquinolones,20.6,3610.0,European/2014/E coli/number-e-coli-isolates-and-percentage-resistant-fluoroquinolones-2011-2014.xlsx
Austria,2013,Escherichia coli,fluoroquinolones,22.0,4279.0,European/2014/E coli/number-e-coli-isolates-and-percentage-resistant-fluoroquinolones-2011-2014.xlsx
Austria,2014,Escherichia coli,fluoroquinolones,19.8,4642.0,European/2014/E coli/number-e-coli-isolates-and-percentage-resistant-fluoroquinolones-2011-2014.xlsx
Austria,2015,Escherichia coli,fluoroquinolones,20.0,4808.0,"European/2015/E-coli, Tables 3-1 to 3-7.xlsx [Table 3.2]"
Belgium,2010,Escherichia coli,fluoroquinolones,21.5,1782.0,European/2013/Downloadables/E coli/number-e-coli-isolates-and-percentage-resistant-fluoroquinolones-2010-2013.xlsx
Belgium,2011,Escherichia coli,fluoroquinolones,21.5,3549.0,European/2014/E coli/number-e-coli-isolates-and-percentage-resistant-fluoroquinolones-2011-2014.xlsx
Belgium,2012,Escherichia coli,fluoroquinolones,22.2,3515.0,European/2014/E coli/number-e-coli-isolates-and-percentage-resistant-fluoroquinolones-2011-2014.xlsx
Belgium,2013,Escherichia coli,fluoroquinolones,23.0,4113.0,European/2014/E coli/number-e-coli-isolates-and-percentage-resistant-fluoroquinolones-2011-2014.xlsx
Belgium,2014,Escherichia coli,fluoroquinolones,26.7,2599.0,European/2014/E coli/number-e-coli-isolates-and-percentage-resistant-fluoroquinolones-2011-2014.xlsx
Belgium,2015,Escherichia coli,fluoroquinolones,26.6,2565.0,"European/2015/E-coli, Tables 3-1 to 3-7.xlsx [Table 3.2]"
Bulgaria,2010,Escherichia coli,fluoroquinolones,33.1,151.0,European/2013/Downloadables/E coli/number-e-coli-isolates-and-percentage-resistant-fluoroquinolones-2010-2013.xlsx
Bulgaria,2011,Escherichia coli,fluoroquinolones,30.2,179.0,European/2014/E coli/number-e-coli-isolates-and-percentage-resistant-fluoroquinolones-2011-2014.xlsx
Bulgaria,2012,Escherichia coli,fluoroquinolones,34.1,223.0,European/2014/E coli/number-e-coli-isolates-and-percentage-resistant-fluoroquinolones-2011-2014.xlsx
Bulgaria,2013,Escherichia coli,fluoroquinolones,37.4,187.0,European/2014/E coli/number-e-coli-isolates-and-percentage-resistant-fluoroquinolones-2011-2014.xlsx
Bulgaria,2014,Escherichia coli,fluoroquinolones,38.6,215.0,European/2014/E coli/number-e-coli-isolates-and-percentage-resistant-fluoroquinolones-2011-2014.xlsx
Bulgaria,2015,Escherichia coli,fluoroquinolones,35.3,204.0,"European/2015/E-coli, Tables 3-1 to 3-7.xlsx [Table 3.2]"
Croatia,2010,Escherichia coli,fluoroquinolones,17.0,876.0,European/2013/Downloadables/E coli/number-e-coli-isolates-and-percentage-resistant-fluoroquinolones-2010-2013.xlsx
Croatia,2011,Escherichia coli,fluoroquinolones,20.3,952.0,European/2014/E coli/number-e-coli-isolates-and-percentage-resistant-fluoroquinolones-2011-2014.xlsx
Croatia,2012,Escherichia coli,fluoroquinolones,17.0,892.0,European/2014/E coli/number-e-coli-isolates-and-percentage-resistant-fluoroquinolones-2011-2014.xlsx
Croatia,2013,Escherichia coli,fluoroquinolones,20.2,1026.0,European/2014/E coli/number-e-coli-isolates-and-percentage-resistant-fluoroquinolones-2011-2014.xlsx
Croatia,2014,Escherichia coli,fluoroquinolones,20.1,1072.0,European/2014/E coli/number-e-coli-isolates-and-percentage-resistant-fluoroquinolones-2011-2014.xlsx
Croatia,2015,Escherichia coli,fluoroquinolones,24.0,1038.0,"European/2015/E-coli, Tables 3-1 to 3-7.xlsx [Table 3.2]"
Cyprus,2010,Escherichia coli,fluoroquinolones,42.8,138.0,European/2013/Downloadables/E coli/number-e-coli-isolates-and-percentage-resistant-fluoroquinolones-2010-2013.xlsx
Cyprus,2011,Escherichia coli,fluoroquinolones,47.4,137.0,European/2014/E coli/number-e-coli-isolates-and-percentage-resistant-fluoroquinolones-2011-2014.xlsx
Cyprus,2012,Escherichia coli,fluoroquinolones,42.0,176.0,European/2014/E coli/number-e-coli-isolates-and-percentage-resistant-fluoroquinolones-2011-2014.xlsx
Cyprus,2013,Escherichia coli,fluoroquinolones,51.9,162.0,European/2014/E coli/number-e-coli-isolates-and-percentage-resistant-fluoroquinolones-2011-2014.xlsx
Cyprus,2014,Escherichia coli,fluoroquinolones,46.4,153.0,European/2014/E coli/number-e-coli-isolates-and-percentage-resistant-fluoroquinolones-2011-2014.xlsx
Cyprus,2015,Escherichia coli,fluoroquinolones,45.5,123.0,"European/2015/E-coli, Tables 3-1 to 3-7.xlsx [Table 3.2]"
Czech Republic,2010,Escherichia coli,fluoroquinolones,22.7,2481.0,European/2013/Downloadables/E coli/number-e-coli-isolates-and-percentage-resistant-fluoroquinolones-2010-2013.xlsx
Czech Republic,2011,Escherichia coli,fluoroquinolones,23.5,2682.0,European/2014/E coli/number-e-coli-isolates-and-percentage-resistant-fluoroquinolones-2011-2014.xlsx
Czech Republic,2012,Escherichia coli,fluoroquinolones,21.0,2809.0,European/2014/E coli/number-e-coli-isolates-and-percentage-resistant-fluoroquinolones-2011-2014.xlsx
Czech Republic,2013,Escherichia coli,fluoroquinolones,20.8,2953.0,European/2014/E coli/number-e-coli-isolates-and-percentage-resistant-fluoroquinolones-2011-2014.xlsx
Czech Republic,2014,Escherichia coli,fluoroquinolones,21.6,2976.0,European/2014/E coli/number-e-coli-isolates-and-percentage-resistant-fluoroquinolones-2011-2014.xlsx
Czech Republic,2015,Escherichia coli,fluoroquinolones,22.6,3165.0,"European/2015/E-coli, Tables 3-1 to 3-7.xlsx [Table 3.2]"
Denmark,2010,Escherichia coli,fluoroquinolones,13.7,3166.0,European/2013/Downloadables/E coli/number-e-coli-isolates-and-percentage-resistant-fluoroquinolones-2010-2013.xlsx
Denmark,2011,Escherichia coli,fluoroquinolones,14.1,3583.0,European/2014/E coli/number-e-coli-isolates-and-percentage-resistant-fluoroquinolones-2011-2014.xlsx
Denmark,2012,Escherichia coli,fluoroquinolones,14.1,3923.0,European/2014/E coli/number-e-coli-isolates-and-percentage-resistant-fluoroquinolones-2011-2014.xlsx
Denmark,2013,Escherichia coli,fluoroquinolones,12.4,3963.0,European/2014/E coli/number-e-coli-isolates-and-percentage-resistant-fluoroquinolones-2011-2014.xlsx
Denmark,2014,Escherichia coli,fluoroquinolones,12.3,4489.0,European/2014/E coli/number-e-coli-isolates-and-percentage-resistant-fluoroquinolones-2011-2014.xlsx
Denmark,2015,Escherichia coli,fluoroquinolones,11.9,4570.0,"European/2015/E-coli, Tables 3-1 to 3-7.xlsx [Table 3.2]"
Estonia,2010,Escherichia coli,fluoroquinolones,8.4,263.0,European/2013/Downloadables/E coli/number-e-coli-isolates-and-percentage-resistant-fluoroquinolones-2010-2013.xlsx
Estonia,2011,Escherichia coli,fluoroquinolones,9.9,312.0,European/2014/E coli/number-e-coli-isolates-and-percentage-resistant-fluoroquinolones-2011-2014.xlsx
Estonia,2012,Escherichia coli,fluoroquinolones,14.1,304.0,European/2014/E coli/number-e-coli-isolates-and-percentage-resistant-fluoroquinolones-2011-2014.xlsx
Estonia,2013,Escherichia coli,fluoroquinolones,11.8,338.0,European/2014/E coli/number-e-coli-isolates-and-percentage-resistant-fluoroquinolones-2011-2014.xlsx
Estonia,2014,Escherichia coli,fluoroquinolones,12.3,407.0,European/2014/E coli/number-e-coli-isolates-and-percentage-resistant-fluoroquinolones-2011-2014.xlsx
Estonia,2015,Escherichia coli,fluoroquinolones,15.2,256.0,"European/2015/E-coli, Tables 3-1 to 3-7.xlsx [Table 3.2]"
Finland,2010,Escherichia coli,fluoroquinolones,9.2,2550.0,European/2013/Downloadables/E coli/number-e-coli-isolates-and-percentage-resistant-fluoroquinolones-2010-2013.xlsx
Finland,2011,Escherichia coli,fluoroquinolones,11.0,3020.0,European/2014/E coli/number-e-coli-isolates-and-percentage-resistant-fluoroquinolones-2011-2014.xlsx
Finland,2012,Escherichia coli,fluoroquinolones,11.7,3162.0,European/2014/E coli/number-e-coli-isolates-and-percentage-resistant-fluoroquinolones-2011-2014.xlsx
Finland,2013,Escherichia coli,fluoroquinolones,13.3,3594.0,European/2014/E coli/number-e-coli-isolates-and-percentage-resistant-fluoroquinolones-2011-2014.xlsx
Finland,2014,Escherichia coli,fluoroquinolones,11.0,3987.0,European/2014/E coli/number-e-coli-isolates-and-percentage-resistant-fluoroquinolones-2011-2014.xlsx
Finland,2015,Escherichia coli,fluoroquinolones,11.2,4404.0,"European/2015/E-coli, Tables 3-1 to 3-7.xlsx [Table 3.2]"
France,2010,Escherichia coli,fluoroquinolones,17.5,9007.0,European/2013/Downloadables/E coli/number-e-coli-isolates-and-percentage-resistant-fluoroquinolones-2010-2013.xlsx
France,2011,Escherichia coli,fluoroquinolones,17.9,8694.0,European/2014/E coli/number-e-coli-isolates-and-percentage-resistant-fluoroquinolones-2011-2014.xlsx
France,2012,Escherichia coli,fluoroquinolones,17.8,9470.0,European/2014/E coli/number-e-coli-isolates-and-percentage-resistant-fluoroquinolones-2011-2014.xlsx
France,2013,Escherichia coli,fluoroquinolones,16.7,10069.0,European/2014/E coli/number-e-coli-isolates-and-percentage-resistant-fluoroquinolones-2011-2014.xlsx
France,2014,Escherichia coli,fluoroquinolones,17.6,10307.0,European/2014/E coli/number-e-coli-isolates-and-percentage-resistant-fluoroquinolones-2011-2014.xlsx
France,2015,Escherichia coli,fluoroquinolones,17.7,10998.0,"European/2015/E-coli, Tables 3-1 to 3-7.xlsx [Table 3.2]"
Germany,2010,Escherichia coli,fluoroquinolones,24.8,3017.0,European/2013/Downloadables/E coli/number-e-coli-isolates-and-percentage-resistant-fluoroquinolones-2010-2013.xlsx
Germany,2011,Escherichia coli,fluoroquinolones,23.7,3636.0,European/2014/E coli/number-e-coli-isolates-and-percentage-resistant-fluoroquinolones-2011-2014.xlsx
Germany,2012,Escherichia coli,fluoroquinolones,21.1,4188.0,European/2014/E coli/number-e-coli-isolates-and-percentage-resistant-fluoroquinolones-2011-2014.xlsx
Germany,2013,Escherichia coli,fluoroquinolones,22.1,5254.0,European/2014/E coli/number-e-coli-isolates-and-percentage-resistant-fluoroquinolones-2011-2014.xlsx
Germany,2014,Escherichia coli,fluoroquinolones,20.6,6163.0,European/2014/E coli/number-e-coli-isolates-and-percentage-resistant-fluoroquinolones-2011-2014.xlsx
Germany,2015,Escherichia coli,fluoroquinolones,19.5,8712.0,"European/2015/E-coli, Tables 3-1 to 3-7.xlsx [Table 3.2]"
Greece,2010,Escherichia coli,fluoroquinolones,24.4,1516.0,European/2013/Downloadables/E coli/number-e-coli-isolates-and-percentage-resistant-fluoroquinolones-2010-2013.xlsx
Greece,2011,Escherichia coli,fluoroquinolones,26.6,1433.0,European/2014/E coli/number-e-coli-isolates-and-percentage-resistant-fluoroquinolones-2011-2014.xlsx
Greece,2012,Escherichia coli,fluoroquinolones,29.1,1372.0,European/2014/E coli/number-e-coli-isolates-and-percentage-resistant-fluoroquinolones-2011-2014.xlsx
Greece,2013,Escherichia coli,fluoroquinolones,30.9,1240.0,European/2014/E coli/number-e-coli-isolates-and-percentage-resistant-fluoroquinolones-2011-2014.xlsx
Greece,2014,Escherichia coli,fluoroquinolones,32.8,1105.0,European/2014/E coli/number-e-coli-isolates-and-percentage-resistant-fluoroquinolones-2011-2014.xlsx
Greece,2015,Escherichia coli,fluoroquinolones,30.6,1191.0,"European/2015/E-coli, Tables 3-1 to 3-7.xlsx [Table 3.2]"
Hungary,2010,Escherichia coli,fluoroquinolones,36.6,1367.0,European/2013/Downloadables/E coli/number-e-coli-isolates-and-percentage-resistant-fluoroquinolones-2010-2013.xlsx
Hungary,2011,Escherichia coli,fluoroquinolones,31.2,1213.0,European/2014/E coli/number-e-coli-isolates-and-percentage-resistant-fluoroquinolones-2011-2014.xlsx
Hungary,2012,Escherichia coli,fluoroquinolones,28.9,1393.0,European/2014/E coli/number-e-coli-isolates-and-percentage-resistant-fluoroquinolones-2011-2014.xlsx
Hungary,2013,Escherichia coli,fluoroquinolones,30.3,1432.0,European/2014/E coli/number-e-coli-isolates-and-percentage-resistant-fluoroquinolones-2011-2014.xlsx
Hungary,2014,Escherichia coli,fluoroquinolones,28.4,1614.0,European/2014/E coli/number-e-coli-isolates-and-percentage-resistant-fluoroquinolones-2011-2014.xlsx
Hungary,2015,Escherichia coli,fluoroquinolones,29.0,2021.0,"European/2015/E-coli, Tables 3-1 to 3-7.xlsx [Table 3.2]"
Iceland,2010,Escherichia coli,fluoroquinolones,10.5,95.0,European/2013/Downloadables/E coli/number-e-coli-isolates-and-percentage-resistant-fluoroquinolones-2010-2013.xlsx
Iceland,2011,Escherichia coli,fluoroquinolones,14.0,121.0,European/2014/E coli/number-e-coli-isolates-and-percentage-resistant-fluoroquinolones-2011-2014.xlsx
Iceland,2012,Escherichia coli,fluoroquinolones,9.7,134.0,European/2014/E coli/number-e-coli-isolates-and-percentage-resistant-fluoroquinolones-2011-2014.xlsx
Iceland,2013,Escherichia coli,fluoroquinolones,14.7,116.0,European/2014/E coli/number-e-coli-isolates-and-percentage-resistant-fluoroquinolones-2011-2014.xlsx
Iceland,2014,Escherichia coli,fluoroquinolones,7.8,141.0,European/2014/E coli/number-e-coli-isolates-and-percentage-resistant-fluoroquinolones-2011-2014.xlsx
Iceland,2015,Escherichia coli,fluoroquinolones,6.8,162.0,"European/2015/E-coli, Tables 3-1 to 3-7.xlsx [Table 3.2]"
Ireland,2010,Escherichia coli,fluoroquinolones,22.9,2117.0,European/2013/Downloadables/E coli/number-e-coli-isolates-and-percentage-resistant-fluoroquinolones-2010-2013.xlsx
Ireland,2011,Escherichia coli,fluoroquinolones,22.9,2153.0,European/2014/E coli/number-e-coli-isolates-and-percentage-resistant-fluoroquinolones-2011-2014.xlsx
Ireland,2012,Escherichia coli,fluoroquinolones,24.3,2380.0,European/2014/E coli/number-e-coli-isolates-and-percentage-resistant-fluoroquinolones-2011-2014.xlsx
Ireland,2013,Escherichia coli,fluoroquinolones,24.2,2478.0,European/2014/E coli/number-e-coli-isolates-and-percentage-resistant-fluoroquinolones-2011-2014.xlsx
Ireland,2014,Escherichia coli,fluoroquinolones,24.5,2703.0,European/2014/E coli/number-e-coli-isolates-and-percentage-resistant-fluoroquinolones-2011-2014.xlsx
Ireland,2015,Escherichia coli,fluoroquinolones,23.1,2631.0,"European/2015/E-coli, Tables 3-1 to 3-7.xlsx [Table 3.2]"
Italy,2010,Escherichia coli,fluoroquinolones,39.2,2436.0,European/2013/Downloadables/E coli/number-e-coli-isolates-and-percentage-resistant-fluoroquinolones-2010-2013.xlsx
Italy,2011,Escherichia coli,fluoroquinolones,40.5,1899.0,European/2014/E coli/number-e-coli-isolates-and-percentage-resistant-fluoroquinolones-2011-2014.xlsx
Italy,2012,Escherichia coli,fluoroquinolones,42.1,2920.0,European/2014/E coli/number-e-coli-isolates-and-percentage-resistant-fluoroquinolones-2011-2014.xlsx
Italy,2013,Escherichia coli,fluoroquinolones,42.2,3928.0,European/2014/E coli/number-e-coli-isolates-and-percentage-resistant-fluoroquinolones-2011-2014.xlsx
Italy,2014,Escherichia coli,fluoroquinolones,43.9,3647.0,European/2014/E coli/number-e-coli-isolates-and-percentage-resistant-fluoroquinolones-2011-2014.xlsx
Italy,2015,Escherichia coli,fluoroquinolones,44.4,5590.0,"European/2015/E-coli, Tables 3-1 to 3-7.xlsx [Table 3.2]"
Latvia,2010,Escherichia coli,fluoroquinolones,14.4,97.0,European/2013/Downloadables/E coli/number-e-coli-isolates-and-percentage-resistant-fluoroquinolones-2010-2013.xlsx
Latvia,2011,Escherichia coli,fluoroquinolones,16.8,131.0,European/2014/E coli/number-e-coli-isolates-and-percentage-resistant-fluoroquinolones-2011-2014.xlsx
Latvia,2012,Escherichia coli,fluoroquinolones,14.5,152.0,European/2014/E coli/number-e-coli-isolates-and-percentage-resistant-fluoroquinolones-2011-2014.xlsx
Latvia,2013,Escherichia coli,fluoroquinolones,18.7,134.0,European/2014/E coli/number-e-coli-isolates-and-percentage-resistant-fluoroquinolones-2011-2014.xlsx
Latvia,2014,Escherichia coli,fluoroquinolones,17.7,181.0,European/2014/E coli/number-e-coli-isolates-and-percentage-resistant-fluoroquinolones-2011-2014.xlsx
Latvia,2015,Escherichia coli,fluoroquinolones,27.8,194.0,"European/2015/E-coli, Tables 3-1 to 3-7.xlsx [Table 3.2]"
Lithuania,2010,Escherichia coli,fluoroquinolones,13.5,333.0,European/2013/Downloadables/E coli/number-e-coli-isolates-and-percentage-resistant-fluoroquinolones-2010-2013.xlsx
Lithuania,2011,Escherichia coli,fluoroquinolones,12.9,381.0,European/2014/E coli/number-e-coli-isolates-and-percentage-resistant-fluoroquinolones-2011-2014.xlsx
Lithuania,2012,Escherichia coli,fluoroquinolones,14.7,456.0,European/2014/E coli/number-e-coli-isolates-and-percentage-resistant-fluoroquinolones-2011-2014.xlsx
Lithuania,2013,Escherichia coli,fluoroquinolones,16.0,431.0,European/2014/E coli/number-e-coli-isolates-and-percentage-resistant-fluoroquinolones-2011-2014.xlsx
Lithuania,2014,Escherichia coli,fluoroquinolones,12.8,592.0,European/2014/E coli/number-e-coli-isolates-and-percentage-resistant-fluoroquinolones-2011-2014.xlsx
Lithuania,2015,Escherichia coli,fluoroquinolones,20.6,583.0,"European/2015/E-coli, Tables 3-1 to 3-7.xlsx [Table 3.2]"
Luxembourg,2010,Escherichia coli,fluoroquinolones,26.3,354.0,European/2013/Downloadables/E coli/number-e-coli-isolates-and-percentage-resistant-fluoroquinolones-2010-2013.xlsx
Luxembourg,2011,Escherichia coli,fluoroquinolones,24.1,353.0,European/2014/E coli/number-e-coli-isolates-and-percentage-resistant-fluoroquinolones-2011-2014.xlsx
Luxembourg,2012,Escherichia coli,fluoroquinolones,24.0,334.0,European/2014/E coli/number-e-coli-isolates-and-percentage-resistant-fluoroquinolones-2011-2014.xlsx
Luxembourg,2013,Escherichia coli,fluoroquinolones,27.8,295.0,European/2014/E coli/number-e-coli-isolates-and-percentage-resistant-fluoroquinolones-2011-2014.xlsx
Luxembourg,2014,Escherichia coli,fluoroquinolones,24.7,368.0,European/2014/E coli/number-e-coli-isolates-and-percentage-resistant-fluoroquinolones-2011-2014.xlsx
Luxembourg,2015,Escherichia coli,fluoroquinolones,24.2,347.0,"European/2015/E-coli, Tables 3-1 to 3-7.xlsx [Table 3.2]"
Malta,2010,Escherichia coli,fluoroquinolones,34.4,192.0,European/2013/Downloadables/E coli/number-e-coli-isolates-and-percentage-resistant-fluoroquinolones-2010-2013.xlsx
Malta,2011,Escherichia coli,fluoroquinolones,32.0,219.0,European/2014/E coli/number-e-coli-isolates-and-percentage-resistant-fluoroquinolones-2011-2014.xlsx
Malta,2012,Escherichia coli,fluoroquinolones,31.9,216.0,European/2014/E coli/number-e-coli-isolates-and-percentage-resistant-fluoroquinolones-2011-2014.xlsx
Malta,2013,Escherichia coli,fluoroquinolones,29.8,248.0,European/2014/E coli/number-e-coli-isolates-and-percentage-resistant-fluoroquinolones-2011-2014.xlsx
Malta,2014,Escherichia coli,fluoroquinolones,29.0,279.0,European/2014/E coli/number-e-coli-isolates-and-percentage-resistant-fluoroquinolones-2011-2014.xlsx
Malta,2015,Escherichia coli,fluoroquinolones,38.8,258.0,"European/2015/E-coli, Tables 3-1 to 3-7.xlsx [Table 3.2]"
Netherlands,2010,Escherichia coli,fluoroquinolones,13.6,3409.0,European/2013/Downloadables/E coli/number-e-coli-isolates-and-percentage-resistant-fluoroquinolones-2010-2013.xlsx
Netherlands,2011,Escherichia coli,fluoroquinolones,14.3,4427.0,European/2014/E coli/number-e-coli-isolates-and-percentage-resistant-fluoroquinolones-2011-2014.xlsx
Netherlands,2012,Escherichia coli,fluoroquinolones,15.5,4697.0,European/2014/E coli/number-e-coli-isolates-and-percentage-resistant-fluoroquinolones-2011-2014.xlsx
Netherlands,2013,Escherichia coli,fluoroquinolones,14.1,4730.0,European/2014/E coli/number-e-coli-isolates-and-percentage-resistant-fluoroquinolones-2011-2014.xlsx
Netherlands,2014,Escherichia coli,fluoroquinolones,13.3,6444.0,European/2014/E coli/number-e-coli-isolates-and-percentage-resistant-fluoroquinolones-2011-2014.xlsx
Netherlands,2015,Escherichia coli,fluoroquinolones,13.2,5379.0,"European/2015/E-coli, Tables 3-1 to 3-7.xlsx [Table 3.2]"
Norway,2010,Escherichia coli,fluoroquinolones,8.7,2267.0,European/2013/Downloadables/E coli/number-e-coli-isolates-and-percentage-resistant-fluoroquinolones-2010-2013.xlsx
Norway,2011,Escherichia coli,fluoroquinolones,9.0,2505.0,European/2014/E coli/number-e-coli-isolates-and-percentage-resistant-fluoroquinolones-2011-2014.xlsx
Norway,2012,Escherichia coli,fluoroquinolones,11.3,2843.0,European/2014/E coli/number-e-coli-isolates-and-percentage-resistant-fluoroquinolones-2011-2014.xlsx
Norway,2013,Escherichia coli,fluoroquinolones,10.9,2975.0,European/2014/E coli/number-e-coli-isolates-and-percentage-resistant-fluoroquinolones-2011-2014.xlsx
Norway,2014,Escherichia coli,fluoroquinolones,11.0,3415.0,European/2014/E coli/number-e-coli-isolates-and-percentage-resistant-fluoroquinolones-2011-2014.xlsx
Norway,2015,Escherichia coli,fluoroquinolones,10.2,3298.0,"European/2015/E-coli, Tables 3-1 to 3-7.xlsx [Table 3.2]"
Poland,2010,Escherichia coli,fluoroquinolones,25.8,691.0,European/2013/Downloadables/E coli/number-e-coli-isolates-and-percentage-resistant-fluoroquinolones-2010-2013.xlsx
Poland,2011,Escherichia coli,fluoroquinolones,27.3,1141.0,European/2014/E coli/number-e-coli-isolates-and-percentage-resistant-fluoroquinolones-2011-2014.xlsx
Poland,2012,Escherichia coli,fluoroquinolones,29.3,1033.0,European/2014/E coli/number-e-coli-isolates-and-percentage-resistant-fluoroquinolones-2011-2014.xlsx
Poland,2013,Escherichia coli,fluoroquinolones,27.3,1035.0,European/2014/E coli/number-e-coli-isolates-and-percentage-resistant-fluoroquinolones-2011-2014.xlsx
Poland,2014,Escherichia coli,fluoroquinolones,29.2,1057.0,"European/2015/E-coli, Tables 3-1 to 3-7.xlsx [Table 3.2]"
Poland,2015,Escherichia coli,fluoroquinolones,27.9,1571.0,"European/2015/E-coli, Tables 3-1 to 3-7.xlsx [Table 3.2]"
Portugal,2010,Escherichia coli,fluoroquinolones,27.3,1921.0,European/2013/Downloadables/E coli/number-e-coli-isolates-and-percentage-resistant-fluoroquinolones-2010-2013.xlsx
Portugal,2011,Escherichia coli,fluoroquinolones,27.2,1917.0,European/2014/E coli/number-e-coli-isolates-and-percentage-resistant-fluoroquinolones-2011-2014.xlsx
Portugal,2012,Escherichia coli,fluoroquinolones,30.3,2158.0,European/2014/E coli/number-e-coli-isolates-and-percentage-resistant-fluoroquinolones-2011-2014.xlsx
Portugal,2013,Escherichia coli,fluoroquinolones,31.6,2685.0,European/2014/E coli/number-e-coli-isolates-and-percentage-resistant-fluoroquinolones-2011-2014.xlsx
Portugal,2014,Escherichia coli,fluoroquinolones,32.4,5027.0,European/2014/E coli/number-e-coli-isolates-and-percentage-resistant-fluoroquinolones-2011-2014.xlsx
Portugal,2015,Escherichia coli,fluoroquinolones,29.7,5371.0,"European/2015/E-coli, Tables 3-1 to 3-7.xlsx [Table 3.2]"
Romania,2010,Escherichia coli,fluoroquinolones,24.2,33.0,European/2013/Downloadables/E coli/number-e-coli-isolates-and-percentage-resistant-fluoroquinolones-2010-2013.xlsx
Romania,2011,Escherichia coli,fluoroquinolones,28.0,50.0,European/2014/E coli/number-e-coli-isolates-and-percentage-resistant-fluoroquinolones-2011-2014.xlsx
Romania,2012,Escherichia coli,fluoroquinolones,29.0,186.0,European/2014/E coli/number-e-coli-isolates-and-percentage-resistant-fluoroquinolones-2011-2014.xlsx
Romania,2013,Escherichia coli,fluoroquinolones,31.0,300.0,European/2014/E coli/number-e-coli-isolates-and-percentage-resistant-fluoroquinolones-2011-2014.xlsx
Romania,2014,Escherichia coli,fluoroquinolones,31.3,307.0,European/2014/E coli/number-e-coli-isolates-and-percentage-resistant-fluoroquinolones-2011-2014.xlsx
Romania,2015,Escherichia coli,fluoroquinolones,30.7,371.0,"European/2015/E-coli, Tables 3-1 to 3-7.xlsx [Table 3.2]"
Slovakia,2011,Escherichia coli,fluoroquinolones,41.8,739.0,European/2014/E coli/number-e-coli-isolates-and-percentage-resistant-fluoroquinolones-2011-2014.xlsx
Slovakia,2012,Escherichia coli,fluoroquinolones,41.3,695.0,European/2014/E coli/number-e-coli-isolates-and-percentage-resistant-fluoroquinolones-2011-2014.xlsx
Slovakia,2013,Escherichia coli,fluoroquinolones,40.3,808.0,European/2014/E coli/number-e-coli-isolates-and-percentage-resistant-fluoroquinolones-2011-2014.xlsx
Slovakia,2014,Escherichia coli,fluoroquinolones,43.0,887.0,European/2014/E coli/number-e-coli-isolates-and-percentage-resistant-fluoroquinolones-2011-2014.xlsx
Slovakia,2015,Escherichia coli,fluoroquinolones,44.2,894.0,"European/2015/E-coli, Tables 3-1 to 3-7.xlsx [Table 3.2]"
Slovenia,2010,Escherichia coli,fluoroquinolones,19.3,952.0,European/2013/Downloadables/E coli/number-e-coli-isolates-and-percentage-resistant-fluoroquinolones-2010-2013.xlsx
Slovenia,2011,Escherichia coli,fluoroquinolones,20.7,1002.0,European/2014/E coli/number-e-coli-isolates-and-percentage-resistant-fluoroquinolones-2011-2014.xlsx
Slovenia,2012,Escherichia coli,fluoroquinolones,21.4,1168.0,European/2014/E coli/number-e-coli-isolates-and-percentage-resistant-fluoroquinolones-2011-2014.xlsx
Slovenia,2013,Escherichia coli,fluoroquinolones,19.9,1224.0,European/2014/E coli/number-e-coli-isolates-and-percentage-resistant-fluoroquinolones-2011-2014.xlsx
Slovenia,2014,Escherichia coli,fluoroquinolones,23.3,1216.0,European/2014/E coli/number-e-coli-isolates-and-percentage-resistant-fluoroquinolones-2011-2014.xlsx
Slovenia,2015,Escherichia coli,fluoroquinolones,24.6,1325.0,"European/2015/E-coli, Tables 3-1 to 3-7.xlsx [Table 3.2]"
Spain,2010,Escherichia coli,fluoroquinolones,32.8,5696.0,European/2013/Downloadables/E coli/number-e-coli-isolates-and-percentage-resistant-fluoroquinolones-2010-2013.xlsx
Spain,2011,Escherichia coli,fluoroquinolones,34.5,5597.0,European/2014/E coli/number-e-coli-isolates-and-percentage-resistant-fluoroquinolones-2011-2014.xlsx
Spain,2012,Escherichia coli,fluoroquinolones,33.9,5654.0,European/2014/E coli/number-e-coli-isolates-and-percentage-resistant-fluoroquinolones-2011-2014.xlsx
Spain,2013,Escherichia coli,fluoroquinolones,34.9,5926.0,European/2014/E coli/number-e-coli-isolates-and-percentage-resistant-fluoroquinolones-2011-2014.xlsx
Spain,2014,Escherichia coli,fluoroquinolones,34.0,5818.0,European/2014/E coli/number-e-coli-isolates-and-percentage-resistant-fluoroquinolones-2011-2014.xlsx
Spain,2015,Escherichia coli,fluoroquinolones,31.6,6484.0,"European/2015/E-coli, Tables 3-1 to 3-7.xlsx [Table 3.2]"
Sweden,2010,Escherichia coli,fluoroquinolones,10.8,2130.0,European/2013/Downloadables/E coli/number-e-coli-isolates-and-percentage-resistant-fluoroquinolones-2010-2013.xlsx
Sweden,2011,Escherichia coli,fluoroquinolones,10.1,5101.0,European/2014/E coli/number-e-coli-isolates-and-percentage-resistant-fluoroquinolones-2011-2014.xlsx
Sweden,2012,Escherichia coli,fluoroquinolones,11.1,5537.0,European/2014/E coli/number-e-coli-isolates-and-percentage-resistant-fluoroquinolones-2011-2014.xlsx
Sweden,2013,Escherichia coli,fluoroquinolones,11.6,7356.0,European/2014/E coli/number-e-coli-isolates-and-percentage-resistant-fluoroquinolones-2011-2014.xlsx
Sweden,2014,Escherichia coli,fluoroquinolones,11.3,5142.0,European/2014/E coli/number-e-coli-isolates-and-percentage-resistant-fluoroquinolones-2011-2014.xlsx
Sweden,2015,Escherichia coli,fluoroquinolones,12.6,5525.0,"European/2015/E-coli, Tables 3-1 to 3-7.xlsx [Table 3.2]"
United Kingdom,2010,Escherichia coli,fluoroquinolones,17.3,4815.0,European/2013/Downloadables/E coli/number-e-coli-isolates-and-percentage-resistant-fluoroquinolones-2010-2013.xlsx
United Kingdom,2011,Escherichia coli,fluoroquinolones,17.5,5564.0,European/2014/E coli/number-e-coli-isolates-and-percentage-resistant-fluoroquinolones-2011-2014.xlsx
United Kingdom,2012,Escherichia coli,fluoroquinolones,16.6,6241.0,European/2014/E coli/number-e-coli-isolates-and-percentage-resistant-fluoroquinolones-2011-2014.xlsx
United Kingdom,2013,Escherichia coli,fluoroquinolones,16.3,6998.0,European/2014/E coli/number-e-coli-isolates-and-percentage-resistant-fluoroquinolones-2011-2014.xlsx
United Kingdom,2014,Escherichia coli,fluoroquinolones,16.8,6919.0,European/2014/E coli/number-e-coli-isolates-and-percentage-resistant-fluoroquinolones-2011-2014.xlsx
United Kingdom,2015,Escherichia coli,fluoroquinolones,15.6,5812.0,"European/2015/E-coli, Tables 3-1 to 3-7.xlsx [Table 3.2]"
Austria,2010,Escherichia coli,third-generation cephalosporins,7.3,2922.0,European/2013/Downloadables/E coli/number-e-coli-isolates-and-percentage-resistant-3-gen-cephalosporins-2010-2013.xlsx
Austria,2011,Escherichia coli,third-generation cephalosporins,9.1,3160.0,European/2014/E coli/number-e-coli-isolates-and-percentage-resistant-cephalosporins-2011-2014.xlsx
Austria,2012,Escherichia coli,third-generation cephalosporins,8.7,3710.0,European/2014/E coli/number-e-coli-isolates-and-percentage-resistant-cephalosporins-2011-2014.xlsx
Austria,2013,Escherichia coli,third-generation cephalosporins,9.8,4376.0,European/2014/E coli/number-e-coli-isolates-and-percentage-resistant-cephalosporins-2011-2014.xlsx
Austria,2014,Escherichia coli,third-generation cephalosporins,9.4,4739.0,European/2014/E coli/number-e-coli-isolates-and-percentage-resistant-cephalosporins-2011-2014.xlsx
Austria,2015,Escherichia coli,third-generation cephalosporins,9.7,4900.0,"European/2015/E-coli, Tables 3-1 to 3-7.xlsx [Table 3.3]"
Belgium,2010,Escherichia coli,third-generation cephalosporins,5.2,1952.0,European/2013/Downloadables/E coli/number-e-coli-isolates-and-percentage-resistant-3-gen-cephalosporins-2010-2013.xlsx
Belgium,2011,Escherichia coli,third-generation cephalosporins,6.0,3985.0,European/2014/E coli/number-e-coli-isolates-and-percentage-resistant-cephalosporins-2011-2014.xlsx
Belgium,2012,Escherichia coli,third-generation cephalosporins,6.9,4097.0,European/2014/E coli/number-e-coli-isolates-and-percentage-resistant-cephalosporins-2011-2014.xlsx
Belgium,2013,Escherichia coli,third-generation cephalosporins,8.0,4051.0,European/2014/E coli/number-e-coli-isolates-and-percentage-resistant-cephalosporins-2011-2014.xlsx
Belgium,2014,Escherichia coli,third-generation cephalosporins,9.7,2802.0,European/2014/E coli/number-e-coli-isolates-and-percentage-resistant-cephalosporins-2011-2014.xlsx
Belgium,2015,Escherichia coli,third-generation cephalosporins,9.7,2593.0,"European/2015/E-coli, Tables 3-1 to 3-7.xlsx [Table 3.3]"
Bulgaria,2010,Escherichia coli,third-generation cephalosporins,24.8,153.0,European/2013/Downloadables/E coli/number-e-coli-isolates-and-percentage-resistant-3-gen-cephalosporins-2010-2013.xlsx
Bulgaria,2011,Escherichia coli,third-generation cephalosporins,22.9,179.0,European/2014/E coli/number-e-coli-isolates-and-percentage-resistant-cephalosporins-2011-2014.xlsx
Bulgaria,2012,Escherichia coli,third-generation cephalosporins,38.1,223.0,European/2014/E coli/number-e-coli-isolates-and-percentage-resistant-cephalosporins-2011-2014.xlsx
Bulgaria,2013,Escherichia coli,third-generation cephalosporins,39.6,187.0,European/2014/E coli/number-e-coli-isolates-and-percentage-resistant-cephalosporins-2011-2014.xlsx
Bulgaria,2014,Escherichia coli,third-generation cephalosporins,40.4,218.0,European/2014/E coli/number-e-coli-isolates-and-percentage-resistant-cephalosporins-2011-2014.xlsx
Bulgaria,2015,Escherichia coli,third-generation cephalosporins,38.5,205.0,"European/2015/E-coli, Tables 3-1 to 3-7.xlsx [Table 3.3]"
Croatia,2010,Escherichia coli,third-generation cephalosporins,8.7,882.0,European/2013/Downloadables/E coli/number-e-coli-isolates-and-percentage-resistant-3-gen-cephalosporins-2010-2013.xlsx
Croatia,2011,Escherichia coli,third-generation cephalosporins,9.6,983.0,European/2014/E coli/number-e-coli-isolates-and-percentage-resistant-cephalosporins-2011-2014.xlsx
Croatia,2012,Escherichia coli,third-generation cephalosporins,7.5,906.0,European/2014/E coli/number-e-coli-isolates-and-percentage-resistant-cephalosporins-2011-2014.xlsx
Croatia,2013,Escherichia coli,third-generation cephalosporins,8.8,1040.0,European/2014/E coli/number-e-coli-isolates-and-percentage-resistant-cephalosporins-2011-2014.xlsx
Croatia,2014,Escherichia coli,third-generation cephalosporins,10.8,1079.0,European/2014/E coli/number-e-coli-isolates-and-percentage-resistant-cephalosporins-2011-2014.xlsx
Croatia,2015,Escherichia coli,third-generation cephalosporins,12.5,1046.0,"European/2015/E-coli, Tables 3-1 to 3-7.xlsx [Table 3.3]"
Cyprus,2010,Escherichia coli,third-generation cephalosporins,20.1,139.0,European/2013/Downloadables/E coli/number-e-coli-isolates-and-percentage-resistant-3-gen-cephalosporins-2010-2013.xlsx
Cyprus,2011,Escherichia coli,third-generation cephalosporins,36.2,138.0,European/2014/E coli/number-e-coli-isolates-and-percentage-resistant-cephalosporins-2011-2014.xlsx
Cyprus,2012,Escherichia coli,third-generation cephalosporins,31.8,176.0,European/2014/E coli/number-e-coli-isolates-and-percentage-resistant-cephalosporins-2011-2014.xlsx
Cyprus,2013,Escherichia coli,third-generation cephalosporins,38.9,162.0,European/2014/E coli/number-e-coli-isolates-and-percentage-resistant-cephalosporins-2011-2014.xlsx
Cyprus,2014,Escherichia coli,third-generation cephalosporins,28.8,153.0,European/2014/E coli/number-e-coli-isolates-and-percentage-resistant-cephalosporins-2011-2014.xlsx
Cyprus,2015,Escherichia coli,third-generation cephalosporins,28.5,123.0,"European/2015/E-coli, Tables 3-1 to 3-7.xlsx [Table 3.3]"
Czech Republic,2010,Escherichia coli,third-generation cephalosporins,10.4,2482.0,European/2013/Downloadables/E coli/number-e-coli-isolates-and-percentage-resistant-3-gen-cephalosporins-2010-2013.xlsx
Czech Republic,2011,Escherichia coli,third-generation cephalosporins,11.4,2684.0,European/2014/E coli/number-e-coli-isolates-and-percentage-resistant-cephalosporins-2011-2014.xlsx
Czech Republic,2012,Escherichia coli,third-generation cephalosporins,11.5,2812.0,European/2014/E coli/number-e-coli-isolates-and-percentage-resistant-cephalosporins-2011-2014.xlsx
Czech Republic,2013,Escherichia coli,third-generation cephalosporins,13.1,2954.0,European/2014/E coli/number-e-coli-isolates-and-percentage-resistant-cephalosporins-2011-2014.xlsx
Czech Republic,2014,Escherichia coli,third-generation cephalosporins,14.0,2978.0,European/2014/E coli/number-e-coli-isolates-and-percentage-resistant-cephalosporins-2011-2014.xlsx
Czech Republic,2015,Escherichia coli,third-generation cephalosporins,14.5,3172.0,"European/2015/E-coli, Tables 3-1 to 3-7.xlsx [Table 3.3]"
Denmark,2010,Escherichia coli,third-generation cephalosporins,7.6,2408.0,European/2013/Downloadables/E coli/number-e-coli-isolates-and-percentage-resistant-3-gen-cephalosporins-2010-2013.xlsx
Denmark,2011,Escherichia coli,third-generation cephalosporins,8.5,2532.0,European/2014/E coli/number-e-coli-isolates-and-percentage-resistant-cephalosporins-2011-2014.xlsx
Denmark,2012,Escherichia coli,third-generation cephalosporins,7.9,2519.0,European/2014/E coli/number-e-coli-isolates-and-percentage-resistant-cephalosporins-2011-2014.xlsx
Denmark,2013,Escherichia coli,third-generation cephalosporins,8.1,2451.0,European/2014/E coli/number-e-coli-isolates-and-percentage-resistant-cephalosporins-2011-2014.xlsx
Denmark,2014,Escherichia coli,third-generation cephalosporins,7.0,4410.0,European/2014/E coli/number-e-coli-isolates-and-percentage-resistant-cephalosporins-2011-2014.xlsx
Denmark,2015,Escherichia coli,third-generation cephalosporins,7.5,4561.0,"European/2015/E-coli, Tables 3-1 to 3-7.xlsx [Table 3.3]"
Estonia,2010,Escherichia coli,third-generation cephalosporins,5.5,309.0,European/2013/Downloadables/E coli/number-e-coli-isolates-and-percentage-resistant-3-gen-cephalosporins-2010-2013.xlsx
Estonia,2011,Escherichia coli,third-generation cephalosporins,12.2,90.0,European/2014/E coli/number-e-coli-isolates-and-percentage-resistant-cephalosporins-2011-2014.xlsx
Estonia,2012,Escherichia coli,third-generation cephalosporins,7.9,305.0,European/2014/E coli/number-e-coli-isolates-and-percentage-resistant-cephalosporins-2011-2014.xlsx
Estonia,2013,Escherichia coli,third-generation cephalosporins,7.4,340.0,European/2014/E coli/number-e-coli-isolates-and-percentage-resistant-cephalosporins-2011-2014.xlsx
Estonia,2014,Escherichia coli,third-generation cephalosporins,9.3,410.0,European/2014/E coli/number-e-coli-isolates-and-percentage-resistant-cephalosporins-2011-2014.xlsx
Estonia,2015,Escherichia coli,third-generation cephalosporins,11.4,246.0,"European/2015/E-coli, Tables 3-1 to 3-7.xlsx [Table 3.3]"
Finland,2010,Escherichia coli,third-generation cephalosporins,3.7,2509.0,European/2013/Downloadables/E coli/number-e-coli-isolates-and-percentage-resistant-3-gen-cephalosporins-2010-2013.xlsx
Finland,2011,Escherichia coli,third-generation cephalosporins,5.0,3020.0,European/2014/E coli/number-e-coli-isolates-and-percentage-resistant-cephalosporins-2011-2014.xlsx
Finland,2012,Escherichia coli,third-generation cephalosporins,6.2,3162.0,European/2014/E coli/number-e-coli-isolates-and-percentage-resistant-cephalosporins-2011-2014.xlsx
Finland,2013,Escherichia coli,third-generation cephalosporins,7.1,3689.0,European/2014/E coli/number-e-coli-isolates-and-percentage-resistant-cephalosporins-2011-2014.xlsx
Finland,2014,Escherichia coli,third-generation cephalosporins,5.5,4009.0,European/2014/E coli/number-e-coli-isolates-and-percentage-resistant-cephalosporins-2011-2014.xlsx
Finland,2015,Escherichia coli,third-generation cephalosporins,6.1,4342.0,"European/2015/E-coli, Tables 3-1 to 3-7.xlsx [Table 3.3]"
France,2010,Escherichia coli,third-generation cephalosporins,7.2,9022.0,European/2013/Downloadables/E coli/number-e-coli-isolates-and-percentage-resistant-3-gen-cephalosporins-2010-2013.xlsx
France,2011,Escherichia coli,third-generation cephalosporins,8.2,8479.0,European/2014/E coli/number-e-coli-isolates-and-percentage-resistant-cephalosporins-2011-2014.xlsx
France,2012,Escherichia coli,third-generation cephalosporins,10.0,9563.0,European/2014/E coli/number-e-coli-isolates-and-percentage-resistant-cephalosporins-2011-2014.xlsx
France,2013,Escherichia coli,third-generation cephalosporins,9.5,10154.0,European/2014/E coli/number-e-coli-isolates-and-percentage-resistant-cephalosporins-2011-2014.xlsx
France,2014,Escherichia coli,third-generation cephalosporins,9.9,10349.0,European/2014/E coli/number-e-coli-isolates-and-percentage-resistant-cephalosporins-2011-2014.xlsx
France,2015,Escherichia coli,third-generation cephalosporins,11.0,11051.0,"European/2015/E-coli, Tables 3-1 to 3-7.xlsx [Table 3.3]"
Germany,2010,Escherichia coli,third-generation cephalosporins,8.4,3015.0,European/2013/Downloadables/E coli/number-e-coli-isolates-and-percentage-resistant-3-gen-cephalosporins-2010-2013.xlsx
Germany,2011,Escherichia coli,third-generation cephalosporins,8.0,3642.0,European/2014/E coli/number-e-coli-isolates-and-percentage-resistant-cephalosporins-2011-2014.xlsx
Germany,2012,Escherichia coli,third-generation cephalosporins,8.8,4186.0,European/2014/E coli/number-e-coli-isolates-and-percentage-resistant-cephalosporins-2011-2014.xlsx
Germany,2013,Escherichia coli,third-generation cephalosporins,10.7,5249.0,European/2014/E coli/number-e-coli-isolates-and-percentage-resistant-cephalosporins-2011-2014.xlsx
Germany,2014,Escherichia coli,third-generation cephalosporins,10.5,6246.0,European/2014/E coli/number-e-coli-isolates-and-percentage-resistant-cephalosporins-2011-2014.xlsx
Germany,2015,Escherichia coli,third-generation cephalosporins,10.4,8724.0,"European/2015/E-coli, Tables 3-1 to 3-7.xlsx [Table 3.3]"
Greece,2010,Escherichia coli,third-generation cephalosporins,14.2,1507.0,European/2013/Downloadables/E coli/number-e-coli-isolates-and-percentage-resistant-3-gen-cephalosporins-2010-2013.xlsx
Greece,2011,Escherichia coli,third-generation cephalosporins,14.9,1435.0,European/2014/E coli/number-e-coli-isolates-and-percentage-resistant-cephalosporins-2011-2014.xlsx
Greece,2012,Escherichia coli,third-generation cephalosporins,16.2,1393.0,European/2014/E coli/number-e-coli-isolates-and-percentage-resistant-cephalosporins-2011-2014.xlsx
Greece,2013,Escherichia coli,third-generation cephalosporins,17.2,1255.0,European/2014/E coli/number-e-coli-isolates-and-percentage-resistant-cephalosporins-2011-2014.xlsx
Greece,2014,Escherichia coli,third-generation cephalosporins,21.0,1122.0,European/2014/E coli/number-e-coli-isolates-and-percentage-resistant-cephalosporins-2011-2014.xlsx
Greece,2015,Escherichia coli,third-generation cephalosporins,19.8,1215.0,"European/2015/E-coli, Tables 3-1 to 3-7.xlsx [Table 3.3]"
Hungary,2010,Escherichia coli,third-generation cephalosporins,19.5,1383.0,European/2013/Downloadables/E coli/number-e-coli-isolates-and-percentage-resistant-3-gen-cephalosporins-2010-2013.xlsx
Hungary,2011,Escherichia coli,third-generation cephalosporins,15.1,1224.0,European/2014/E coli/number-e-coli-isolates-and-percentage-resistant-cephalosporins-2011-2014.xlsx
Hungary,2012,Escherichia coli,third-generation cephalosporins,17.4,1411.0,European/2014/E coli/number-e-coli-isolates-and-percentage-resistant-cephalosporins-2011-2014.xlsx
Hungary,2013,Escherichia coli,third-generation cephalosporins,18.9,1437.0,European/2014/E coli/number-e-coli-isolates-and-percentage-resistant-cephalosporins-2011-2014.xlsx
Hungary,2014,Escherichia coli,third-generation cephalosporins,16.4,1619.0,European/2014/E coli/number-e-coli-isolates-and-percentage-resistant-cephalosporins-2011-2014.xlsx
Hungary,2015,Escherichia coli,third-generation cephalosporins,16.7,2026.0,"European/2015/E-coli, Tables 3-1 to 3-7.xlsx [Table 3.3]"
Iceland,2010,Escherichia coli,third-generation cephalosporins,3.8,104.0,European/2013/Downloadables/E coli/number-e-coli-isolates-and-percentage-resistant-3-gen-cephalosporins-2010-2013.xlsx
Iceland,2011,Escherichia coli,third-generation cephalosporins,6.2,130.0,European/2014/E coli/number-e-coli-isolates-and-percentage-resistant-cephalosporins-2011-2014.xlsx
Iceland,2012,Escherichia coli,third-generation cephalosporins,5.1,138.0,European/2014/E coli/number-e-coli-isolates-and-percentage-resistant-cephalosporins-2011-2014.xlsx
Iceland,2013,Escherichia coli,third-generation cephalosporins,5.0,121.0,European/2014/E coli/number-e-coli-isolates-and-percentage-resistant-cephalosporins-2011-2014.xlsx
Iceland,2014,Escherichia coli,third-generation cephalosporins,3.3,152.0,European/2014/E coli/number-e-coli-isolates-and-percentage-resistant-cephalosporins-2011-2014.xlsx
Iceland,2015,Escherichia coli,third-generation cephalosporins,1.7,173.0,"European/2015/E-coli, Tables 3-1 to 3-7.xlsx [Table 3.3]"
Ireland,2010,Escherichia coli,third-generation cephalosporins,7.7,2119.0,European/2013/Downloadables/E coli/number-e-coli-isolates-and-percentage-resistant-3-gen-cephalosporins-2010-2013.xlsx
Ireland,2011,Escherichia coli,third-generation cephalosporins,9.0,2166.0,European/2014/E coli/number-e-coli-isolates-and-percentage-resistant-cephalosporins-2011-2014.xlsx
Ireland,2012,Escherichia coli,third-generation cephalosporins,9.2,2288.0,European/2014/E coli/number-e-coli-isolates-and-percentage-resistant-cephalosporins-2011-2014.xlsx
Ireland,2013,Escherichia coli,third-generation cephalosporins,10.6,2480.0,European/2014/E coli/number-e-coli-isolates-and-percentage-resistant-cephalosporins-2011-2014.xlsx
Ireland,2014,Escherichia coli,third-generation cephalosporins,10.7,2691.0,European/2014/E coli/number-e-coli-isolates-and-percentage-resistant-cephalosporins-2011-2014.xlsx
Ireland,2015,Escherichia coli,third-generation cephalosporins,11.4,2638.0,"European/2015/E-coli, Tables 3-1 to 3-7.xlsx [Table 3.3]"
Italy,2010,Escherichia coli,third-generation cephalosporins,21.0,2419.0,European/2013/Downloadables/E coli/number-e-coli-isolates-and-percentage-resistant-3-gen-cephalosporins-2010-2013.xlsx
Italy,2011,Escherichia coli,third-generation cephalosporins,19.8,1870.0,European/2014/E coli/number-e-coli-isolates-and-percentage-resistant-cephalosporins-2011-2014.xlsx
Italy,2012,Escherichia coli,third-generation cephalosporins,26.3,2997.0,European/2014/E coli/number-e-coli-isolates-and-percentage-resistant-cephalosporins-2011-2014.xlsx
Italy,2013,Escherichia coli,third-generation cephalosporins,26.2,3990.0,European/2014/E coli/number-e-coli-isolates-and-percentage-resistant-cephalosporins-2011-2014.xlsx
Italy,2014,Escherichia coli,third-generation cephalosporins,28.7,3694.0,European/2014/E coli/number-e-coli-isolates-and-percentage-resistant-cephalosporins-2011-2014.xlsx
Italy,2015,Escherichia coli,third-generation cephalosporins,30.1,5592.0,"European/2015/E-coli, Tables 3-1 to 3-7.xlsx [Table 3.3]"
Latvia,2010,Escherichia coli,third-generation cephalosporins,12.2,98.0,European/2013/Downloadables/E coli/number-e-coli-isolates-and-percentage-resistant-3-gen-cephalosporins-2010-2013.xlsx
Latvia,2011,Escherichia coli,third-generation cephalosporins,15.9,132.0,European/2014/E coli/number-e-coli-isolates-and-percentage-resistant-cephalosporins-2011-2014.xlsx
Latvia,2012,Escherichia coli,third-generation cephalosporins,13.0,154.0,European/2014/E coli/number-e-coli-isolates-and-percentage-resistant-cephalosporins-2011-2014.xlsx
Latvia,2013,Escherichia coli,third-generation cephalosporins,14.0,136.0,European/2014/E coli/number-e-coli-isolates-and-percentage-resistant-cephalosporins-2011-2014.xlsx
Latvia,2014,Escherichia coli,third-generation cephalosporins,10.9,165.0,European/2014/E coli/number-e-coli-isolates-and-percentage-resistant-cephalosporins-2011-2014.xlsx
Latvia,2015,Escherichia coli,third-generation cephalosporins,17.9,201.0,"European/2015/E-coli, Tables 3-1 to 3-7.xlsx [Table 3.3]"
Lithuania,2010,Escherichia coli,third-generation cephalosporins,8.7,333.0,European/2013/Downloadables/E coli/number-e-coli-isolates-and-percentage-resistant-3-gen-cephalosporins-2010-2013.xlsx
Lithuania,2011,Escherichia coli,third-generation cephalosporins,7.0,385.0,European/2014/E coli/number-e-coli-isolates-and-percentage-resistant-cephalosporins-2011-2014.xlsx
Lithuania,2012,Escherichia coli,third-generation cephalosporins,4.8,462.0,European/2014/E coli/number-e-coli-isolates-and-percentage-resistant-cephalosporins-2011-2014.xlsx
Lithuania,2013,Escherichia coli,third-generation cephalosporins,7.6,432.0,European/2014/E coli/number-e-coli-isolates-and-percentage-resistant-cephalosporins-2011-2014.xlsx
Lithuania,2014,Escherichia coli,third-generation cephalosporins,8.1,594.0,European/2014/E coli/number-e-coli-isolates-and-percentage-resistant-cephalosporins-2011-2014.xlsx
Lithuania,2015,Escherichia coli,third-generation cephalosporins,16.0,581.0,"European/2015/E-coli, Tables 3-1 to 3-7.xlsx [Table 3.3]"
Luxembourg,2010,Escherichia coli,third-generation cephalosporins,9.3,354.0,European/2013/Downloadables/E coli/number-e-coli-isolates-and-percentage-resistant-3-gen-cephalosporins-2010-2013.xlsx
Luxembourg,2011,Escherichia coli,third-generation cephalosporins,8.2,353.0,European/2014/E coli/number-e-coli-isolates-and-percentage-resistant-cephalosporins-2011-2014.xlsx
Luxembourg,2012,Escherichia coli,third-generation cephalosporins,11.4,334.0,European/2014/E coli/number-e-coli-isolates-and-percentage-resistant-cephalosporins-2011-2014.xlsx
Luxembourg,2013,Escherichia coli,third-generation cephalosporins,10.6,301.0,European/2014/E coli/number-e-coli-isolates-and-percentage-resistant-cephalosporins-2011-2014.xlsx
Luxembourg,2014,Escherichia coli,third-generation cephalosporins,12.0,368.0,European/2014/E coli/number-e-coli-isolates-and-percentage-resistant-cephalosporins-2011-2014.xlsx
Luxembourg,2015,Escherichia coli,third-generation cephalosporins,12.7,347.0,"European/2015/E-coli, Tables 3-1 to 3-7.xlsx [Table 3.3]"
Malta,2010,Escherichia coli,third-generation cephalosporins,15.6,192.0,European/2013/Downloadables/E coli/number-e-coli-isolates-and-percentage-resistant-3-gen-cephalosporins-2010-2013.xlsx
Malta,2011,Escherichia coli,third-generation cephalosporins,12.8,219.0,European/2014/E coli/number-e-coli-isolates-and-percentage-resistant-cephalosporins-2011-2014.xlsx
Malta,2012,Escherichia coli,third-generation cephalosporins,13.9,216.0,European/2014/E coli/number-e-coli-isolates-and-percentage-resistant-cephalosporins-2011-2014.xlsx
Malta,2013,Escherichia coli,third-generation cephalosporins,8.9,248.0,European/2014/E coli/number-e-coli-isolates-and-percentage-resistant-cephalosporins-2011-2014.xlsx
Malta,2014,Escherichia coli,third-generation cephalosporins,10.8,279.0,European/2014/E coli/number-e-coli-isolates-and-percentage-resistant-cephalosporins-2011-2014.xlsx
Malta,2015,Escherichia coli,third-generation cephalosporins,11.2,258.0,"European/2015/E-coli, Tables 3-1 to 3-7.xlsx [Table 3.3]"
Netherlands,2010,Escherichia coli,third-generation cephalosporins,5.1,3387.0,European/2013/Downloadables/E coli/number-e-coli-isolates-and-percentage-resistant-3-gen-cephalosporins-2010-2013.xlsx
Netherlands,2011,Escherichia coli,third-generation cephalosporins,5.7,4408.0,European/2014/E coli/number-e-coli-isolates-and-percentage-resistant-cephalosporins-2011-2014.xlsx
Netherlands,2012,Escherichia coli,third-generation cephalosporins,6.0,4702.0,European/2014/E coli/number-e-coli-isolates-and-percentage-resistant-cephalosporins-2011-2014.xlsx
Netherlands,2013,Escherichia coli,third-generation cephalosporins,5.8,4740.0,European/2014/E coli/number-e-coli-isolates-and-percentage-resistant-cephalosporins-2011-2014.xlsx
Netherlands,2014,Escherichia coli,third-generation cephalosporins,5.7,6497.0,European/2014/E coli/number-e-coli-isolates-and-percentage-resistant-cephalosporins-2011-2014.xlsx
Netherlands,2015,Escherichia coli,third-generation cephalosporins,5.7,5378.0,"European/2015/E-coli, Tables 3-1 to 3-7.xlsx [Table 3.3]"
Norway,2010,Escherichia coli,third-generation cephalosporins,3.7,2275.0,European/2013/Downloadables/E coli/number-e-coli-isolates-and-percentage-resistant-3-gen-cephalosporins-2010-2013.xlsx
Norway,2011,Escherichia coli,third-generation cephalosporins,3.6,2523.0,European/2014/E coli/number-e-coli-isolates-and-percentage-resistant-cephalosporins-2011-2014.xlsx
Norway,2012,Escherichia coli,third-generation cephalosporins,4.9,3019.0,European/2014/E coli/number-e-coli-isolates-and-percentage-resistant-cephalosporins-2011-2014.xlsx
Norway,2013,Escherichia coli,third-generation cephalosporins,5.5,3077.0,European/2014/E coli/number-e-coli-isolates-and-percentage-resistant-cephalosporins-2011-2014.xlsx
Norway,2014,Escherichia coli,third-generation cephalosporins,5.8,3421.0,European/2014/E coli/number-e-coli-isolates-and-percentage-resistant-cephalosporins-2011-2014.xlsx
Norway,2015,Escherichia coli,third-generation cephalosporins,6.0,3301.0,"European/2015/E-coli, Tables 3-1 to 3-7.xlsx [Table 3.3]"
Poland,2010,Escherichia coli,third-generation cephalosporins,7.5,744.0,European/2013/Downloadables/E coli/number-e-coli-isolates-and-percentage-resistant-3-gen-cephalosporins-2010-2013.xlsx
Poland,2011,Escherichia coli,third-generation cephalosporins,11.7,938.0,European/2014/E coli/number-e-coli-isolates-and-percentage-resistant-cephalosporins-2011-2014.xlsx
Poland,2012,Escherichia coli,third-generation cephalosporins,12.9,1037.0,European/2014/E coli/number-e-coli-isolates-and-percentage-resistant-cephalosporins-2011-2014.xlsx
Poland,2013,Escherichia coli,third-generation cephalosporins,10.9,1036.0,European/2014/E coli/number-e-coli-isolates-and-percentage-resistant-cephalosporins-2011-2014.xlsx
Poland,2014,Escherichia coli,third-generation cephalosporins,10.5,1085.0,"European/2015/E-coli, Tables 3-1 to 3-7.xlsx [Table 3.3]"
Poland,2015,Escherichia coli,third-generation cephalosporins,11.9,1610.0,"European/2015/E-coli, Tables 3-1 to 3-7.xlsx [Table 3.3]"
Portugal,2010,Escherichia coli,third-generation cephalosporins,10.4,1928.0,European/2013/Downloadables/E coli/number-e-coli-isolates-and-percentage-resistant-3-gen-cephalosporins-2010-2013.xlsx
Portugal,2011,Escherichia coli,third-generation cephalosporins,11.3,1901.0,European/2014/E coli/number-e-coli-isolates-and-percentage-resistant-cephalosporins-2011-2014.xlsx
Portugal,2012,Escherichia coli,third-generation cephalosporins,13.5,2154.0,European/2014/E coli/number-e-coli-isolates-and-percentage-resistant-cephalosporins-2011-2014.xlsx
Portugal,2013,Escherichia coli,third-generation cephalosporins,14.9,2678.0,European/2014/E coli/number-e-coli-isolates-and-percentage-resistant-cephalosporins-2011-2014.xlsx
Portugal,2014,Escherichia coli,third-generation cephalosporins,16.4,5024.0,European/2014/E coli/number-e-coli-isolates-and-percentage-resistant-cephalosporins-2011-2014.xlsx
Portugal,2015,Escherichia coli,third-generation cephalosporins,16.1,5376.0,"European/2015/E-coli, Tables 3-1 to 3-7.xlsx [Table 3.3]"
Romania,2010,Escherichia coli,third-generation cephalosporins,20.6,34.0,European/2013/Downloadables/E coli/number-e-coli-isolates-and-percentage-resistant-3-gen-cephalosporins-2010-2013.xlsx
Romania,2011,Escherichia coli,third-generation cephalosporins,21.1,95.0,European/2014/E coli/number-e-coli-isolates-and-percentage-resistant-cephalosporins-2011-2014.xlsx
Romania,2012,Escherichia coli,third-generation cephalosporins,25.1,191.0,European/2014/E coli/number-e-coli-isolates-and-percentage-resistant-cephalosporins-2011-2014.xlsx
Romania,2013,Escherichia coli,third-generation cephalosporins,22.8,298.0,European/2014/E coli/number-e-coli-isolates-and-percentage-resistant-cephalosporins-2011-2014.xlsx
Romania,2014,Escherichia coli,third-generation cephalosporins,29.4,306.0,European/2014/E coli/number-e-coli-isolates-and-percentage-resistant-cephalosporins-2011-2014.xlsx
Romania,2015,Escherichia coli,third-generation cephalosporins,26.8,369.0,"European/2015/E-coli, Tables 3-1 to 3-7.xlsx [Table 3.3]"
Slovakia,2011,Escherichia coli,third-generation cephalosporins,30.9,740.0,European/2014/E coli/number-e-coli-isolates-and-percentage-resistant-cephalosporins-2011-2014.xlsx
Slovakia,2012,Escherichia coli,third-generation cephalosporins,30.7,693.0,European/2014/E coli/number-e-coli-isolates-and-percentage-resistant-cephalosporins-2011-2014.xlsx
Slovakia,2013,Escherichia coli,third-generation cephalosporins,29.7,807.0,European/2014/E coli/number-e-coli-isolates-and-percentage-resistant-cephalosporins-2011-2014.xlsx
Slovakia,2014,Escherichia coli,third-generation cephalosporins,31.8,889.0,European/2014/E coli/number-e-coli-isolates-and-percentage-resistant-cephalosporins-2011-2014.xlsx
Slovakia,2015,Escherichia coli,third-generation cephalosporins,30.0,893.0,"European/2015/E-coli, Tables 3-1 to 3-7.xlsx [Table 3.3]"
Slovenia,2010,Escherichia coli,third-generation cephalosporins,6.6,952.0,European/2013/Downloadables/E coli/number-e-coli-isolates-and-percentage-resistant-3-gen-cephalosporins-2010-2013.xlsx
Slovenia,2011,Escherichia coli,third-generation cephalosporins,8.8,1002.0,European/2014/E coli/number-e-coli-isolates-and-percentage-resistant-cephalosporins-2011-2014.xlsx
Slovenia,2012,Escherichia coli,third-generation cephalosporins,9.5,1168.0,European/2014/E coli/number-e-coli-isolates-and-percentage-resistant-cephalosporins-2011-2014.xlsx
Slovenia,2013,Escherichia coli,third-generation cephalosporins,8.7,1224.0,European/2014/E coli/number-e-coli-isolates-and-percentage-resistant-cephalosporins-2011-2014.xlsx
Slovenia,2014,Escherichia coli,third-generation cephalosporins,12.7,1216.0,European/2014/E coli/number-e-coli-isolates-and-percentage-resistant-cephalosporins-2011-2014.xlsx
Slovenia,2015,Escherichia coli,third-generation cephalosporins,13.7,1326.0,"European/2015/E-coli, Tables 3-1 to 3-7.xlsx [Table 3.3]"
Spain,2010,Escherichia coli,third-generation cephalosporins,12.1,5696.0,European/2013/Downloadables/E coli/number-e-coli-isolates-and-percentage-resistant-3-gen-cephalosporins-2010-2013.xlsx
Spain,2011,Escherichia coli,third-generation cephalosporins,12.0,5600.0,European/2014/E coli/number-e-coli-isolates-and-percentage-resistant-cephalosporins-2011-2014.xlsx
Spain,2012,Escherichia coli,third-generation cephalosporins,13.5,5672.0,European/2014/E coli/number-e-coli-isolates-and-percentage-resistant-cephalosporins-2011-2014.xlsx
Spain,2013,Escherichia coli,third-generation cephalosporins,13.3,5932.0,European/2014/E coli/number-e-coli-isolates-and-percentage-resistant-cephalosporins-2011-2014.xlsx
Spain,2014,Escherichia coli,third-generation cephalosporins,12.3,5821.0,European/2014/E coli/number-e-coli-isolates-and-percentage-resistant-cephalosporins-2011-2014.xlsx
Spain,2015,Escherichia coli,third-generation cephalosporins,11.6,6428.0,"European/2015/E-coli, Tables 3-1 to 3-7.xlsx [Table 3.3]"
Sweden,2010,Escherichia coli,third-generation cephalosporins,2.6,3883.0,European/2013/Downloadables/E coli/number-e-coli-isolates-and-percentage-resistant-3-gen-cephalosporins-2010-2013.xlsx
Sweden,2011,Escherichia coli,third-generation cephalosporins,3.6,5102.0,European/2014/E coli/number-e-coli-isolates-and-percentage-resistant-cephalosporins-2011-2014.xlsx
Sweden,2012,Escherichia coli,third-generation cephalosporins,4.5,5537.0,European/2014/E coli/number-e-coli-isolates-and-percentage-resistant-cephalosporins-2011-2014.xlsx
Sweden,2013,Escherichia coli,third-generation cephalosporins,5.2,7532.0,European/2014/E coli/number-e-coli-isolates-and-percentage-resistant-cephalosporins-2011-2014.xlsx
Sweden,2014,Escherichia coli,third-generation cephalosporins,5.6,6546.0,European/2014/E coli/number-e-coli-isolates-and-percentage-resistant-cephalosporins-2011-2014.xlsx
Sweden,2015,Escherichia coli,third-generation cephalosporins,6.2,5995.0,"European/2015/E-coli, Tables 3-1 to 3-7.xlsx [Table 3.3]"
United Kingdom,2010,Escherichia coli,third-generation cephalosporins,9.0,4547.0,European/2013/Downloadables/E coli/number-e-coli-isolates-and-percentage-resistant-3-gen-cephalosporins-2010-2013.xlsx
United Kingdom,2011,Escherichia coli,third-generation cephalosporins,9.6,5182.0,European/2014/E coli/number-e-coli-isolates-and-percentage-resistant-cephalosporins-2011-2014.xlsx
United Kingdom,2012,Escherichia coli,third-generation cephalosporins,13.1,5663.0,European/2014/E coli/number-e-coli-isolates-and-percentage-resistant-cephalosporins-2011-2014.xlsx
United Kingdom,2013,Escherichia coli,third-generation cephalosporins,14.7,6586.0,European/2014/E coli/number-e-coli-isolates-and-percentage-resistant-cephalosporins-2011-2014.xlsx
United Kingdom,2014,Escherichia coli,third-generation cephalosporins,10.3,6219.0,European/2014/E coli/number-e-coli-isolates-and-percentage-resistant-cephalosporins-2011-2014.xlsx
United Kingdom,2015,Escherichia coli,third-generation cephalosporins,11.3,5169.0,"European/2015/E-coli, Tables 3-1 to 3-7.xlsx [Table 3.3]"
Austria,2010,Klebsiella pneumoniae,aminoglycosides,5.6,720.0,European/2013/Downloadables/K pneumoniae/number-k-pneumoniae-isolates-and-percentage-resistant-aminoglycosides-2010-2013.xlsx
Austria,2011,Klebsiella pneumoniae,aminoglycosides,7.2,790.0,European/2014/K pneumoniae/number-k-pneumoniae-isolates-and-percentage-resistant-aminoglycosides-2011-2014.xlsx
Austria,2012,Klebsiella pneumoniae,aminoglycosides,5.4,858.0,European/2014/K pneumoniae/number-k-pneumoniae-isolates-and-percentage-resistant-aminoglycosides-2011-2014.xlsx
Austria,2013,Klebsiella pneumoniae,aminoglycosides,5.3,947.0,European/2014/K pneumoniae/number-k-pneumoniae-isolates-and-percentage-resistant-aminoglycosides-2011-2014.xlsx
Austria,2014,Klebsiella pneumoniae,aminoglycosides,5.5,994.0,European/2014/K pneumoniae/number-k-pneumoniae-isolates-and-percentage-resistant-aminoglycosides-2011-2014.xlsx
Austria,2015,Klebsiella pneumoniae,aminoglycosides,4.8,959.0,"European/2015/Klebsiella, Tables 3-8 to 3-13.xlsx [Table 3.10]"
Belgium,2010,Klebsiella pneumoniae,aminoglycosides,2.3,133.0,European/2013/Downloadables/K pneumoniae/number-k-pneumoniae-isolates-and-percentage-resistant-aminoglycosides-2010-2013.xlsx
Belgium,2011,Klebsiella pneumoniae,aminoglycosides,8.1,608.0,European/2014/K pneumoniae/number-k-pneumoniae-isolates-and-percentage-resistant-aminoglycosides-2011-2014.xlsx
Belgium,2012,Klebsiella pneumoniae,aminoglycosides,10.7,503.0,European/2014/K pneumoniae/number-k-pneumoniae-isolates-and-percentage-resistant-aminoglycosides-2011-2014.xlsx
Belgium,2013,Klebsiella pneumoniae,aminoglycosides,9.8,600.0,European/2014/K pneumoniae/number-k-pneumoniae-isolates-and-percentage-resistant-aminoglycosides-2011-2014.xlsx
Belgium,2014,Klebsiella pneumoniae,aminoglycosides,10.1,375.0,European/2014/K pneumoniae/number-k-pneumoniae-isolates-and-percentage-resistant-aminoglycosides-2011-2014.xlsx
Belgium,2015,Klebsiella pneumoniae,aminoglycosides,11.6,354.0,"European/2015/Klebsiella, Tables 3-8 to 3-13.xlsx [Table 3.10]"
Bulgaria,2010,Klebsiella pneumoniae,aminoglycosides,68.5,127.0,European/2013/Downloadables/K pneumoniae/number-k-pneumoniae-isolates-and-percentage-resistant-aminoglycosides-2010-2013.xlsx
Bulgaria,2011,Klebsiella pneumoniae,aminoglycosides,71.7,120.0,European/2014/K pneumoniae/number-k-pneumoniae-isolates-and-percentage-resistant-aminoglycosides-2011-2014.xlsx
Bulgaria,2012,Klebsiella pneumoniae,aminoglycosides,54.3,127.0,European/2014/K pneumoniae/number-k-pneumoniae-isolates-and-percentage-resistant-aminoglycosides-2011-2014.xlsx
Bulgaria,2013,Klebsiella pneumoniae,aminoglycosides,56.5,138.0,European/2014/K pneumoniae/number-k-pneumoniae-isolates-and-percentage-resistant-aminoglycosides-2011-2014.xlsx
Bulgaria,2014,Klebsiella pneumoniae,aminoglycosides,63.6,151.0,European/2014/K pneumoniae/number-k-pneumoniae-isolates-and-percentage-resistant-aminoglycosides-2011-2014.xlsx
Bulgaria,2015,Klebsiella pneumoniae,aminoglycosides,59.5,84.0,"European/2015/Klebsiella, Tables 3-8 to 3-13.xlsx [Table 3.10]"
Croatia,2010,Klebsiella pneumoniae,aminoglycosides,49.5,281.0,European/2013/Downloadables/K pneumoniae/number-k-pneumoniae-isolates-and-percentage-resistant-aminoglycosides-2010-2013.xlsx
Croatia,2011,Klebsiella pneumoniae,aminoglycosides,44.0,300.0,European/2014/K pneumoniae/number-k-pneumoniae-isolates-and-percentage-resistant-aminoglycosides-2011-2014.xlsx
Croatia,2012,Klebsiella pneumoniae,aminoglycosides,46.1,332.0,European/2014/K pneumoniae/number-k-pneumoniae-isolates-and-percentage-resistant-aminoglycosides-2011-2014.xlsx
Croatia,2013,Klebsiella pneumoniae,aminoglycosides,50.5,376.0,European/2014/K pneumoniae/number-k-pneumoniae-isolates-and-percentage-resistant-aminoglycosides-2011-2014.xlsx
Croatia,2014,Klebsiella pneumoniae,aminoglycosides,49.1,334.0,European/2014/K pneumoniae/number-k-pneumoniae-isolates-and-percentage-resistant-aminoglycosides-2011-2014.xlsx
Croatia,2015,Klebsiella pneumoniae,aminoglycosides,43.2,380.0,"European/2015/Klebsiella, Tables 3-8 to 3-13.xlsx [Table 3.10]"
Cyprus,2010,Klebsiella pneumoniae,aminoglycosides,19.4,67.0,European/2013/Downloadables/K pneumoniae/number-k-pneumoniae-isolates-and-percentage-resistant-aminoglycosides-2010-2013.xlsx
Cyprus,2011,Klebsiella pneumoniae,aminoglycosides,27.7,83.0,European/2014/K pneumoniae/number-k-pneumoniae-isolates-and-percentage-resistant-aminoglycosides-2011-2014.xlsx
Cyprus,2012,Klebsiella pneumoniae,aminoglycosides,18.5,65.0,European/2014/K pneumoniae/number-k-pneumoniae-isolates-and-percentage-resistant-aminoglycosides-2011-2014.xlsx
Cyprus,2013,Klebsiella pneumoniae,aminoglycosides,25.0,68.0,European/2014/K pneumoniae/number-k-pneumoniae-isolates-and-percentage-resistant-aminoglycosides-2011-2014.xlsx
Cyprus,2014,Klebsiella pneumoniae,aminoglycosides,28.8,80.0,European/2014/K pneumoniae/number-k-pneumoniae-isolates-and-percentage-resistant-aminoglycosides-2011-2014.xlsx
Cyprus,2015,Klebsiella pneumoniae,aminoglycosides,37.1,62.0,"European/2015/Klebsiella, Tables 3-8 to 3-13.xlsx [Table 3.10]"
Czech Republic,2010,Klebsiella pneumoniae,aminoglycosides,46.7,1245.0,European/2013/Downloadables/K pneumoniae/number-k-pneumoniae-isolates-and-percentage-resistant-aminoglycosides-2010-2013.xlsx
Czech Republic,2011,Klebsiella pneumoniae,aminoglycosides,44.7,1283.0,European/2014/K pneumoniae/number-k-pneumoniae-isolates-and-percentage-resistant-aminoglycosides-2011-2014.xlsx
Czech Republic,2012,Klebsiella pneumoniae,aminoglycosides,54.4,1399.0,European/2014/K pneumoniae/number-k-pneumoniae-isolates-and-percentage-resistant-aminoglycosides-2011-2014.xlsx
Czech Republic,2013,Klebsiella pneumoniae,aminoglycosides,51.0,1291.0,European/2014/K pneumoniae/number-k-pneumoniae-isolates-and-percentage-resistant-aminoglycosides-2011-2014.xlsx
Czech Republic,2014,Klebsiella pneumoniae,aminoglycosides,50.7,1383.0,European/2014/K pneumoniae/number-k-pneumoniae-isolates-and-percentage-resistant-aminoglycosides-2011-2014.xlsx
Czech Republic,2015,Klebsiella pneumoniae,aminoglycosides,51.9,1417.0,"European/2015/Klebsiella, Tables 3-8 to 3-13.xlsx [Table 3.10]"
Denmark,2010,Klebsiella pneumoniae,aminoglycosides,6.1,799.0,European/2013/Downloadables/K pneumoniae/number-k-pneumoniae-isolates-and-percentage-resistant-aminoglycosides-2010-2013.xlsx
Denmark,2011,Klebsiella pneumoniae,aminoglycosides,5.8,908.0,European/2014/K pneumoniae/number-k-pneumoniae-isolates-and-percentage-resistant-aminoglycosides-2011-2014.xlsx
Denmark,2012,Klebsiella pneumoniae,aminoglycosides,6.0,902.0,European/2014/K pneumoniae/number-k-pneumoniae-isolates-and-percentage-resistant-aminoglycosides-2011-2014.xlsx
Denmark,2013,Klebsiella pneumoniae,aminoglycosides,4.4,864.0,European/2014/K pneumoniae/number-k-pneumoniae-isolates-and-percentage-resistant-aminoglycosides-2011-2014.xlsx
Denmark,2014,Klebsiella pneumoniae,aminoglycosides,4.9,943.0,European/2014/K pneumoniae/number-k-pneumoniae-isolates-and-percentage-resistant-aminoglycosides-2011-2014.xlsx
Denmark,2015,Klebsiella pneumoniae,aminoglycosides,2.6,938.0,"European/2015/Klebsiella, Tables 3-8 to 3-13.xlsx [Table 3.10]"
Estonia,2010,Klebsiella pneumoniae,aminoglycosides,25.8,66.0,European/2013/Downloadables/K pneumoniae/number-k-pneumoniae-isolates-and-percentage-resistant-aminoglycosides-2010-2013.xlsx
Estonia,2011,Klebsiella pneumoniae,aminoglycosides,12.2,90.0,European/2014/K pneumoniae/number-k-pneumoniae-isolates-and-percentage-resistant-aminoglycosides-2011-2014.xlsx
Estonia,2012,Klebsiella pneumoniae,aminoglycosides,13.2,91.0,European/2014/K pneumoniae/number-k-pneumoniae-isolates-and-percentage-resistant-aminoglycosides-2011-2014.xlsx
Estonia,2013,Klebsiella pneumoniae,aminoglycosides,9.9,91.0,European/2014/K pneumoniae/number-k-pneumoniae-isolates-and-percentage-resistant-aminoglycosides-2011-2014.xlsx
Estonia,2014,Klebsiella pneumoniae,aminoglycosides,19.1,136.0,European/2014/K pneumoniae/number-k-pneumoniae-isolates-and-percentage-resistant-aminoglycosides-2011-2014.xlsx
Estonia,2015,Klebsiella pneumoniae,aminoglycosides,21.3,61.0,"European/2015/Klebsiella, Tables 3-8 to 3-13.xlsx [Table 3.10]"
Finland,2010,Klebsiella pneumoniae,aminoglycosides,3.8,372.0,European/2013/Downloadables/K pneumoniae/number-k-pneumoniae-isolates-and-percentage-resistant-aminoglycosides-2010-2013.xlsx
Finland,2011,Klebsiella pneumoniae,aminoglycosides,1.2,404.0,European/2014/K pneumoniae/number-k-pneumoniae-isolates-and-percentage-resistant-aminoglycosides-2011-2014.xlsx
Finland,2012,Klebsiella pneumoniae,aminoglycosides,0.4,516.0,European/2014/K pneumoniae/number-k-pneumoniae-isolates-and-percentage-resistant-aminoglycosides-2011-2014.xlsx
Finland,2013,Klebsiella pneumoniae,aminoglycosides,1.5,523.0,European/2014/K pneumoniae/number-k-pneumoniae-isolates-and-percentage-resistant-aminoglycosides-2011-2014.xlsx
Finland,2014,Klebsiella pneumoniae,aminoglycosides,2.3,559.0,European/2014/K pneumoniae/number-k-pneumoniae-isolates-and-percentage-resistant-aminoglycosides-2011-2014.xlsx
Finland,2015,Klebsiella pneumoniae,aminoglycosides,1.9,625.0,"European/2015/Klebsiella, Tables 3-8 to 3-13.xlsx [Table 3.10]"
France,2010,Klebsiella pneumoniae,aminoglycosides,17.7,1542.0,European/2013/Downloadables/K pneumoniae/number-k-pneumoniae-isolates-and-percentage-resistant-aminoglycosides-2010-2013.xlsx
France,2011,Klebsiella pneumoniae,aminoglycosides,23.6,1688.0,European/2014/K pneumoniae/number-k-pneumoniae-isolates-and-percentage-resistant-aminoglycosides-2011-2014.xlsx
France,2012,Klebsiella pneumoniae,aminoglycosides,23.6,1119.0,European/2014/K pneumoniae/number-k-pneumoniae-isolates-and-percentage-resistant-aminoglycosides-2011-2014.xlsx
France,2013,Klebsiella pneumoniae,aminoglycosides,26.7,1938.0,European/2014/K pneumoniae/number-k-pneumoniae-isolates-and-percentage-resistant-aminoglycosides-2011-2014.xlsx
France,2014,Klebsiella pneumoniae,aminoglycosides,27.8,2191.0,European/2014/K pneumoniae/number-k-pneumoniae-isolates-and-percentage-resistant-aminoglycosides-2011-2014.xlsx
France,2015,Klebsiella pneumoniae,aminoglycosides,26.3,2337.0,"European/2015/Klebsiella, Tables 3-8 to 3-13.xlsx [Table 3.10]"
Germany,2010,Klebsiella pneumoniae,aminoglycosides,10.5,478.0,European/2013/Downloadables/K pneumoniae/number-k-pneumoniae-isolates-and-percentage-resistant-aminoglycosides-2010-2013.xlsx
Germany,2011,Klebsiella pneumoniae,aminoglycosides,8.9,518.0,European/2014/K pneumoniae/number-k-pneumoniae-isolates-and-percentage-resistant-aminoglycosides-2011-2014.xlsx
Germany,2012,Klebsiella pneumoniae,aminoglycosides,8.3,663.0,European/2014/K pneumoniae/number-k-pneumoniae-isolates-and-percentage-resistant-aminoglycosides-2011-2014.xlsx
Germany,2013,Klebsiella pneumoniae,aminoglycosides,9.6,743.0,European/2014/K pneumoniae/number-k-pneumoniae-isolates-and-percentage-resistant-aminoglycosides-2011-2014.xlsx
Germany,2014,Klebsiella pneumoniae,aminoglycosides,7.1,1006.0,European/2014/K pneumoniae/number-k-pneumoniae-isolates-and-percentage-resistant-aminoglycosides-2011-2014.xlsx
Germany,2015,Klebsiella pneumoniae,aminoglycosides,5.5,1519.0,"European/2015/Klebsiella, Tables 3-8 to 3-13.xlsx [Table 3.10]"
Greece,2010,Klebsiella pneumoniae,aminoglycosides,61.7,1687.0,European/2013/Downloadables/K pneumoniae/number-k-pneumoniae-isolates-and-percentage-resistant-aminoglycosides-2010-2013.xlsx
Greece,2011,Klebsiella pneumoniae,aminoglycosides,69.0,1649.0,European/2014/K pneumoniae/number-k-pneumoniae-isolates-and-percentage-resistant-aminoglycosides-2011-2014.xlsx
Greece,2012,Klebsiella pneumoniae,aminoglycosides,62.9,1432.0,European/2014/K pneumoniae/number-k-pneumoniae-isolates-and-percentage-resistant-aminoglycosides-2011-2014.xlsx
Greece,2013,Klebsiella pneumoniae,aminoglycosides,59.0,1171.0,European/2014/K pneumoniae/number-k-pneumoniae-isolates-and-percentage-resistant-aminoglycosides-2011-2014.xlsx
Greece,2014,Klebsiella pneumoniae,aminoglycosides,61.1,1069.0,European/2014/K pneumoniae/number-k-pneumoniae-isolates-and-percentage-resistant-aminoglycosides-2011-2014.xlsx
Greece,2015,Klebsiella pneumoniae,aminoglycosides,50.7,1170.0,"European/2015/Klebsiella, Tables 3-8 to 3-13.xlsx [Table 3.10]"
Hungary,2010,Klebsiella pneumoniae,aminoglycosides,47.9,514.0,European/2013/Downloadables/K pneumoniae/number-k-pneumoniae-isolates-and-percentage-resistant-aminoglycosides-2010-2013.xlsx
Hungary,2011,Klebsiella pneumoniae,aminoglycosides,53.0,430.0,European/2014/K pneumoniae/number-k-pneumoniae-isolates-and-percentage-resistant-aminoglycosides-2011-2014.xlsx
Hungary,2012,Klebsiella pneumoniae,aminoglycosides,41.0,500.0,European/2014/K pneumoniae/number-k-pneumoniae-isolates-and-percentage-resistant-aminoglycosides-2011-2014.xlsx
Hungary,2013,Klebsiella pneumoniae,aminoglycosides,36.9,556.0,European/2014/K pneumoniae/number-k-pneumoniae-isolates-and-percentage-resistant-aminoglycosides-2011-2014.xlsx
Hungary,2014,Klebsiella pneumoniae,aminoglycosides,32.1,639.0,European/2014/K pneumoniae/number-k-pneumoniae-isolates-and-percentage-resistant-aminoglycosides-2011-2014.xlsx
Hungary,2015,Klebsiella pneumoniae,aminoglycosides,34.6,706.0,"European/2015/Klebsiella, Tables 3-8 to 3-13.xlsx [Table 3.10]"
Iceland,2010,Klebsiella pneumoniae,aminoglycosides,0.0,27.0,European/2013/Downloadables/K pneumoniae/number-k-pneumoniae-isolates-and-percentage-resistant-aminoglycosides-2010-2013.xlsx
Iceland,2011,Klebsiella pneumoniae,aminoglycosides,0.0,26.0,European/2014/K pneumoniae/number-k-pneumoniae-isolates-and-percentage-resistant-aminoglycosides-2011-2014.xlsx
Iceland,2012,Klebsiella pneumoniae,aminoglycosides,0.0,16.0,European/2014/K pneumoniae/number-k-pneumoniae-isolates-and-percentage-resistant-aminoglycosides-2011-2014.xlsx
Iceland,2013,Klebsiella pneumoniae,aminoglycosides,0.0,30.0,European/2014/K pneumoniae/number-k-pneumoniae-isolates-and-percentage-resistant-aminoglycosides-2011-2014.xlsx
Iceland,2014,Klebsiella pneumoniae,aminoglycosides,3.6,28.0,European/2014/K pneumoniae/number-k-pneumoniae-isolates-and-percentage-resistant-aminoglycosides-2011-2014.xlsx
Iceland,2015,Klebsiella pneumoniae,aminoglycosides,0.0,36.0,"European/2015/Klebsiella, Tables 3-8 to 3-13.xlsx [Table 3.10]"
Ireland,2010,Klebsiella pneumoniae,aminoglycosides,6.9,318.0,European/2013/Downloadables/K pneumoniae/number-k-pneumoniae-isolates-and-percentage-resistant-aminoglycosides-2010-2013.xlsx
Ireland,2011,Klebsiella pneumoniae,aminoglycosides,7.6,304.0,European/2014/K pneumoniae/number-k-pneumoniae-isolates-and-percentage-resistant-aminoglycosides-2011-2014.xlsx
Ireland,2012,Klebsiella pneumoniae,aminoglycosides,9.2,338.0,European/2014/K pneumoniae/number-k-pneumoniae-isolates-and-percentage-resistant-aminoglycosides-2011-2014.xlsx
Ireland,2013,Klebsiella pneumoniae,aminoglycosides,17.4,317.0,European/2014/K pneumoniae/number-k-pneumoniae-isolates-and-percentage-resistant-aminoglycosides-2011-2014.xlsx
Ireland,2014,Klebsiella pneumoniae,aminoglycosides,12.1,355.0,European/2014/K pneumoniae/number-k-pneumoniae-isolates-and-percentage-resistant-aminoglycosides-2011-2014.xlsx
Ireland,2015,Klebsiella pneumoniae,aminoglycosides,15.9,389.0,"European/2015/Klebsiella, Tables 3-8 to 3-13.xlsx [Table 3.10]"
Italy,2010,Klebsiella pneumoniae,aminoglycosides,29.1,735.0,European/2013/Downloadables/K pneumoniae/number-k-pneumoniae-isolates-and-percentage-resistant-aminoglycosides-2010-2013.xlsx
Italy,2011,Klebsiella pneumoniae,aminoglycosides,34.6,661.0,European/2014/K pneumoniae/number-k-pneumoniae-isolates-and-percentage-resistant-aminoglycosides-2011-2014.xlsx
Italy,2012,Klebsiella pneumoniae,aminoglycosides,42.4,868.0,European/2014/K pneumoniae/number-k-pneumoniae-isolates-and-percentage-resistant-aminoglycosides-2011-2014.xlsx
Italy,2013,Klebsiella pneumoniae,aminoglycosides,44.9,1438.0,European/2014/K pneumoniae/number-k-pneumoniae-isolates-and-percentage-resistant-aminoglycosides-2011-2014.xlsx
Italy,2014,Klebsiella pneumoniae,aminoglycosides,48.6,1211.0,European/2014/K pneumoniae/number-k-pneumoniae-isolates-and-percentage-resistant-aminoglycosides-2011-2014.xlsx
Italy,2015,Klebsiella pneumoniae,aminoglycosides,34.0,1956.0,"European/2015/Klebsiella, Tables 3-8 to 3-13.xlsx [Table 3.10]"
Latvia,2010,Klebsiella pneumoniae,aminoglycosides,54.7,64.0,European/2013/Downloadables/K pneumoniae/number-k-pneumoniae-isolates-and-percentage-resistant-aminoglycosides-2010-2013.xlsx
Latvia,2011,Klebsiella pneumoniae,aminoglycosides,33.8,65.0,European/2014/K pneumoniae/number-k-pneumoniae-isolates-and-percentage-resistant-aminoglycosides-2011-2014.xlsx
Latvia,2012,Klebsiella pneumoniae,aminoglycosides,51.3,78.0,European/2014/K pneumoniae/number-k-pneumoniae-isolates-and-percentage-resistant-aminoglycosides-2011-2014.xlsx
Latvia,2013,Klebsiella pneumoniae,aminoglycosides,48.9,92.0,European/2014/K pneumoniae/number-k-pneumoniae-isolates-and-percentage-resistant-aminoglycosides-2011-2014.xlsx
Latvia,2014,Klebsiella pneumoniae,aminoglycosides,44.1,118.0,European/2014/K pneumoniae/number-k-pneumoniae-isolates-and-percentage-resistant-aminoglycosides-2011-2014.xlsx
Latvia,2015,Klebsiella pneumoniae,aminoglycosides,43.4,113.0,"European/2015/Klebsiella, Tables 3-8 to 3-13.xlsx [Table 3.10]"
Lithuania,2010,Klebsiella pneumoniae,aminoglycosides,51.9,81.0,European/2013/Downloadables/K pneumoniae/number-k-pneumoniae-isolates-and-percentage-resistant-aminoglycosides-2010-2013.xlsx
Lithuania,2011,Klebsiella pneumoniae,aminoglycosides,55.5,137.0,European/2014/K pneumoniae/number-k-pneumoniae-isolates-and-percentage-resistant-aminoglycosides-2011-2014.xlsx
Lithuania,2012,Klebsiella pneumoniae,aminoglycosides,63.4,186.0,European/2014/K pneumoniae/number-k-pneumoniae-isolates-and-percentage-resistant-aminoglycosides-2011-2014.xlsx
Lithuania,2013,Klebsiella pneumoniae,aminoglycosides,47.6,145.0,European/2014/K pneumoniae/number-k-pneumoniae-isolates-and-percentage-resistant-aminoglycosides-2011-2014.xlsx
Lithuania,2014,Klebsiella pneumoniae,aminoglycosides,48.7,154.0,European/2014/K pneumoniae/number-k-pneumoniae-isolates-and-percentage-resistant-aminoglycosides-2011-2014.xlsx
Lithuania,2015,Klebsiella pneumoniae,aminoglycosides,46.4,179.0,"European/2015/Klebsiella, Tables 3-8 to 3-13.xlsx [Table 3.10]"
Luxembourg,2010,Klebsiella pneumoniae,aminoglycosides,5.1,59.0,European/2013/Downloadables/K pneumoniae/number-k-pneumoniae-isolates-and-percentage-resistant-aminoglycosides-2010-2013.xlsx
Luxembourg,2011,Klebsiella pneumoniae,aminoglycosides,29.2,48.0,European/2014/K pneumoniae/number-k-pneumoniae-isolates-and-percentage-resistant-aminoglycosides-2011-2014.xlsx
Luxembourg,2012,Klebsiella pneumoniae,aminoglycosides,26.0,50.0,European/2014/K pneumoniae/number-k-pneumoniae-isolates-and-percentage-resistant-aminoglycosides-2011-2014.xlsx
Luxembourg,2013,Klebsiella pneumoniae,aminoglycosides,28.3,53.0,European/2014/K pneumoniae/number-k-pneumoniae-isolates-and-percentage-resistant-aminoglycosides-2011-2014.xlsx
Luxembourg,2014,Klebsiella pneumoniae,aminoglycosides,19.7,66.0,European/2014/K pneumoniae/number-k-pneumoniae-isolates-and-percentage-resistant-aminoglycosides-2011-2014.xlsx
Luxembourg,2015,Klebsiella pneumoniae,aminoglycosides,15.0,60.0,"European/2015/Klebsiella, Tables 3-8 to 3-13.xlsx [Table 3.10]"
Malta,2010,Klebsiella pneumoniae,aminoglycosides,12.3,57.0,European/2013/Downloadables/K pneumoniae/number-k-pneumoniae-isolates-and-percentage-resistant-aminoglycosides-2010-2013.xlsx
Malta,2011,Klebsiella pneumoniae,aminoglycosides,9.6,52.0,European/2014/K pneumoniae/number-k-pneumoniae-isolates-and-percentage-resistant-aminoglycosides-2011-2014.xlsx
Malta,2012,Klebsiella pneumoniae,aminoglycosides,26.3,57.0,European/2014/K pneumoniae/number-k-pneumoniae-isolates-and-percentage-resistant-aminoglycosides-2011-2014.xlsx
Malta,2013,Klebsiella pneumoniae,aminoglycosides,26.1,69.0,European/2014/K pneumoniae/number-k-pneumoniae-isolates-and-percentage-resistant-aminoglycosides-2011-2014.xlsx
Malta,2014,Klebsiella pneumoniae,aminoglycosides,29.7,101.0,European/2014/K pneumoniae/number-k-pneumoniae-isolates-and-percentage-resistant-aminoglycosides-2011-2014.xlsx
Malta,2015,Klebsiella pneumoniae,aminoglycosides,22.8,92.0,"European/2015/Klebsiella, Tables 3-8 to 3-13.xlsx [Table 3.10]"
Netherlands,2010,Klebsiella pneumoniae,aminoglycosides,6.5,644.0,European/2013/Downloadables/K pneumoniae/number-k-pneumoniae-isolates-and-percentage-resistant-aminoglycosides-2010-2013.xlsx
Netherlands,2011,Klebsiella pneumoniae,aminoglycosides,8.1,729.0,European/2014/K pneumoniae/number-k-pneumoniae-isolates-and-percentage-resistant-aminoglycosides-2011-2014.xlsx
Netherlands,2012,Klebsiella pneumoniae,aminoglycosides,6.3,685.0,European/2014/K pneumoniae/number-k-pneumoniae-isolates-and-percentage-resistant-aminoglycosides-2011-2014.xlsx
Netherlands,2013,Klebsiella pneumoniae,aminoglycosides,6.1,653.0,European/2014/K pneumoniae/number-k-pneumoniae-isolates-and-percentage-resistant-aminoglycosides-2011-2014.xlsx
Netherlands,2014,Klebsiella pneumoniae,aminoglycosides,3.9,900.0,European/2014/K pneumoniae/number-k-pneumoniae-isolates-and-percentage-resistant-aminoglycosides-2011-2014.xlsx
Netherlands,2015,Klebsiella pneumoniae,aminoglycosides,5.7,908.0,"European/2015/Klebsiella, Tables 3-8 to 3-13.xlsx [Table 3.10]"
Norway,2010,Klebsiella pneumoniae,aminoglycosides,1.7,471.0,European/2013/Downloadables/K pneumoniae/number-k-pneumoniae-isolates-and-percentage-resistant-aminoglycosides-2010-2013.xlsx
Norway,2011,Klebsiella pneumoniae,aminoglycosides,2.8,426.0,European/2014/K pneumoniae/number-k-pneumoniae-isolates-and-percentage-resistant-aminoglycosides-2011-2014.xlsx
Norway,2012,Klebsiella pneumoniae,aminoglycosides,2.4,622.0,European/2014/K pneumoniae/number-k-pneumoniae-isolates-and-percentage-resistant-aminoglycosides-2011-2014.xlsx
Norway,2013,Klebsiella pneumoniae,aminoglycosides,2.3,644.0,European/2014/K pneumoniae/number-k-pneumoniae-isolates-and-percentage-resistant-aminoglycosides-2011-2014.xlsx
Norway,2014,Klebsiella pneumoniae,aminoglycosides,4.8,744.0,European/2014/K pneumoniae/number-k-pneumoniae-isolates-and-percentage-resistant-aminoglycosides-2011-2014.xlsx
Norway,2015,Klebsiella pneumoniae,aminoglycosides,3.6,700.0,"European/2015/Klebsiella, Tables 3-8 to 3-13.xlsx [Table 3.10]"
Poland,2010,Klebsiella pneumoniae,aminoglycosides,31.2,231.0,European/2013/Downloadables/K pneumoniae/number-k-pneumoniae-isolates-and-percentage-resistant-aminoglycosides-2010-2013.xlsx
Poland,2011,Klebsiella pneumoniae,aminoglycosides,47.5,383.0,European/2014/K pneumoniae/number-k-pneumoniae-isolates-and-percentage-resistant-aminoglycosides-2011-2014.xlsx
Poland,2012,Klebsiella pneumoniae,aminoglycosides,51.8,369.0,European/2014/K pneumoniae/number-k-pneumoniae-isolates-and-percentage-resistant-aminoglycosides-2011-2014.xlsx
Poland,2013,Klebsiella pneumoniae,aminoglycosides,58.4,380.0,European/2014/K pneumoniae/number-k-pneumoniae-isolates-and-percentage-resistant-aminoglycosides-2011-2014.xlsx
Poland,2014,Klebsiella pneumoniae,aminoglycosides,59.1,455.0,"European/2015/Klebsiella, Tables 3-8 to 3-13.xlsx [Table 3.10]"
Poland,2015,Klebsiella pneumoniae,aminoglycosides,58.6,666.0,"European/2015/Klebsiella, Tables 3-8 to 3-13.xlsx [Table 3.10]"
Portugal,2010,Klebsiella pneumoniae,aminoglycosides,26.8,596.0,European/2013/Downloadables/K pneumoniae/number-k-pneumoniae-isolates-and-percentage-resistant-aminoglycosides-2010-2013.xlsx
Portugal,2011,Klebsiella pneumoniae,aminoglycosides,31.5,619.0,European/2014/K pneumoniae/number-k-pneumoniae-isolates-and-percentage-resistant-aminoglycosides-2011-2014.xlsx
Portugal,2012,Klebsiella pneumoniae,aminoglycosides,31.8,780.0,European/2014/K pneumoniae/number-k-pneumoniae-isolates-and-percentage-resistant-aminoglycosides-2011-2014.xlsx
Portugal,2013,Klebsiella pneumoniae,aminoglycosides,30.3,912.0,European/2014/K pneumoniae/number-k-pneumoniae-isolates-and-percentage-resistant-aminoglycosides-2011-2014.xlsx
Portugal,2014,Klebsiella pneumoniae,aminoglycosides,31.3,1706.0,European/2014/K pneumoniae/number-k-pneumoniae-isolates-and-percentage-resistant-aminoglycosides-2011-2014.xlsx
Portugal,2015,Klebsiella pneumoniae,aminoglycosides,32.6,2090.0,"European/2015/Klebsiella, Tables 3-8 to 3-13.xlsx [Table 3.10]"
Romania,2010,Klebsiella pneumoniae,aminoglycosides,70.6,17.0,European/2013/Downloadables/K pneumoniae/number-k-pneumoniae-isolates-and-percentage-resistant-aminoglycosides-2010-2013.xlsx
Romania,2011,Klebsiella pneumoniae,aminoglycosides,50.0,10.0,European/2014/K pneumoniae/number-k-pneumoniae-isolates-and-percentage-resistant-aminoglycosides-2011-2014.xlsx
Romania,2012,Klebsiella pneumoniae,aminoglycosides,54.5,99.0,European/2014/K pneumoniae/number-k-pneumoniae-isolates-and-percentage-resistant-aminoglycosides-2011-2014.xlsx
Romania,2013,Klebsiella pneumoniae,aminoglycosides,57.3,213.0,European/2014/K pneumoniae/number-k-pneumoniae-isolates-and-percentage-resistant-aminoglycosides-2011-2014.xlsx
Romania,2014,Klebsiella pneumoniae,aminoglycosides,67.3,251.0,European/2014/K pneumoniae/number-k-pneumoniae-isolates-and-percentage-resistant-aminoglycosides-2011-2014.xlsx
Romania,2015,Klebsiella pneumoniae,aminoglycosides,54.1,266.0,"European/2015/Klebsiella, Tables 3-8 to 3-13.xlsx [Table 3.10]"
Slovakia,2011,Klebsiella pneumoniae,aminoglycosides,66.3,466.0,European/2014/K pneumoniae/number-k-pneumoniae-isolates-and-percentage-resistant-aminoglycosides-2011-2014.xlsx
Slovakia,2012,Klebsiella pneumoniae,aminoglycosides,63.0,378.0,European/2014/K pneumoniae/number-k-pneumoniae-isolates-and-percentage-resistant-aminoglycosides-2011-2014.xlsx
Slovakia,2013,Klebsiella pneumoniae,aminoglycosides,64.0,489.0,European/2014/K pneumoniae/number-k-pneumoniae-isolates-and-percentage-resistant-aminoglycosides-2011-2014.xlsx
Slovakia,2014,Klebsiella pneumoniae,aminoglycosides,68.2,494.0,European/2014/K pneumoniae/number-k-pneumoniae-isolates-and-percentage-resistant-aminoglycosides-2011-2014.xlsx
Slovakia,2015,Klebsiella pneumoniae,aminoglycosides,66.5,475.0,"European/2015/Klebsiella, Tables 3-8 to 3-13.xlsx [Table 3.10]"
Slovenia,2010,Klebsiella pneumoniae,aminoglycosides,23.0,196.0,European/2013/Downloadables/K pneumoniae/number-k-pneumoniae-isolates-and-percentage-resistant-aminoglycosides-2010-2013.xlsx
Slovenia,2011,Klebsiella pneumoniae,aminoglycosides,22.0,232.0,European/2014/K pneumoniae/number-k-pneumoniae-isolates-and-percentage-resistant-aminoglycosides-2011-2014.xlsx
Slovenia,2012,Klebsiella pneumoniae,aminoglycosides,20.5,254.0,European/2014/K pneumoniae/number-k-pneumoniae-isolates-and-percentage-resistant-aminoglycosides-2011-2014.xlsx
Slovenia,2013,Klebsiella pneumoniae,aminoglycosides,20.0,245.0,European/2014/K pneumoniae/number-k-pneumoniae-isolates-and-percentage-resistant-aminoglycosides-2011-2014.xlsx
Slovenia,2014,Klebsiella pneumoniae,aminoglycosides,20.2,233.0,European/2014/K pneumoniae/number-k-pneumoniae-isolates-and-percentage-resistant-aminoglycosides-2011-2014.xlsx
Slovenia,2015,Klebsiella pneumoniae,aminoglycosides,19.0,237.0,"European/2015/Klebsiella, Tables 3-8 to 3-13.xlsx [Table 3.10]"
Spain,2010,Klebsiella pneumoniae,aminoglycosides,8.7,1161.0,European/2013/Downloadables/K pneumoniae/number-k-pneumoniae-isolates-and-percentage-resistant-aminoglycosides-2010-2013.xlsx
Spain,2011,Klebsiella pneumoniae,aminoglycosides,10.5,1145.0,European/2014/K pneumoniae/number-k-pneumoniae-isolates-and-percentage-resistant-aminoglycosides-2011-2014.xlsx
Spain,2012,Klebsiella pneumoniae,aminoglycosides,14.1,1153.0,European/2014/K pneumoniae/number-k-pneumoniae-isolates-and-percentage-resistant-aminoglycosides-2011-2014.xlsx
Spain,2013,Klebsiella pneumoniae,aminoglycosides,16.0,1241.0,European/2014/K pneumoniae/number-k-pneumoniae-isolates-and-percentage-resistant-aminoglycosides-2011-2014.xlsx
Spain,2014,Klebsiella pneumoniae,aminoglycosides,13.9,1266.0,European/2014/K pneumoniae/number-k-pneumoniae-isolates-and-percentage-resistant-aminoglycosides-2011-2014.xlsx
Spain,2015,Klebsiella pneumoniae,aminoglycosides,16.0,1509.0,"European/2015/Klebsiella, Tables 3-8 to 3-13.xlsx [Table 3.10]"
Sweden,2010,Klebsiella pneumoniae,aminoglycosides,1.2,642.0,European/2013/Downloadables/K pneumoniae/number-k-pneumoniae-isolates-and-percentage-resistant-aminoglycosides-2010-2013.xlsx
Sweden,2011,Klebsiella pneumoniae,aminoglycosides,2.0,919.0,European/2014/K pneumoniae/number-k-pneumoniae-isolates-and-percentage-resistant-aminoglycosides-2011-2014.xlsx
Sweden,2012,Klebsiella pneumoniae,aminoglycosides,2.5,977.0,European/2014/K pneumoniae/number-k-pneumoniae-isolates-and-percentage-resistant-aminoglycosides-2011-2014.xlsx
Sweden,2013,Klebsiella pneumoniae,aminoglycosides,2.9,1235.0,European/2014/K pneumoniae/number-k-pneumoniae-isolates-and-percentage-resistant-aminoglycosides-2011-2014.xlsx
Sweden,2014,Klebsiella pneumoniae,aminoglycosides,3.3,860.0,European/2014/K pneumoniae/number-k-pneumoniae-isolates-and-percentage-resistant-aminoglycosides-2011-2014.xlsx
Sweden,2015,Klebsiella pneumoniae,aminoglycosides,3.2,943.0,"European/2015/Klebsiella, Tables 3-8 to 3-13.xlsx [Table 3.10]"
United Kingdom,2010,Klebsiella pneumoniae,aminoglycosides,4.9,797.0,European/2013/Downloadables/K pneumoniae/number-k-pneumoniae-isolates-and-percentage-resistant-aminoglycosides-2010-2013.xlsx
United Kingdom,2011,Klebsiella pneumoniae,aminoglycosides,4.3,979.0,European/2014/K pneumoniae/number-k-pneumoniae-isolates-and-percentage-resistant-aminoglycosides-2011-2014.xlsx
United Kingdom,2012,Klebsiella pneumoniae,aminoglycosides,6.1,1059.0,European/2014/K pneumoniae/number-k-pneumoniae-isolates-and-percentage-resistant-aminoglycosides-2011-2014.xlsx
United Kingdom,2013,Klebsiella pneumoniae,aminoglycosides,6.5,1163.0,European/2014/K pneumoniae/number-k-pneumoniae-isolates-and-percentage-resistant-aminoglycosides-2011-2014.xlsx
United Kingdom,2014,Klebsiella pneumoniae,aminoglycosides,5.7,1173.0,European/2014/K pneumoniae/number-k-pneumoniae-isolates-and-percentage-resistant-aminoglycosides-2011-2014.xlsx
United Kingdom,2015,Klebsiella pneumoniae,aminoglycosides,9.3,1070.0,"European/2015/Klebsiella, Tables 3-8 to 3-13.xlsx [Table 3.10]"
Austria,2010,Klebsiella pneumoniae,carbapenems,0.6,509.0,European/2013/Downloadables/K pneumoniae/number-k-pneumoniae-isolates-and-percentage-resistant-carbapenems-2010-2013.xlsx
Austria,2011,Klebsiella pneumoniae,carbapenems,0.2,610.0,European/2014/K pneumoniae/number-k-pneumoniae-isolates-and-percentage-resistant-carbapenems-2011-2014.xlsx
Austria,2012,Klebsiella pneumoniae,carbapenems,0.8,738.0,European/2014/K pneumoniae/number-k-pneumoniae-isolates-and-percentage-resistant-carbapenems-2011-2014.xlsx
Austria,2013,Klebsiella pneumoniae,carbapenems,1.2,910.0,European/2014/K pneumoniae/number-k-pneumoniae-isolates-and-percentage-resistant-carbapenems-2011-2014.xlsx
Austria,2014,Klebsiella pneumoniae,carbapenems,0.6,971.0,European/2014/K pneumoniae/number-k-pneumoniae-isolates-and-percentage-resistant-carbapenems-2011-2014.xlsx
Austria,2015,Klebsiella pneumoniae,carbapenems,0.8,1022.0,"European/2015/Klebsiella, Tables 3-8 to 3-13.xlsx [Table 3.11]"
Belgium,2010,Klebsiella pneumoniae,carbapenems,0.0,116.0,European/2013/Downloadables/K pneumoniae/number-k-pneumoniae-isolates-and-percentage-resistant-carbapenems-2010-2013.xlsx
Belgium,2011,Klebsiella pneumoniae,carbapenems,0.3,646.0,European/2014/K pneumoniae/number-k-pneumoniae-isolates-and-percentage-resistant-carbapenems-2011-2014.xlsx
Belgium,2012,Klebsiella pneumoniae,carbapenems,0.7,545.0,European/2014/K pneumoniae/number-k-pneumoniae-isolates-and-percentage-resistant-carbapenems-2011-2014.xlsx
Belgium,2013,Klebsiella pneumoniae,carbapenems,0.3,618.0,European/2014/K pneumoniae/number-k-pneumoniae-isolates-and-percentage-resistant-carbapenems-2011-2014.xlsx
Belgium,2014,Klebsiella pneumoniae,carbapenems,0.5,429.0,European/2014/K pneumoniae/number-k-pneumoniae-isolates-and-percentage-resistant-carbapenems-2011-2014.xlsx
Belgium,2015,Klebsiella pneumoniae,carbapenems,0.5,389.0,"European/2015/Klebsiella, Tables 3-8 to 3-13.xlsx [Table 3.11]"
Bulgaria,2010,Klebsiella pneumoniae,carbapenems,0.0,126.0,European/2013/Downloadables/K pneumoniae/number-k-pneumoniae-isolates-and-percentage-resistant-carbapenems-2010-2013.xlsx
Bulgaria,2011,Klebsiella pneumoniae,carbapenems,0.0,116.0,European/2014/K pneumoniae/number-k-pneumoniae-isolates-and-percentage-resistant-carbapenems-2011-2014.xlsx
Bulgaria,2012,Klebsiella pneumoniae,carbapenems,1.9,108.0,European/2014/K pneumoniae/number-k-pneumoniae-isolates-and-percentage-resistant-carbapenems-2011-2014.xlsx
Bulgaria,2013,Klebsiella pneumoniae,carbapenems,0.0,129.0,European/2014/K pneumoniae/number-k-pneumoniae-isolates-and-percentage-resistant-carbapenems-2011-2014.xlsx
Bulgaria,2014,Klebsiella pneumoniae,carbapenems,7.2,139.0,European/2014/K pneumoniae/number-k-pneumoniae-isolates-and-percentage-resistant-carbapenems-2011-2014.xlsx
Bulgaria,2015,Klebsiella pneumoniae,carbapenems,3.2,95.0,"European/2015/Klebsiella, Tables 3-8 to 3-13.xlsx [Table 3.11]"
Croatia,2010,Klebsiella pneumoniae,carbapenems,2.2,279.0,European/2013/Downloadables/K pneumoniae/number-k-pneumoniae-isolates-and-percentage-resistant-carbapenems-2010-2013.xlsx
Croatia,2011,Klebsiella pneumoniae,carbapenems,0.0,299.0,European/2014/K pneumoniae/number-k-pneumoniae-isolates-and-percentage-resistant-carbapenems-2011-2014.xlsx
Croatia,2012,Klebsiella pneumoniae,carbapenems,0.0,331.0,European/2014/K pneumoniae/number-k-pneumoniae-isolates-and-percentage-resistant-carbapenems-2011-2014.xlsx
Croatia,2013,Klebsiella pneumoniae,carbapenems,0.5,376.0,European/2014/K pneumoniae/number-k-pneumoniae-isolates-and-percentage-resistant-carbapenems-2011-2014.xlsx
Croatia,2014,Klebsiella pneumoniae,carbapenems,0.9,334.0,European/2014/K pneumoniae/number-k-pneumoniae-isolates-and-percentage-resistant-carbapenems-2011-2014.xlsx
Croatia,2015,Klebsiella pneumoniae,carbapenems,2.4,380.0,"European/2015/Klebsiella, Tables 3-8 to 3-13.xlsx [Table 3.11]"
Cyprus,2010,Klebsiella pneumoniae,carbapenems,16.4,67.0,European/2013/Downloadables/K pneumoniae/number-k-pneumoniae-isolates-and-percentage-resistant-carbapenems-2010-2013.xlsx
Cyprus,2011,Klebsiella pneumoniae,carbapenems,15.7,83.0,European/2014/K pneumoniae/number-k-pneumoniae-isolates-and-percentage-resistant-carbapenems-2011-2014.xlsx
Cyprus,2012,Klebsiella pneumoniae,carbapenems,9.2,65.0,European/2014/K pneumoniae/number-k-pneumoniae-isolates-and-percentage-resistant-carbapenems-2011-2014.xlsx
Cyprus,2013,Klebsiella pneumoniae,carbapenems,5.9,68.0,European/2014/K pneumoniae/number-k-pneumoniae-isolates-and-percentage-resistant-carbapenems-2011-2014.xlsx
Cyprus,2014,Klebsiella pneumoniae,carbapenems,5.0,80.0,European/2014/K pneumoniae/number-k-pneumoniae-isolates-and-percentage-resistant-carbapenems-2011-2014.xlsx
Cyprus,2015,Klebsiella pneumoniae,carbapenems,12.9,62.0,"European/2015/Klebsiella, Tables 3-8 to 3-13.xlsx [Table 3.11]"
Czech Republic,2010,Klebsiella pneumoniae,carbapenems,0.1,1103.0,European/2013/Downloadables/K pneumoniae/number-k-pneumoniae-isolates-and-percentage-resistant-carbapenems-2010-2013.xlsx
Czech Republic,2011,Klebsiella pneumoniae,carbapenems,0.1,1193.0,European/2014/K pneumoniae/number-k-pneumoniae-isolates-and-percentage-resistant-carbapenems-2011-2014.xlsx
Czech Republic,2012,Klebsiella pneumoniae,carbapenems,0.3,1307.0,European/2014/K pneumoniae/number-k-pneumoniae-isolates-and-percentage-resistant-carbapenems-2011-2014.xlsx
Czech Republic,2013,Klebsiella pneumoniae,carbapenems,0.5,1133.0,European/2014/K pneumoniae/number-k-pneumoniae-isolates-and-percentage-resistant-carbapenems-2011-2014.xlsx
Czech Republic,2014,Klebsiella pneumoniae,carbapenems,0.1,1148.0,European/2014/K pneumoniae/number-k-pneumoniae-isolates-and-percentage-resistant-carbapenems-2011-2014.xlsx
Czech Republic,2015,Klebsiella pneumoniae,carbapenems,0.3,1100.0,"European/2015/Klebsiella, Tables 3-8 to 3-13.xlsx [Table 3.11]"
Denmark,2010,Klebsiella pneumoniae,carbapenems,0.0,491.0,European/2013/Downloadables/K pneumoniae/number-k-pneumoniae-isolates-and-percentage-resistant-carbapenems-2010-2013.xlsx
Denmark,2011,Klebsiella pneumoniae,carbapenems,0.0,589.0,European/2014/K pneumoniae/number-k-pneumoniae-isolates-and-percentage-resistant-carbapenems-2011-2014.xlsx
Denmark,2012,Klebsiella pneumoniae,carbapenems,0.3,680.0,European/2014/K pneumoniae/number-k-pneumoniae-isolates-and-percentage-resistant-carbapenems-2011-2014.xlsx
Denmark,2013,Klebsiella pneumoniae,carbapenems,0.2,645.0,European/2014/K pneumoniae/number-k-pneumoniae-isolates-and-percentage-resistant-carbapenems-2011-2014.xlsx
Denmark,2014,Klebsiella pneumoniae,carbapenems,0.2,830.0,European/2014/K pneumoniae/number-k-pneumoniae-isolates-and-percentage-resistant-carbapenems-2011-2014.xlsx
Denmark,2015,Klebsiella pneumoniae,carbapenems,0.0,846.0,"European/2015/Klebsiella, Tables 3-8 to 3-13.xlsx [Table 3.11]"
Estonia,2010,Klebsiella pneumoniae,carbapenems,0.0,66.0,European/2013/Downloadables/K pneumoniae/number-k-pneumoniae-isolates-and-percentage-resistant-carbapenems-2010-2013.xlsx
Estonia,2011,Klebsiella pneumoniae,carbapenems,0.0,73.0,European/2014/K pneumoniae/number-k-pneumoniae-isolates-and-percentage-resistant-carbapenems-2011-2014.xlsx
Estonia,2012,Klebsiella pneumoniae,carbapenems,1.3,79.0,European/2014/K pneumoniae/number-k-pneumoniae-isolates-and-percentage-resistant-carbapenems-2011-2014.xlsx
Estonia,2013,Klebsiella pneumoniae,carbapenems,2.7,74.0,European/2014/K pneumoniae/number-k-pneumoniae-isolates-and-percentage-resistant-carbapenems-2011-2014.xlsx
Estonia,2014,Klebsiella pneumoniae,carbapenems,0.0,92.0,European/2014/K pneumoniae/number-k-pneumoniae-isolates-and-percentage-resistant-carbapenems-2011-2014.xlsx
Estonia,2015,Klebsiella pneumoniae,carbapenems,0.0,56.0,"European/2015/Klebsiella, Tables 3-8 to 3-13.xlsx [Table 3.11]"
Finland,2010,Klebsiella pneumoniae,carbapenems,0.0,391.0,European/2013/Downloadables/K pneumoniae/number-k-pneumoniae-isolates-and-percentage-resistant-carbapenems-2010-2013.xlsx
Finland,2011,Klebsiella pneumoniae,carbapenems,0.0,404.0,European/2014/K pneumoniae/number-k-pneumoniae-isolates-and-percentage-resistant-carbapenems-2011-2014.xlsx
Finland,2012,Klebsiella pneumoniae,carbapenems,0.0,536.0,European/2014/K pneumoniae/number-k-pneumoniae-isolates-and-percentage-resistant-carbapenems-2011-2014.xlsx
Finland,2013,Klebsiella pneumoniae,carbapenems,0.0,546.0,European/2014/K pneumoniae/number-k-pneumoniae-isolates-and-percentage-resistant-carbapenems-2011-2014.xlsx
Finland,2014,Klebsiella pneumoniae,carbapenems,0.0,583.0,European/2014/K pneumoniae/number-k-pneumoniae-isolates-and-percentage-resistant-carbapenems-2011-2014.xlsx
Finland,2015,Klebsiella pneumoniae,carbapenems,0.0,658.0,"European/2015/Klebsiella, Tables 3-8 to 3-13.xlsx [Table 3.11]"
France,2010,Klebsiella pneumoniae,carbapenems,0.1,1432.0,European/2013/Downloadables/K pneumoniae/number-k-pneumoniae-isolates-and-percentage-resistant-carbapenems-2010-2013.xlsx
France,2011,Klebsiella pneumoniae,carbapenems,0.0,1640.0,European/2014/K pneumoniae/number-k-pneumoniae-isolates-and-percentage-resistant-carbapenems-2011-2014.xlsx
France,2012,Klebsiella pneumoniae,carbapenems,0.5,1627.0,European/2014/K pneumoniae/number-k-pneumoniae-isolates-and-percentage-resistant-carbapenems-2011-2014.xlsx
France,2013,Klebsiella pneumoniae,carbapenems,0.7,1842.0,European/2014/K pneumoniae/number-k-pneumoniae-isolates-and-percentage-resistant-carbapenems-2011-2014.xlsx
France,2014,Klebsiella pneumoniae,carbapenems,0.5,2103.0,European/2014/K pneumoniae/number-k-pneumoniae-isolates-and-percentage-resistant-carbapenems-2011-2014.xlsx
France,2015,Klebsiella pneumoniae,carbapenems,0.5,2244.0,"European/2015/Klebsiella, Tables 3-8 to 3-13.xlsx [Table 3.11]"
Germany,2010,Klebsiella pneumoniae,carbapenems,0.0,464.0,European/2013/Downloadables/K pneumoniae/number-k-pneumoniae-isolates-and-percentage-resistant-carbapenems-2010-2013.xlsx
Germany,2011,Klebsiella pneumoniae,carbapenems,0.0,512.0,European/2014/K pneumoniae/number-k-pneumoniae-isolates-and-percentage-resistant-carbapenems-2011-2014.xlsx
Germany,2012,Klebsiella pneumoniae,carbapenems,0.0,661.0,European/2014/K pneumoniae/number-k-pneumoniae-isolates-and-percentage-resistant-carbapenems-2011-2014.xlsx
Germany,2013,Klebsiella pneumoniae,carbapenems,0.7,743.0,European/2014/K pneumoniae/number-k-pneumoniae-isolates-and-percentage-resistant-carbapenems-2011-2014.xlsx
Germany,2014,Klebsiella pneumoniae,carbapenems,0.7,1006.0,European/2014/K pneumoniae/number-k-pneumoniae-isolates-and-percentage-resistant-carbapenems-2011-2014.xlsx
Germany,2015,Klebsiella pneumoniae,carbapenems,0.1,1520.0,"European/2015/Klebsiella, Tables 3-8 to 3-13.xlsx [Table 3.11]"
Greece,2010,Klebsiella pneumoniae,carbapenems,49.1,1687.0,European/2013/Downloadables/K pneumoniae/number-k-pneumoniae-isolates-and-percentage-resistant-carbapenems-2010-2013.xlsx
Greece,2011,Klebsiella pneumoniae,carbapenems,68.2,1636.0,European/2014/K pneumoniae/number-k-pneumoniae-isolates-and-percentage-resistant-carbapenems-2011-2014.xlsx
Greece,2012,Klebsiella pneumoniae,carbapenems,60.5,1460.0,European/2014/K pneumoniae/number-k-pneumoniae-isolates-and-percentage-resistant-carbapenems-2011-2014.xlsx
Greece,2013,Klebsiella pneumoniae,carbapenems,59.4,1209.0,European/2014/K pneumoniae/number-k-pneumoniae-isolates-and-percentage-resistant-carbapenems-2011-2014.xlsx
Greece,2014,Klebsiella pneumoniae,carbapenems,62.3,1088.0,European/2014/K pneumoniae/number-k-pneumoniae-isolates-and-percentage-resistant-carbapenems-2011-2014.xlsx
Greece,2015,Klebsiella pneumoniae,carbapenems,61.9,1185.0,"European/2015/Klebsiella, Tables 3-8 to 3-13.xlsx [Table 3.11]"
Hungary,2010,Klebsiella pneumoniae,carbapenems,5.5,491.0,European/2013/Downloadables/K pneumoniae/number-k-pneumoniae-isolates-and-percentage-resistant-carbapenems-2010-2013.xlsx
Hungary,2011,Klebsiella pneumoniae,carbapenems,1.9,413.0,European/2014/K pneumoniae/number-k-pneumoniae-isolates-and-percentage-resistant-carbapenems-2011-2014.xlsx
Hungary,2012,Klebsiella pneumoniae,carbapenems,2.9,481.0,European/2014/K pneumoniae/number-k-pneumoniae-isolates-and-percentage-resistant-carbapenems-2011-2014.xlsx
Hungary,2013,Klebsiella pneumoniae,carbapenems,1.7,531.0,European/2014/K pneumoniae/number-k-pneumoniae-isolates-and-percentage-resistant-carbapenems-2011-2014.xlsx
Hungary,2014,Klebsiella pneumoniae,carbapenems,1.1,621.0,European/2014/K pneumoniae/number-k-pneumoniae-isolates-and-percentage-resistant-carbapenems-2011-2014.xlsx
Hungary,2015,Klebsiella pneumoniae,carbapenems,0.1,687.0,"European/2015/Klebsiella, Tables 3-8 to 3-13.xlsx [Table 3.11]"
Iceland,2010,Klebsiella pneumoniae,carbapenems,0.0,27.0,European/2013/Downloadables/K pneumoniae/number-k-pneumoniae-isolates-and-percentage-resistant-carbapenems-2010-2013.xlsx
Iceland,2011,Klebsiella pneumoniae,carbapenems,0.0,24.0,European/2014/K pneumoniae/number-k-pneumoniae-isolates-and-percentage-resistant-carbapenems-2011-2014.xlsx
Iceland,2012,Klebsiella pneumoniae,carbapenems,0.0,16.0,European/2014/K pneumoniae/number-k-pneumoniae-isolates-and-percentage-resistant-carbapenems-2011-2014.xlsx
Iceland,2013,Klebsiella pneumoniae,carbapenems,0.0,30.0,European/2014/K pneumoniae/number-k-pneumoniae-isolates-and-percentage-resistant-carbapenems-2011-2014.xlsx
Iceland,2014,Klebsiella pneumoniae,carbapenems,0.0,25.0,European/2014/K pneumoniae/number-k-pneumoniae-isolates-and-percentage-resistant-carbapenems-2011-2014.xlsx
Iceland,2015,Klebsiella pneumoniae,carbapenems,0.0,35.0,"European/2015/Klebsiella, Tables 3-8 to 3-13.xlsx [Table 3.11]"
Ireland,2010,Klebsiella pneumoniae,carbapenems,0.0,301.0,European/2013/Downloadables/K pneumoniae/number-k-pneumoniae-isolates-and-percentage-resistant-carbapenems-2010-2013.xlsx
Ireland,2011,Klebsiella pneumoniae,carbapenems,0.3,302.0,European/2014/K pneumoniae/number-k-pneumoniae-isolates-and-percentage-resistant-carbapenems-2011-2014.xlsx
Ireland,2012,Klebsiella pneumoniae,carbapenems,0.0,338.0,European/2014/K pneumoniae/number-k-pneumoniae-isolates-and-percentage-resistant-carbapenems-2011-2014.xlsx
Ireland,2013,Klebsiella pneumoniae,carbapenems,0.3,317.0,European/2014/K pneumoniae/number-k-pneumoniae-isolates-and-percentage-resistant-carbapenems-2011-2014.xlsx
Ireland,2014,Klebsiella pneumoniae,carbapenems,0.6,353.0,European/2014/K pneumoniae/number-k-pneumoniae-isolates-and-percentage-resistant-carbapenems-2011-2014.xlsx
Ireland,2015,Klebsiella pneumoniae,carbapenems,0.5,389.0,"European/2015/Klebsiella, Tables 3-8 to 3-13.xlsx [Table 3.11]"
Italy,2010,Klebsiella pneumoniae,carbapenems,15.2,731.0,European/2013/Downloadables/K pneumoniae/number-k-pneumoniae-isolates-and-percentage-resistant-carbapenems-2010-2013.xlsx
Italy,2011,Klebsiella pneumoniae,carbapenems,26.7,615.0,European/2014/K pneumoniae/number-k-pneumoniae-isolates-and-percentage-resistant-carbapenems-2011-2014.xlsx
Italy,2012,Klebsiella pneumoniae,carbapenems,29.1,845.0,European/2014/K pneumoniae/number-k-pneumoniae-isolates-and-percentage-resistant-carbapenems-2011-2014.xlsx
Italy,2013,Klebsiella pneumoniae,carbapenems,34.3,1453.0,European/2014/K pneumoniae/number-k-pneumoniae-isolates-and-percentage-resistant-carbapenems-2011-2014.xlsx
Italy,2014,Klebsiella pneumoniae,carbapenems,32.9,1315.0,European/2014/K pneumoniae/number-k-pneumoniae-isolates-and-percentage-resistant-carbapenems-2011-2014.xlsx
Italy,2015,Klebsiella pneumoniae,carbapenems,33.5,1999.0,"European/2015/Klebsiella, Tables 3-8 to 3-13.xlsx [Table 3.11]"
Latvia,2010,Klebsiella pneumoniae,carbapenems,0.0,63.0,European/2013/Downloadables/K pneumoniae/number-k-pneumoniae-isolates-and-percentage-resistant-carbapenems-2010-2013.xlsx
Latvia,2011,Klebsiella pneumoniae,carbapenems,0.0,65.0,European/2014/K pneumoniae/number-k-pneumoniae-isolates-and-percentage-resistant-carbapenems-2011-2014.xlsx
Latvia,2012,Klebsiella pneumoniae,carbapenems,0.0,77.0,European/2014/K pneumoniae/number-k-pneumoniae-isolates-and-percentage-resistant-carbapenems-2011-2014.xlsx
Latvia,2013,Klebsiella pneumoniae,carbapenems,0.0,92.0,European/2014/K pneumoniae/number-k-pneumoniae-isolates-and-percentage-resistant-carbapenems-2011-2014.xlsx
Latvia,2014,Klebsiella pneumoniae,carbapenems,1.7,118.0,European/2014/K pneumoniae/number-k-pneumoniae-isolates-and-percentage-resistant-carbapenems-2011-2014.xlsx
Latvia,2015,Klebsiella pneumoniae,carbapenems,0.0,112.0,"European/2015/Klebsiella, Tables 3-8 to 3-13.xlsx [Table 3.11]"
Lithuania,2010,Klebsiella pneumoniae,carbapenems,0.0,43.0,European/2013/Downloadables/K pneumoniae/number-k-pneumoniae-isolates-and-percentage-resistant-carbapenems-2010-2013.xlsx
Lithuania,2011,Klebsiella pneumoniae,carbapenems,0.0,19.0,European/2014/K pneumoniae/number-k-pneumoniae-isolates-and-percentage-resistant-carbapenems-2011-2014.xlsx
Lithuania,2012,Klebsiella pneumoniae,carbapenems,0.0,185.0,European/2014/K pneumoniae/number-k-pneumoniae-isolates-and-percentage-resistant-carbapenems-2011-2014.xlsx
Lithuania,2013,Klebsiella pneumoniae,carbapenems,0.0,144.0,European/2014/K pneumoniae/number-k-pneumoniae-isolates-and-percentage-resistant-carbapenems-2011-2014.xlsx
Lithuania,2014,Klebsiella pneumoniae,carbapenems,1.3,154.0,European/2014/K pneumoniae/number-k-pneumoniae-isolates-and-percentage-resistant-carbapenems-2011-2014.xlsx
Lithuania,2015,Klebsiella pneumoniae,carbapenems,0.0,177.0,"European/2015/Klebsiella, Tables 3-8 to 3-13.xlsx [Table 3.11]"
Luxembourg,2010,Klebsiella pneumoniae,carbapenems,0.0,57.0,European/2013/Downloadables/K pneumoniae/number-k-pneumoniae-isolates-and-percentage-resistant-carbapenems-2010-2013.xlsx
Luxembourg,2011,Klebsiella pneumoniae,carbapenems,0.0,48.0,European/2014/K pneumoniae/number-k-pneumoniae-isolates-and-percentage-resistant-carbapenems-2011-2014.xlsx
Luxembourg,2012,Klebsiella pneumoniae,carbapenems,0.0,48.0,European/2014/K pneumoniae/number-k-pneumoniae-isolates-and-percentage-resistant-carbapenems-2011-2014.xlsx
Luxembourg,2013,Klebsiella pneumoniae,carbapenems,1.9,53.0,European/2014/K pneumoniae/number-k-pneumoniae-isolates-and-percentage-resistant-carbapenems-2011-2014.xlsx
Luxembourg,2014,Klebsiella pneumoniae,carbapenems,1.5,66.0,European/2014/K pneumoniae/number-k-pneumoniae-isolates-and-percentage-resistant-carbapenems-2011-2014.xlsx
Luxembourg,2015,Klebsiella pneumoniae,carbapenems,0.0,60.0,"European/2015/Klebsiella, Tables 3-8 to 3-13.xlsx [Table 3.11]"
Malta,2010,Klebsiella pneumoniae,carbapenems,0.0,57.0,European/2013/Downloadables/K pneumoniae/number-k-pneumoniae-isolates-and-percentage-resistant-carbapenems-2010-2013.xlsx
Malta,2011,Klebsiella pneumoniae,carbapenems,3.8,52.0,European/2014/K pneumoniae/number-k-pneumoniae-isolates-and-percentage-resistant-carbapenems-2011-2014.xlsx
Malta,2012,Klebsiella pneumoniae,carbapenems,3.5,57.0,European/2014/K pneumoniae/number-k-pneumoniae-isolates-and-percentage-resistant-carbapenems-2011-2014.xlsx
Malta,2013,Klebsiella pneumoniae,carbapenems,5.8,69.0,European/2014/K pneumoniae/number-k-pneumoniae-isolates-and-percentage-resistant-carbapenems-2011-2014.xlsx
Malta,2014,Klebsiella pneumoniae,carbapenems,9.9,101.0,European/2014/K pneumoniae/number-k-pneumoniae-isolates-and-percentage-resistant-carbapenems-2011-2014.xlsx
Malta,2015,Klebsiella pneumoniae,carbapenems,5.4,92.0,"European/2015/Klebsiella, Tables 3-8 to 3-13.xlsx [Table 3.11]"
Netherlands,2010,Klebsiella pneumoniae,carbapenems,0.3,640.0,European/2013/Downloadables/K pneumoniae/number-k-pneumoniae-isolates-and-percentage-resistant-carbapenems-2010-2013.xlsx
Netherlands,2011,Klebsiella pneumoniae,carbapenems,0.3,722.0,European/2014/K pneumoniae/number-k-pneumoniae-isolates-and-percentage-resistant-carbapenems-2011-2014.xlsx
Netherlands,2012,Klebsiella pneumoniae,carbapenems,0.1,684.0,European/2014/K pneumoniae/number-k-pneumoniae-isolates-and-percentage-resistant-carbapenems-2011-2014.xlsx
Netherlands,2013,Klebsiella pneumoniae,carbapenems,0.2,646.0,European/2014/K pneumoniae/number-k-pneumoniae-isolates-and-percentage-resistant-carbapenems-2011-2014.xlsx
Netherlands,2014,Klebsiella pneumoniae,carbapenems,0.2,903.0,European/2014/K pneumoniae/number-k-pneumoniae-isolates-and-percentage-resistant-carbapenems-2011-2014.xlsx
Netherlands,2015,Klebsiella pneumoniae,carbapenems,0.1,907.0,"European/2015/Klebsiella, Tables 3-8 to 3-13.xlsx [Table 3.11]"
Norway,2010,Klebsiella pneumoniae,carbapenems,0.0,448.0,European/2013/Downloadables/K pneumoniae/number-k-pneumoniae-isolates-and-percentage-resistant-carbapenems-2010-2013.xlsx
Norway,2011,Klebsiella pneumoniae,carbapenems,0.0,443.0,European/2014/K pneumoniae/number-k-pneumoniae-isolates-and-percentage-resistant-carbapenems-2011-2014.xlsx
Norway,2012,Klebsiella pneumoniae,carbapenems,0.5,623.0,European/2014/K pneumoniae/number-k-pneumoniae-isolates-and-percentage-resistant-carbapenems-2011-2014.xlsx
Norway,2013,Klebsiella pneumoniae,carbapenems,0.2,645.0,European/2014/K pneumoniae/number-k-pneumoniae-isolates-and-percentage-resistant-carbapenems-2011-2014.xlsx
Norway,2014,Klebsiella pneumoniae,carbapenems,0.0,746.0,European/2014/K pneumoniae/number-k-pneumoniae-isolates-and-percentage-resistant-carbapenems-2011-2014.xlsx
Norway,2015,Klebsiella pneumoniae,carbapenems,0.1,700.0,"European/2015/Klebsiella, Tables 3-8 to 3-13.xlsx [Table 3.11]"
Poland,2010,Klebsiella pneumoniae,carbapenems,0.0,238.0,European/2013/Downloadables/K pneumoniae/number-k-pneumoniae-isolates-and-percentage-resistant-carbapenems-2010-2013.xlsx
Poland,2011,Klebsiella pneumoniae,carbapenems,0.5,376.0,European/2014/K pneumoniae/number-k-pneumoniae-isolates-and-percentage-resistant-carbapenems-2011-2014.xlsx
Poland,2012,Klebsiella pneumoniae,carbapenems,0.8,359.0,European/2014/K pneumoniae/number-k-pneumoniae-isolates-and-percentage-resistant-carbapenems-2011-2014.xlsx
Poland,2013,Klebsiella pneumoniae,carbapenems,0.8,370.0,European/2014/K pneumoniae/number-k-pneumoniae-isolates-and-percentage-resistant-carbapenems-2011-2014.xlsx
Poland,2014,Klebsiella pneumoniae,carbapenems,1.3,451.0,"European/2015/Klebsiella, Tables 3-8 to 3-13.xlsx [Table 3.11]"
Poland,2015,Klebsiella pneumoniae,carbapenems,0.5,660.0,"European/2015/Klebsiella, Tables 3-8 to 3-13.xlsx [Table 3.11]"
Portugal,2010,Klebsiella pneumoniae,carbapenems,1.4,443.0,European/2013/Downloadables/K pneumoniae/number-k-pneumoniae-isolates-and-percentage-resistant-carbapenems-2010-2013.xlsx
Portugal,2011,Klebsiella pneumoniae,carbapenems,0.3,580.0,European/2014/K pneumoniae/number-k-pneumoniae-isolates-and-percentage-resistant-carbapenems-2011-2014.xlsx
Portugal,2012,Klebsiella pneumoniae,carbapenems,0.7,749.0,European/2014/K pneumoniae/number-k-pneumoniae-isolates-and-percentage-resistant-carbapenems-2011-2014.xlsx
Portugal,2013,Klebsiella pneumoniae,carbapenems,1.8,904.0,European/2014/K pneumoniae/number-k-pneumoniae-isolates-and-percentage-resistant-carbapenems-2011-2014.xlsx
Portugal,2014,Klebsiella pneumoniae,carbapenems,1.8,1701.0,European/2014/K pneumoniae/number-k-pneumoniae-isolates-and-percentage-resistant-carbapenems-2011-2014.xlsx
Portugal,2015,Klebsiella pneumoniae,carbapenems,3.4,2085.0,"European/2015/Klebsiella, Tables 3-8 to 3-13.xlsx [Table 3.11]"
Romania,2010,Klebsiella pneumoniae,carbapenems,0.0,14.0,European/2013/Downloadables/K pneumoniae/number-k-pneumoniae-isolates-and-percentage-resistant-carbapenems-2010-2013.xlsx
Romania,2011,Klebsiella pneumoniae,carbapenems,0.0,10.0,European/2014/K pneumoniae/number-k-pneumoniae-isolates-and-percentage-resistant-carbapenems-2011-2014.xlsx
Romania,2012,Klebsiella pneumoniae,carbapenems,13.7,102.0,European/2014/K pneumoniae/number-k-pneumoniae-isolates-and-percentage-resistant-carbapenems-2011-2014.xlsx
Romania,2013,Klebsiella pneumoniae,carbapenems,20.5,215.0,European/2014/K pneumoniae/number-k-pneumoniae-isolates-and-percentage-resistant-carbapenems-2011-2014.xlsx
Romania,2014,Klebsiella pneumoniae,carbapenems,31.5,257.0,European/2014/K pneumoniae/number-k-pneumoniae-isolates-and-percentage-resistant-carbapenems-2011-2014.xlsx
Romania,2015,Klebsiella pneumoniae,carbapenems,24.7,271.0,"European/2015/Klebsiella, Tables 3-8 to 3-13.xlsx [Table 3.11]"
Slovakia,2011,Klebsiella pneumoniae,carbapenems,0.7,434.0,European/2014/K pneumoniae/number-k-pneumoniae-isolates-and-percentage-resistant-carbapenems-2011-2014.xlsx
Slovakia,2012,Klebsiella pneumoniae,carbapenems,6.3,331.0,European/2014/K pneumoniae/number-k-pneumoniae-isolates-and-percentage-resistant-carbapenems-2011-2014.xlsx
Slovakia,2013,Klebsiella pneumoniae,carbapenems,0.6,342.0,European/2014/K pneumoniae/number-k-pneumoniae-isolates-and-percentage-resistant-carbapenems-2011-2014.xlsx
Slovakia,2014,Klebsiella pneumoniae,carbapenems,2.6,456.0,European/2014/K pneumoniae/number-k-pneumoniae-isolates-and-percentage-resistant-carbapenems-2011-2014.xlsx
Slovakia,2015,Klebsiella pneumoniae,carbapenems,0.9,436.0,"European/2015/Klebsiella, Tables 3-8 to 3-13.xlsx [Table 3.11]"
Slovenia,2010,Klebsiella pneumoniae,carbapenems,0.5,195.0,European/2013/Downloadables/K pneumoniae/number-k-pneumoniae-isolates-and-percentage-resistant-carbapenems-2010-2013.xlsx
Slovenia,2011,Klebsiella pneumoniae,carbapenems,0.0,232.0,European/2014/K pneumoniae/number-k-pneumoniae-isolates-and-percentage-resistant-carbapenems-2011-2014.xlsx
Slovenia,2012,Klebsiella pneumoniae,carbapenems,0.4,254.0,European/2014/K pneumoniae/number-k-pneumoniae-isolates-and-percentage-resistant-carbapenems-2011-2014.xlsx
Slovenia,2013,Klebsiella pneumoniae,carbapenems,0.4,245.0,European/2014/K pneumoniae/number-k-pneumoniae-isolates-and-percentage-resistant-carbapenems-2011-2014.xlsx
Slovenia,2014,Klebsiella pneumoniae,carbapenems,0.9,233.0,European/2014/K pneumoniae/number-k-pneumoniae-isolates-and-percentage-resistant-carbapenems-2011-2014.xlsx
Slovenia,2015,Klebsiella pneumoniae,carbapenems,1.3,237.0,"European/2015/Klebsiella, Tables 3-8 to 3-13.xlsx [Table 3.11]"
Spain,2010,Klebsiella pneumoniae,carbapenems,0.0,1161.0,European/2013/Downloadables/K pneumoniae/number-k-pneumoniae-isolates-and-percentage-resistant-carbapenems-2010-2013.xlsx
Spain,2011,Klebsiella pneumoniae,carbapenems,0.3,1144.0,European/2014/K pneumoniae/number-k-pneumoniae-isolates-and-percentage-resistant-carbapenems-2011-2014.xlsx
Spain,2012,Klebsiella pneumoniae,carbapenems,0.8,1152.0,European/2014/K pneumoniae/number-k-pneumoniae-isolates-and-percentage-resistant-carbapenems-2011-2014.xlsx
Spain,2013,Klebsiella pneumoniae,carbapenems,1.6,1241.0,European/2014/K pneumoniae/number-k-pneumoniae-isolates-and-percentage-resistant-carbapenems-2011-2014.xlsx
Spain,2014,Klebsiella pneumoniae,carbapenems,2.3,1266.0,European/2014/K pneumoniae/number-k-pneumoniae-isolates-and-percentage-resistant-carbapenems-2011-2014.xlsx
Spain,2015,Klebsiella pneumoniae,carbapenems,2.2,1483.0,"European/2015/Klebsiella, Tables 3-8 to 3-13.xlsx [Table 3.11]"
Sweden,2010,Klebsiella pneumoniae,carbapenems,0.3,655.0,European/2013/Downloadables/K pneumoniae/number-k-pneumoniae-isolates-and-percentage-resistant-carbapenems-2010-2013.xlsx
Sweden,2011,Klebsiella pneumoniae,carbapenems,0.0,941.0,European/2014/K pneumoniae/number-k-pneumoniae-isolates-and-percentage-resistant-carbapenems-2011-2014.xlsx
Sweden,2012,Klebsiella pneumoniae,carbapenems,0.0,977.0,European/2014/K pneumoniae/number-k-pneumoniae-isolates-and-percentage-resistant-carbapenems-2011-2014.xlsx
Sweden,2013,Klebsiella pneumoniae,carbapenems,0.0,1269.0,European/2014/K pneumoniae/number-k-pneumoniae-isolates-and-percentage-resistant-carbapenems-2011-2014.xlsx
Sweden,2014,Klebsiella pneumoniae,carbapenems,0.0,978.0,European/2014/K pneumoniae/number-k-pneumoniae-isolates-and-percentage-resistant-carbapenems-2011-2014.xlsx
Sweden,2015,Klebsiella pneumoniae,carbapenems,0.0,900.0,"European/2015/Klebsiella, Tables 3-8 to 3-13.xlsx [Table 3.11]"
United Kingdom,2010,Klebsiella pneumoniae,carbapenems,0.1,677.0,European/2013/Downloadables/K pneumoniae/number-k-pneumoniae-isolates-and-percentage-resistant-carbapenems-2010-2013.xlsx
United Kingdom,2011,Klebsiella pneumoniae,carbapenems,0.4,825.0,European/2014/K pneumoniae/number-k-pneumoniae-isolates-and-percentage-resistant-carbapenems-2011-2014.xlsx
United Kingdom,2012,Klebsiella pneumoniae,carbapenems,0.5,888.0,European/2014/K pneumoniae/number-k-pneumoniae-isolates-and-percentage-resistant-carbapenems-2011-2014.xlsx
United Kingdom,2013,Klebsiella pneumoniae,carbapenems,0.5,1051.0,European/2014/K pneumoniae/number-k-pneumoniae-isolates-and-percentage-resistant-carbapenems-2011-2014.xlsx
United Kingdom,2014,Klebsiella pneumoniae,carbapenems,0.8,1068.0,European/2014/K pneumoniae/number-k-pneumoniae-isolates-and-percentage-resistant-carbapenems-2011-2014.xlsx
United Kingdom,2015,Klebsiella pneumoniae,carbapenems,0.4,962.0,"European/2015/Klebsiella, Tables 3-8 to 3-13.xlsx [Table 3.11]"
Austria,2010,Klebsiella pneumoniae,combined resistance,1.8,716.0,European/2013/Downloadables/K pneumoniae/number-k-pneumoniae-isolates-and-percentage-combined-resistance-2010-2013.xlsx
Austria,2011,Klebsiella pneumoniae,combined resistance,4.1,785.0,European/2014/K pneumoniae/number-k-pneumoniae-isolates-and-percentage-combined-resistance-2011-2014.xlsx
Austria,2012,Klebsiella pneumoniae,combined resistance,4.2,828.0,European/2014/K pneumoniae/number-k-pneumoniae-isolates-and-percentage-combined-resistance-2011-2014.xlsx
Austria,2013,Klebsiella pneumoniae,combined resistance,3.8,919.0,European/2014/K pneumoniae/number-k-pneumoniae-isolates-and-percentage-combined-resistance-2011-2014.xlsx
Austria,2014,Klebsiella pneumoniae,combined resistance,3.4,969.0,European/2014/K pneumoniae/number-k-pneumoniae-isolates-and-percentage-combined-resistance-2011-2014.xlsx
Belgium,2010,Klebsiella pneumoniae,combined resistance,0.8,132.0,European/2013/Downloadables/K pneumoniae/number-k-pneumoniae-isolates-and-percentage-combined-resistance-2010-2013.xlsx
Belgium,2011,Klebsiella pneumoniae,combined resistance,4.9,587.0,European/2014/K pneumoniae/number-k-pneumoniae-isolates-and-percentage-combined-resistance-2011-2014.xlsx
Belgium,2012,Klebsiella pneumoniae,combined resistance,8.2,477.0,European/2014/K pneumoniae/number-k-pneumoniae-isolates-and-percentage-combined-resistance-2011-2014.xlsx
Belgium,2013,Klebsiella pneumoniae,combined resistance,7.0,555.0,European/2014/K pneumoniae/number-k-pneumoniae-isolates-and-percentage-combined-resistance-2011-2014.xlsx
Belgium,2014,Klebsiella pneumoniae,combined resistance,7.9,354.0,European/2014/K pneumoniae/number-k-pneumoniae-isolates-and-percentage-combined-resistance-2011-2014.xlsx
Bulgaria,2010,Klebsiella pneumoniae,combined resistance,43.7,126.0,European/2013/Downloadables/K pneumoniae/number-k-pneumoniae-isolates-and-percentage-combined-resistance-2010-2013.xlsx
Bulgaria,2011,Klebsiella pneumoniae,combined resistance,45.8,120.0,European/2014/K pneumoniae/number-k-pneumoniae-isolates-and-percentage-combined-resistance-2011-2014.xlsx
Bulgaria,2012,Klebsiella pneumoniae,combined resistance,36.2,127.0,European/2014/K pneumoniae/number-k-pneumoniae-isolates-and-percentage-combined-resistance-2011-2014.xlsx
Bulgaria,2013,Klebsiella pneumoniae,combined resistance,36.2,138.0,European/2014/K pneumoniae/number-k-pneumoniae-isolates-and-percentage-combined-resistance-2011-2014.xlsx
Bulgaria,2014,Klebsiella pneumoniae,combined resistance,41.7,151.0,European/2014/K pneumoniae/number-k-pneumoniae-isolates-and-percentage-combined-resistance-2011-2014.xlsx
Croatia,2010,Klebsiella pneumoniae,combined resistance,35.3,278.0,European/2013/Downloadables/K pneumoniae/number-k-pneumoniae-isolates-and-percentage-combined-resistance-2010-2013.xlsx
Croatia,2011,Klebsiella pneumoniae,combined resistance,30.5,292.0,European/2014/K pneumoniae/number-k-pneumoniae-isolates-and-percentage-combined-resistance-2011-2014.xlsx
Croatia,2012,Klebsiella pneumoniae,combined resistance,30.8,331.0,European/2014/K pneumoniae/number-k-pneumoniae-isolates-and-percentage-combined-resistance-2011-2014.xlsx
Croatia,2013,Klebsiella pneumoniae,combined resistance,29.8,373.0,European/2014/K pneumoniae/number-k-pneumoniae-isolates-and-percentage-combined-resistance-2011-2014.xlsx
Croatia,2014,Klebsiella pneumoniae,combined resistance,30.9,330.0,European/2014/K pneumoniae/number-k-pneumoniae-isolates-and-percentage-combined-resistance-2011-2014.xlsx
Cyprus,2010,Klebsiella pneumoniae,combined resistance,19.4,67.0,European/2013/Downloadables/K pneumoniae/number-k-pneumoniae-isolates-and-percentage-combined-resistance-2010-2013.xlsx
Cyprus,2011,Klebsiella pneumoniae,combined resistance,25.3,83.0,European/2014/K pneumoniae/number-k-pneumoniae-isolates-and-percentage-combined-resistance-2011-2014.xlsx
Cyprus,2012,Klebsiella pneumoniae,combined resistance,10.8,65.0,European/2014/K pneumoniae/number-k-pneumoniae-isolates-and-percentage-combined-resistance-2011-2014.xlsx
Cyprus,2013,Klebsiella pneumoniae,combined resistance,8.8,68.0,European/2014/K pneumoniae/number-k-pneumoniae-isolates-and-percentage-combined-resistance-2011-2014.xlsx
Cyprus,2014,Klebsiella pneumoniae,combined resistance,15.0,80.0,European/2014/K pneumoniae/number-k-pneumoniae-isolates-and-percentage-combined-resistance-2011-2014.xlsx
Czech Republic,2010,Klebsiella pneumoniae,combined resistance,35.9,1244.0,European/2013/Downloadables/K pneumoniae/number-k-pneumoniae-isolates-and-percentage-combined-resistance-2010-2013.xlsx
Czech Republic,2011,Klebsiella pneumoniae,combined resistance,36.0,1283.0,European/2014/K pneumoniae/number-k-pneumoniae-isolates-and-percentage-combined-resistance-2011-2014.xlsx
Czech Republic,2012,Klebsiella pneumoniae,combined resistance,41.8,1399.0,European/2014/K pneumoniae/number-k-pneumoniae-isolates-and-percentage-combined-resistance-2011-2014.xlsx
Czech Republic,2013,Klebsiella pneumoniae,combined resistance,38.3,1291.0,European/2014/K pneumoniae/number-k-pneumoniae-isolates-and-percentage-combined-resistance-2011-2014.xlsx
Czech Republic,2014,Klebsiella pneumoniae,combined resistance,38.7,1382.0,European/2014/K pneumoniae/number-k-pneumoniae-isolates-and-percentage-combined-resistance-2011-2014.xlsx
Denmark,2010,Klebsiella pneumoniae,combined resistance,5.4,557.0,European/2013/Downloadables/K pneumoniae/number-k-pneumoniae-isolates-and-percentage-combined-resistance-2010-2013.xlsx
Denmark,2011,Klebsiella pneumoniae,combined resistance,4.9,633.0,European/2014/K pneumoniae/number-k-pneumoniae-isolates-and-percentage-combined-resistance-2011-2014.xlsx
Denmark,2012,Klebsiella pneumoniae,combined resistance,3.1,577.0,European/2014/K pneumoniae/number-k-pneumoniae-isolates-and-percentage-combined-resistance-2011-2014.xlsx
Denmark,2013,Klebsiella pneumoniae,combined resistance,3.5,519.0,European/2014/K pneumoniae/number-k-pneumoniae-isolates-and-percentage-combined-resistance-2011-2014.xlsx
Denmark,2014,Klebsiella pneumoniae,combined resistance,3.1,925.0,European/2014/K pneumoniae/number-k-pneumoniae-isolates-and-percentage-combined-resistance-2011-2014.xlsx
Estonia,2010,Klebsiella pneumoniae,combined resistance,15.9,63.0,European/2013/Downloadables/K pneumoniae/number-k-pneumoniae-isolates-and-percentage-combined-resistance-2010-2013.xlsx
Estonia,2011,Klebsiella pneumoniae,combined resistance,19.0,42.0,European/2014/K pneumoniae/number-k-pneumoniae-isolates-and-percentage-combined-resistance-2011-2014.xlsx
Estonia,2012,Klebsiella pneumoniae,combined resistance,10.5,86.0,European/2014/K pneumoniae/number-k-pneumoniae-isolates-and-percentage-combined-resistance-2011-2014.xlsx
Estonia,2013,Klebsiella pneumoniae,combined resistance,9.0,89.0,European/2014/K pneumoniae/number-k-pneumoniae-isolates-and-percentage-combined-resistance-2011-2014.xlsx
Estonia,2014,Klebsiella pneumoniae,combined resistance,11.4,132.0,European/2014/K pneumoniae/number-k-pneumoniae-isolates-and-percentage-combined-resistance-2011-2014.xlsx
Finland,2010,Klebsiella pneumoniae,combined resistance,1.4,368.0,European/2013/Downloadables/K pneumoniae/number-k-pneumoniae-isolates-and-percentage-combined-resistance-2010-2013.xlsx
Finland,2011,Klebsiella pneumoniae,combined resistance,1.2,404.0,European/2014/K pneumoniae/number-k-pneumoniae-isolates-and-percentage-combined-resistance-2011-2014.xlsx
Finland,2012,Klebsiella pneumoniae,combined resistance,0.2,516.0,European/2014/K pneumoniae/number-k-pneumoniae-isolates-and-percentage-combined-resistance-2011-2014.xlsx
Finland,2013,Klebsiella pneumoniae,combined resistance,0.4,510.0,European/2014/K pneumoniae/number-k-pneumoniae-isolates-and-percentage-combined-resistance-2011-2014.xlsx
Finland,2014,Klebsiella pneumoniae,combined resistance,1.4,556.0,European/2014/K pneumoniae/number-k-pneumoniae-isolates-and-percentage-combined-resistance-2011-2014.xlsx
France,2010,Klebsiella pneumoniae,combined resistance,14.8,1527.0,European/2013/Downloadables/K pneumoniae/number-k-pneumoniae-isolates-and-percentage-combined-resistance-2010-2013.xlsx
France,2011,Klebsiella pneumoniae,combined resistance,19.5,1647.0,European/2014/K pneumoniae/number-k-pneumoniae-isolates-and-percentage-combined-resistance-2011-2014.xlsx
France,2012,Klebsiella pneumoniae,combined resistance,19.4,1097.0,European/2014/K pneumoniae/number-k-pneumoniae-isolates-and-percentage-combined-resistance-2011-2014.xlsx
France,2013,Klebsiella pneumoniae,combined resistance,22.9,1916.0,European/2014/K pneumoniae/number-k-pneumoniae-isolates-and-percentage-combined-resistance-2011-2014.xlsx
France,2014,Klebsiella pneumoniae,combined resistance,23.8,2175.0,European/2014/K pneumoniae/number-k-pneumoniae-isolates-and-percentage-combined-resistance-2011-2014.xlsx
Germany,2010,Klebsiella pneumoniae,combined resistance,7.5,478.0,European/2013/Downloadables/K pneumoniae/number-k-pneumoniae-isolates-and-percentage-combined-resistance-2010-2013.xlsx
Germany,2011,Klebsiella pneumoniae,combined resistance,6.9,518.0,European/2014/K pneumoniae/number-k-pneumoniae-isolates-and-percentage-combined-resistance-2011-2014.xlsx
Germany,2012,Klebsiella pneumoniae,combined resistance,6.2,663.0,European/2014/K pneumoniae/number-k-pneumoniae-isolates-and-percentage-combined-resistance-2011-2014.xlsx
Germany,2013,Klebsiella pneumoniae,combined resistance,6.9,742.0,European/2014/K pneumoniae/number-k-pneumoniae-isolates-and-percentage-combined-resistance-2011-2014.xlsx
Germany,2014,Klebsiella pneumoniae,combined resistance,5.3,979.0,European/2014/K pneumoniae/number-k-pneumoniae-isolates-and-percentage-combined-resistance-2011-2014.xlsx
Greece,2010,Klebsiella pneumoniae,combined resistance,57.4,1668.0,European/2013/Downloadables/K pneumoniae/number-k-pneumoniae-isolates-and-percentage-combined-resistance-2010-2013.xlsx
Greece,2011,Klebsiella pneumoniae,combined resistance,64.1,1630.0,European/2014/K pneumoniae/number-k-pneumoniae-isolates-and-percentage-combined-resistance-2011-2014.xlsx
Greece,2012,Klebsiella pneumoniae,combined resistance,59.9,1427.0,European/2014/K pneumoniae/number-k-pneumoniae-isolates-and-percentage-combined-resistance-2011-2014.xlsx
Greece,2013,Klebsiella pneumoniae,combined resistance,55.4,1166.0,European/2014/K pneumoniae/number-k-pneumoniae-isolates-and-percentage-combined-resistance-2011-2014.xlsx
Greece,2014,Klebsiella pneumoniae,combined resistance,56.8,1063.0,European/2014/K pneumoniae/number-k-pneumoniae-isolates-and-percentage-combined-resistance-2011-2014.xlsx
Hungary,2010,Klebsiella pneumoniae,combined resistance,37.8,502.0,European/2013/Downloadables/K pneumoniae/number-k-pneumoniae-isolates-and-percentage-combined-resistance-2010-2013.xlsx
Hungary,2011,Klebsiella pneumoniae,combined resistance,46.0,417.0,European/2014/K pneumoniae/number-k-pneumoniae-isolates-and-percentage-combined-resistance-2011-2014.xlsx
Hungary,2012,Klebsiella pneumoniae,combined resistance,37.5,485.0,European/2014/K pneumoniae/number-k-pneumoniae-isolates-and-percentage-combined-resistance-2011-2014.xlsx
Hungary,2013,Klebsiella pneumoniae,combined resistance,32.1,551.0,European/2014/K pneumoniae/number-k-pneumoniae-isolates-and-percentage-combined-resistance-2011-2014.xlsx
Hungary,2014,Klebsiella pneumoniae,combined resistance,28.9,636.0,European/2014/K pneumoniae/number-k-pneumoniae-isolates-and-percentage-combined-resistance-2011-2014.xlsx
Iceland,2010,Klebsiella pneumoniae,combined resistance,0.0,24.0,European/2013/Downloadables/K pneumoniae/number-k-pneumoniae-isolates-and-percentage-combined-resistance-2010-2013.xlsx
Iceland,2011,Klebsiella pneumoniae,combined resistance,0.0,24.0,European/2014/K pneumoniae/number-k-pneumoniae-isolates-and-percentage-combined-resistance-2011-2014.xlsx
Iceland,2012,Klebsiella pneumoniae,combined resistance,0.0,14.0,European/2014/K pneumoniae/number-k-pneumoniae-isolates-and-percentage-combined-resistance-2011-2014.xlsx
Iceland,2013,Klebsiella pneumoniae,combined resistance,0.0,28.0,European/2014/K pneumoniae/number-k-pneumoniae-isolates-and-percentage-combined-resistance-2011-2014.xlsx
Iceland,2014,Klebsiella pneumoniae,combined resistance,0.0,28.0,European/2014/K pneumoniae/number-k-pneumoniae-isolates-and-percentage-combined-resistance-2011-2014.xlsx
Ireland,2010,Klebsiella pneumoniae,combined resistance,2.2,318.0,European/2013/Downloadables/K pneumoniae/number-k-pneumoniae-isolates-and-percentage-combined-resistance-2010-2013.xlsx
Ireland,2011,Klebsiella pneumoniae,combined resistance,3.3,303.0,European/2014/K pneumoniae/number-k-pneumoniae-isolates-and-percentage-combined-resistance-2011-2014.xlsx
Ireland,2012,Klebsiella pneumoniae,combined resistance,3.4,326.0,European/2014/K pneumoniae/number-k-pneumoniae-isolates-and-percentage-combined-resistance-2011-2014.xlsx
Ireland,2013,Klebsiella pneumoniae,combined resistance,7.9,316.0,European/2014/K pneumoniae/number-k-pneumoniae-isolates-and-percentage-combined-resistance-2011-2014.xlsx
Ireland,2014,Klebsiella pneumoniae,combined resistance,7.3,354.0,European/2014/K pneumoniae/number-k-pneumoniae-isolates-and-percentage-combined-resistance-2011-2014.xlsx
Italy,2010,Klebsiella pneumoniae,combined resistance,26.3,685.0,European/2013/Downloadables/K pneumoniae/number-k-pneumoniae-isolates-and-percentage-combined-resistance-2010-2013.xlsx
Italy,2011,Klebsiella pneumoniae,combined resistance,32.9,566.0,European/2014/K pneumoniae/number-k-pneumoniae-isolates-and-percentage-combined-resistance-2011-2014.xlsx
Italy,2012,Klebsiella pneumoniae,combined resistance,40.2,758.0,European/2014/K pneumoniae/number-k-pneumoniae-isolates-and-percentage-combined-resistance-2011-2014.xlsx
Italy,2013,Klebsiella pneumoniae,combined resistance,41.8,1403.0,European/2014/K pneumoniae/number-k-pneumoniae-isolates-and-percentage-combined-resistance-2011-2014.xlsx
Italy,2014,Klebsiella pneumoniae,combined resistance,44.0,1170.0,European/2014/K pneumoniae/number-k-pneumoniae-isolates-and-percentage-combined-resistance-2011-2014.xlsx
Latvia,2010,Klebsiella pneumoniae,combined resistance,49.2,63.0,European/2013/Downloadables/K pneumoniae/number-k-pneumoniae-isolates-and-percentage-combined-resistance-2010-2013.xlsx
Latvia,2011,Klebsiella pneumoniae,combined resistance,33.3,63.0,European/2014/K pneumoniae/number-k-pneumoniae-isolates-and-percentage-combined-resistance-2011-2014.xlsx
Latvia,2012,Klebsiella pneumoniae,combined resistance,42.3,78.0,European/2014/K pneumoniae/number-k-pneumoniae-isolates-and-percentage-combined-resistance-2011-2014.xlsx
Latvia,2013,Klebsiella pneumoniae,combined resistance,39.8,88.0,European/2014/K pneumoniae/number-k-pneumoniae-isolates-and-percentage-combined-resistance-2011-2014.xlsx
Latvia,2014,Klebsiella pneumoniae,combined resistance,41.3,104.0,European/2014/K pneumoniae/number-k-pneumoniae-isolates-and-percentage-combined-resistance-2011-2014.xlsx
Lithuania,2010,Klebsiella pneumoniae,combined resistance,32.5,80.0,European/2013/Downloadables/K pneumoniae/number-k-pneumoniae-isolates-and-percentage-combined-resistance-2010-2013.xlsx
Lithuania,2011,Klebsiella pneumoniae,combined resistance,43.1,137.0,European/2014/K pneumoniae/number-k-pneumoniae-isolates-and-percentage-combined-resistance-2011-2014.xlsx
Lithuania,2012,Klebsiella pneumoniae,combined resistance,52.2,184.0,European/2014/K pneumoniae/number-k-pneumoniae-isolates-and-percentage-combined-resistance-2011-2014.xlsx
Lithuania,2013,Klebsiella pneumoniae,combined resistance,33.3,144.0,European/2014/K pneumoniae/number-k-pneumoniae-isolates-and-percentage-combined-resistance-2011-2014.xlsx
Lithuania,2014,Klebsiella pneumoniae,combined resistance,35.1,154.0,European/2014/K pneumoniae/number-k-pneumoniae-isolates-and-percentage-combined-resistance-2011-2014.xlsx
Luxembourg,2010,Klebsiella pneumoniae,combined resistance,3.4,59.0,European/2013/Downloadables/K pneumoniae/number-k-pneumoniae-isolates-and-percentage-combined-resistance-2010-2013.xlsx
Luxembourg,2011,Klebsiella pneumoniae,combined resistance,27.1,48.0,European/2014/K pneumoniae/number-k-pneumoniae-isolates-and-percentage-combined-resistance-2011-2014.xlsx
Luxembourg,2012,Klebsiella pneumoniae,combined resistance,20.0,50.0,European/2014/K pneumoniae/number-k-pneumoniae-isolates-and-percentage-combined-resistance-2011-2014.xlsx
Luxembourg,2013,Klebsiella pneumoniae,combined resistance,17.0,53.0,European/2014/K pneumoniae/number-k-pneumoniae-isolates-and-percentage-combined-resistance-2011-2014.xlsx
Luxembourg,2014,Klebsiella pneumoniae,combined resistance,16.7,66.0,European/2014/K pneumoniae/number-k-pneumoniae-isolates-and-percentage-combined-resistance-2011-2014.xlsx
Malta,2010,Klebsiella pneumoniae,combined resistance,5.3,57.0,European/2013/Downloadables/K pneumoniae/number-k-pneumoniae-isolates-and-percentage-combined-resistance-2010-2013.xlsx
Malta,2011,Klebsiella pneumoniae,combined resistance,3.8,52.0,European/2014/K pneumoniae/number-k-pneumoniae-isolates-and-percentage-combined-resistance-2011-2014.xlsx
Malta,2012,Klebsiella pneumoniae,combined resistance,19.3,57.0,European/2014/K pneumoniae/number-k-pneumoniae-isolates-and-percentage-combined-resistance-2011-2014.xlsx
Malta,2013,Klebsiella pneumoniae,combined resistance,20.3,69.0,European/2014/K pneumoniae/number-k-pneumoniae-isolates-and-percentage-combined-resistance-2011-2014.xlsx
Malta,2014,Klebsiella pneumoniae,combined resistance,26.7,101.0,European/2014/K pneumoniae/number-k-pneumoniae-isolates-and-percentage-combined-resistance-2011-2014.xlsx
Netherlands,2010,Klebsiella pneumoniae,combined resistance,3.8,638.0,European/2013/Downloadables/K pneumoniae/number-k-pneumoniae-isolates-and-percentage-combined-resistance-2010-2013.xlsx
Netherlands,2011,Klebsiella pneumoniae,combined resistance,4.3,720.0,European/2014/K pneumoniae/number-k-pneumoniae-isolates-and-percentage-combined-resistance-2011-2014.xlsx
Netherlands,2012,Klebsiella pneumoniae,combined resistance,2.7,667.0,European/2014/K pneumoniae/number-k-pneumoniae-isolates-and-percentage-combined-resistance-2011-2014.xlsx
Netherlands,2013,Klebsiella pneumoniae,combined resistance,2.2,631.0,European/2014/K pneumoniae/number-k-pneumoniae-isolates-and-percentage-combined-resistance-2011-2014.xlsx
Netherlands,2014,Klebsiella pneumoniae,combined resistance,2.0,867.0,European/2014/K pneumoniae/number-k-pneumoniae-isolates-and-percentage-combined-resistance-2011-2014.xlsx
Norway,2010,Klebsiella pneumoniae,combined resistance,1.1,468.0,European/2013/Downloadables/K pneumoniae/number-k-pneumoniae-isolates-and-percentage-combined-resistance-2010-2013.xlsx
Norway,2011,Klebsiella pneumoniae,combined resistance,0.8,374.0,European/2014/K pneumoniae/number-k-pneumoniae-isolates-and-percentage-combined-resistance-2011-2014.xlsx
Norway,2012,Klebsiella pneumoniae,combined resistance,1.5,593.0,European/2014/K pneumoniae/number-k-pneumoniae-isolates-and-percentage-combined-resistance-2011-2014.xlsx
Norway,2013,Klebsiella pneumoniae,combined resistance,1.8,616.0,European/2014/K pneumoniae/number-k-pneumoniae-isolates-and-percentage-combined-resistance-2011-2014.xlsx
Norway,2014,Klebsiella pneumoniae,combined resistance,3.9,744.0,European/2014/K pneumoniae/number-k-pneumoniae-isolates-and-percentage-combined-resistance-2011-2014.xlsx
Poland,2010,Klebsiella pneumoniae,combined resistance,23.0,209.0,European/2013/Downloadables/K pneumoniae/number-k-pneumoniae-isolates-and-percentage-combined-resistance-2010-2013.xlsx
Poland,2011,Klebsiella pneumoniae,combined resistance,37.1,259.0,European/2014/K pneumoniae/number-k-pneumoniae-isolates-and-percentage-combined-resistance-2011-2014.xlsx
Poland,2012,Klebsiella pneumoniae,combined resistance,48.4,353.0,European/2014/K pneumoniae/number-k-pneumoniae-isolates-and-percentage-combined-resistance-2011-2014.xlsx
Poland,2013,Klebsiella pneumoniae,combined resistance,52.5,366.0,European/2014/K pneumoniae/number-k-pneumoniae-isolates-and-percentage-combined-resistance-2011-2014.xlsx
Portugal,2010,Klebsiella pneumoniae,combined resistance,19.4,567.0,European/2013/Downloadables/K pneumoniae/number-k-pneumoniae-isolates-and-percentage-combined-resistance-2010-2013.xlsx
Portugal,2011,Klebsiella pneumoniae,combined resistance,20.8,614.0,European/2014/K pneumoniae/number-k-pneumoniae-isolates-and-percentage-combined-resistance-2011-2014.xlsx
Portugal,2012,Klebsiella pneumoniae,combined resistance,25.1,776.0,European/2014/K pneumoniae/number-k-pneumoniae-isolates-and-percentage-combined-resistance-2011-2014.xlsx
Portugal,2013,Klebsiella pneumoniae,combined resistance,21.9,909.0,European/2014/K pneumoniae/number-k-pneumoniae-isolates-and-percentage-combined-resistance-2011-2014.xlsx
Portugal,2014,Klebsiella pneumoniae,combined resistance,23.0,1705.0,European/2014/K pneumoniae/number-k-pneumoniae-isolates-and-percentage-combined-resistance-2011-2014.xlsx
Romania,2010,Klebsiella pneumoniae,combined resistance,23.5,17.0,European/2013/Downloadables/K pneumoniae/number-k-pneumoniae-isolates-and-percentage-combined-resistance-2010-2013.xlsx
Romania,2011,Klebsiella pneumoniae,combined resistance,30.0,10.0,European/2014/K pneumoniae/number-k-pneumoniae-isolates-and-percentage-combined-resistance-2011-2014.xlsx
Romania,2012,Klebsiella pneumoniae,combined resistance,42.3,97.0,European/2014/K pneumoniae/number-k-pneumoniae-isolates-and-percentage-combined-resistance-2011-2014.xlsx
Romania,2013,Klebsiella pneumoniae,combined resistance,42.9,210.0,European/2014/K pneumoniae/number-k-pneumoniae-isolates-and-percentage-combined-resistance-2011-2014.xlsx
Romania,2014,Klebsiella pneumoniae,combined resistance,56.0,248.0,European/2014/K pneumoniae/number-k-pneumoniae-isolates-and-percentage-combined-resistance-2011-2014.xlsx
Slovakia,2011,Klebsiella pneumoniae,combined resistance,62.4,465.0,European/2014/K pneumoniae/number-k-pneumoniae-isolates-and-percentage-combined-resistance-2011-2014.xlsx
Slovakia,2012,Klebsiella pneumoniae,combined resistance,55.3,376.0,European/2014/K pneumoniae/number-k-pneumoniae-isolates-and-percentage-combined-resistance-2011-2014.xlsx
Slovakia,2013,Klebsiella pneumoniae,combined resistance,57.9,487.0,European/2014/K pneumoniae/number-k-pneumoniae-isolates-and-percentage-combined-resistance-2011-2014.xlsx
Slovakia,2014,Klebsiella pneumoniae,combined resistance,63.3,493.0,European/2014/K pneumoniae/number-k-pneumoniae-isolates-and-percentage-combined-resistance-2011-2014.xlsx
Slovenia,2010,Klebsiella pneumoniae,combined resistance,17.9,196.0,European/2013/Downloadables/K pneumoniae/number-k-pneumoniae-isolates-and-percentage-combined-resistance-2010-2013.xlsx
Slovenia,2011,Klebsiella pneumoniae,combined resistance,19.8,232.0,European/2014/K pneumoniae/number-k-pneumoniae-isolates-and-percentage-combined-resistance-2011-2014.xlsx
Slovenia,2012,Klebsiella pneumoniae,combined resistance,17.3,254.0,European/2014/K pneumoniae/number-k-pneumoniae-isolates-and-percentage-combined-resistance-2011-2014.xlsx
Slovenia,2013,Klebsiella pneumoniae,combined resistance,15.9,245.0,European/2014/K pneumoniae/number-k-pneumoniae-isolates-and-percentage-combined-resistance-2011-2014.xlsx
Slovenia,2014,Klebsiella pneumoniae,combined resistance,18.9,233.0,European/2014/K pneumoniae/number-k-pneumoniae-isolates-and-percentage-combined-resistance-2011-2014.xlsx
Spain,2010,Klebsiella pneumoniae,combined resistance,4.7,1161.0,European/2013/Downloadables/K pneumoniae/number-k-pneumoniae-isolates-and-percentage-combined-resistance-2010-2013.xlsx
Spain,2011,Klebsiella pneumoniae,combined resistance,8.3,1145.0,European/2014/K pneumoniae/number-k-pneumoniae-isolates-and-percentage-combined-resistance-2011-2014.xlsx
Spain,2012,Klebsiella pneumoniae,combined resistance,8.9,1150.0,European/2014/K pneumoniae/number-k-pneumoniae-isolates-and-percentage-combined-resistance-2011-2014.xlsx
Spain,2013,Klebsiella pneumoniae,combined resistance,11.2,1241.0,European/2014/K pneumoniae/number-k-pneumoniae-isolates-and-percentage-combined-resistance-2011-2014.xlsx
Spain,2014,Klebsiella pneumoniae,combined resistance,10.0,1265.0,European/2014/K pneumoniae/number-k-pneumoniae-isolates-and-percentage-combined-resistance-2011-2014.xlsx
Sweden,2010,Klebsiella pneumoniae,combined resistance,0.8,364.0,European/2013/Downloadables/K pneumoniae/number-k-pneumoniae-isolates-and-percentage-combined-resistance-2010-2013.xlsx
Sweden,2011,Klebsiella pneumoniae,combined resistance,0.9,890.0,European/2014/K pneumoniae/number-k-pneumoniae-isolates-and-percentage-combined-resistance-2011-2014.xlsx
Sweden,2012,Klebsiella pneumoniae,combined resistance,1.4,977.0,European/2014/K pneumoniae/number-k-pneumoniae-isolates-and-percentage-combined-resistance-2011-2014.xlsx
Sweden,2013,Klebsiella pneumoniae,combined resistance,1.7,1235.0,European/2014/K pneumoniae/number-k-pneumoniae-isolates-and-percentage-combined-resistance-2011-2014.xlsx
Sweden,2014,Klebsiella pneumoniae,combined resistance,1.4,623.0,European/2014/K pneumoniae/number-k-pneumoniae-isolates-and-percentage-combined-resistance-2011-2014.xlsx
United Kingdom,2010,Klebsiella pneumoniae,combined resistance,3.6,701.0,European/2013/Downloadables/K pneumoniae/number-k-pneumoniae-isolates-and-percentage-combined-resistance-2010-2013.xlsx
United Kingdom,2011,Klebsiella pneumoniae,combined resistance,2.1,914.0,European/2014/K pneumoniae/number-k-pneumoniae-isolates-and-percentage-combined-resistance-2011-2014.xlsx
United Kingdom,2012,Klebsiella pneumoniae,combined resistance,2.3,913.0,European/2014/K pneumoniae/number-k-pneumoniae-isolates-and-percentage-combined-resistance-2011-2014.xlsx
United Kingdom,2013,Klebsiella pneumoniae,combined resistance,4.9,1070.0,European/2014/K pneumoniae/number-k-pneumoniae-isolates-and-percentage-combined-resistance-2011-2014.xlsx
United Kingdom,2014,Klebsiella pneumoniae,combined resistance,3.2,974.0,European/2014/K pneumoniae/number-k-pneumoniae-isolates-and-percentage-combined-resistance-2011-2014.xlsx
Austria,2012,Klebsiella pneumoniae,"combined resistance to fluoroquinolones, third-generation cephalosporins and aminoglycosides",4.0,827.0,"European/2015/Klebsiella, Tables 3-8 to 3-13.xlsx [Table 3.12]"
Austria,2013,Klebsiella pneumoniae,"combined resistance to fluoroquinolones, third-generation cephalosporins and aminoglycosides",3.6,837.0,"European/2015/Klebsiella, Tables 3-8 to 3-13.xlsx [Table 3.12]"
Austria,2014,Klebsiella pneumoniae,"combined resistance to fluoroquinolones, third-generation cephalosporins and aminoglycosides",3.2,900.0,"European/2015/Klebsiella, Tables 3-8 to 3-13.xlsx [Table 3.12]"
Austria,2015,Klebsiella pneumoniae,"combined resistance to fluoroquinolones, third-generation cephalosporins and aminoglycosides",3.3,936.0,"European/2015/Klebsiella, Tables 3-8 to 3-13.xlsx [Table 3.12]"
Belgium,2012,Klebsiella pneumoniae,"combined resistance to fluoroquinolones, third-generation cephalosporins and aminoglycosides",8.5,411.0,"European/2015/Klebsiella, Tables 3-8 to 3-13.xlsx [Table 3.12]"
Belgium,2013,Klebsiella pneumoniae,"combined resistance to fluoroquinolones, third-generation cephalosporins and aminoglycosides",8.2,464.0,"European/2015/Klebsiella, Tables 3-8 to 3-13.xlsx [Table 3.12]"
Belgium,2014,Klebsiella pneumoniae,"combined resistance to fluoroquinolones, third-generation cephalosporins and aminoglycosides",7.9,341.0,"European/2015/Klebsiella, Tables 3-8 to 3-13.xlsx [Table 3.12]"
Belgium,2015,Klebsiella pneumoniae,"combined resistance to fluoroquinolones, third-generation cephalosporins and aminoglycosides",9.3,353.0,"European/2015/Klebsiella, Tables 3-8 to 3-13.xlsx [Table 3.12]"
Bulgaria,2012,Klebsiella pneumoniae,"combined resistance to fluoroquinolones, third-generation cephalosporins and aminoglycosides",36.5,126.0,"European/2015/Klebsiella, Tables 3-8 to 3-13.xlsx [Table 3.12]"
Bulgaria,2013,Klebsiella pneumoniae,"combined resistance to fluoroquinolones, third-generation cephalosporins and aminoglycosides",35.6,132.0,"European/2015/Klebsiella, Tables 3-8 to 3-13.xlsx [Table 3.12]"
Bulgaria,2014,Klebsiella pneumoniae,"combined resistance to fluoroquinolones, third-generation cephalosporins and aminoglycosides",44.1,143.0,"European/2015/Klebsiella, Tables 3-8 to 3-13.xlsx [Table 3.12]"
Bulgaria,2015,Klebsiella pneumoniae,"combined resistance to fluoroquinolones, third-generation cephalosporins and aminoglycosides",28.6,84.0,"European/2015/Klebsiella, Tables 3-8 to 3-13.xlsx [Table 3.12]"
Croatia,2012,Klebsiella pneumoniae,"combined resistance to fluoroquinolones, third-generation cephalosporins and aminoglycosides",30.8,331.0,"European/2015/Klebsiella, Tables 3-8 to 3-13.xlsx [Table 3.12]"
Croatia,2013,Klebsiella pneumoniae,"combined resistance to fluoroquinolones, third-generation cephalosporins and aminoglycosides",30.0,367.0,"European/2015/Klebsiella, Tables 3-8 to 3-13.xlsx [Table 3.12]"
Croatia,2014,Klebsiella pneumoniae,"combined resistance to fluoroquinolones, third-generation cephalosporins and aminoglycosides",30.6,330.0,"European/2015/Klebsiella, Tables 3-8 to 3-13.xlsx [Table 3.12]"
Croatia,2015,Klebsiella pneumoniae,"combined resistance to fluoroquinolones, third-generation cephalosporins and aminoglycosides",32.4,380.0,"European/2015/Klebsiella, Tables 3-8 to 3-13.xlsx [Table 3.12]"
Cyprus,2012,Klebsiella pneumoniae,"combined resistance to fluoroquinolones, third-generation cephalosporins and aminoglycosides",9.2,65.0,"European/2015/Klebsiella, Tables 3-8 to 3-13.xlsx [Table 3.12]"
Cyprus,2013,Klebsiella pneumoniae,"combined resistance to fluoroquinolones, third-generation cephalosporins and aminoglycosides",5.9,68.0,"European/2015/Klebsiella, Tables 3-8 to 3-13.xlsx [Table 3.12]"
Cyprus,2014,Klebsiella pneumoniae,"combined resistance to fluoroquinolones, third-generation cephalosporins and aminoglycosides",15.0,80.0,"European/2015/Klebsiella, Tables 3-8 to 3-13.xlsx [Table 3.12]"
Cyprus,2015,Klebsiella pneumoniae,"combined resistance to fluoroquinolones, third-generation cephalosporins and aminoglycosides",17.7,62.0,"European/2015/Klebsiella, Tables 3-8 to 3-13.xlsx [Table 3.12]"
Czech Republic,2012,Klebsiella pneumoniae,"combined resistance to fluoroquinolones, third-generation cephalosporins and aminoglycosides",41.8,1399.0,"European/2015/Klebsiella, Tables 3-8 to 3-13.xlsx [Table 3.12]"
Czech Republic,2013,Klebsiella pneumoniae,"combined resistance to fluoroquinolones, third-generation cephalosporins and aminoglycosides",38.3,1291.0,"European/2015/Klebsiella, Tables 3-8 to 3-13.xlsx [Table 3.12]"
Czech Republic,2014,Klebsiella pneumoniae,"combined resistance to fluoroquinolones, third-generation cephalosporins and aminoglycosides",38.7,1382.0,"European/2015/Klebsiella, Tables 3-8 to 3-13.xlsx [Table 3.12]"
Czech Republic,2015,Klebsiella pneumoniae,"combined resistance to fluoroquinolones, third-generation cephalosporins and aminoglycosides",41.5,1416.0,"European/2015/Klebsiella, Tables 3-8 to 3-13.xlsx [Table 3.12]"
Denmark,2012,Klebsiella pneumoniae,"combined resistance to fluoroquinolones, third-generation cephalosporins and aminoglycosides",3.1,577.0,"European/2015/Klebsiella, Tables 3-8 to 3-13.xlsx [Table 3.12]"
Denmark,2013,Klebsiella pneumoniae,"combined resistance to fluoroquinolones, third-generation cephalosporins and aminoglycosides",3.5,519.0,"European/2015/Klebsiella, Tables 3-8 to 3-13.xlsx [Table 3.12]"
Denmark,2014,Klebsiella pneumoniae,"combined resistance to fluoroquinolones, third-generation cephalosporins and aminoglycosides",3.1,925.0,"European/2015/Klebsiella, Tables 3-8 to 3-13.xlsx [Table 3.12]"
Denmark,2015,Klebsiella pneumoniae,"combined resistance to fluoroquinolones, third-generation cephalosporins and aminoglycosides",1.1,924.0,"European/2015/Klebsiella, Tables 3-8 to 3-13.xlsx [Table 3.12]"
Estonia,2012,Klebsiella pneumoniae,"combined resistance to fluoroquinolones, third-generation cephalosporins and aminoglycosides",10.5,86.0,"European/2015/Klebsiella, Tables 3-8 to 3-13.xlsx [Table 3.12]"
Estonia,2013,Klebsiella pneumoniae,"combined resistance to fluoroquinolones, third-generation cephalosporins and aminoglycosides",9.2,87.0,"European/2015/Klebsiella, Tables 3-8 to 3-13.xlsx [Table 3.12]"
Estonia,2014,Klebsiella pneumoniae,"combined resistance to fluoroquinolones, third-generation cephalosporins and aminoglycosides",11.5,131.0,"European/2015/Klebsiella, Tables 3-8 to 3-13.xlsx [Table 3.12]"
Estonia,2015,Klebsiella pneumoniae,"combined resistance to fluoroquinolones, third-generation cephalosporins and aminoglycosides",22.2,36.0,"European/2015/Klebsiella, Tables 3-8 to 3-13.xlsx [Table 3.12]"
Finland,2012,Klebsiella pneumoniae,"combined resistance to fluoroquinolones, third-generation cephalosporins and aminoglycosides",0.2,516.0,"European/2015/Klebsiella, Tables 3-8 to 3-13.xlsx [Table 3.12]"
Finland,2013,Klebsiella pneumoniae,"combined resistance to fluoroquinolones, third-generation cephalosporins and aminoglycosides",0.4,514.0,"European/2015/Klebsiella, Tables 3-8 to 3-13.xlsx [Table 3.12]"
Finland,2014,Klebsiella pneumoniae,"combined resistance to fluoroquinolones, third-generation cephalosporins and aminoglycosides",1.4,556.0,"European/2015/Klebsiella, Tables 3-8 to 3-13.xlsx [Table 3.12]"
Finland,2015,Klebsiella pneumoniae,"combined resistance to fluoroquinolones, third-generation cephalosporins and aminoglycosides",1.1,623.0,"European/2015/Klebsiella, Tables 3-8 to 3-13.xlsx [Table 3.12]"
France,2012,Klebsiella pneumoniae,"combined resistance to fluoroquinolones, third-generation cephalosporins and aminoglycosides",19.2,1097.0,"European/2015/Klebsiella, Tables 3-8 to 3-13.xlsx [Table 3.12]"
France,2013,Klebsiella pneumoniae,"combined resistance to fluoroquinolones, third-generation cephalosporins and aminoglycosides",22.9,1916.0,"European/2015/Klebsiella, Tables 3-8 to 3-13.xlsx [Table 3.12]"
France,2014,Klebsiella pneumoniae,"combined resistance to fluoroquinolones, third-generation cephalosporins and aminoglycosides",23.7,2172.0,"European/2015/Klebsiella, Tables 3-8 to 3-13.xlsx [Table 3.12]"
France,2015,Klebsiella pneumoniae,"combined resistance to fluoroquinolones, third-generation cephalosporins and aminoglycosides",22.5,2324.0,"European/2015/Klebsiella, Tables 3-8 to 3-13.xlsx [Table 3.12]"
Germany,2012,Klebsiella pneumoniae,"combined resistance to fluoroquinolones, third-generation cephalosporins and aminoglycosides",6.2,663.0,"European/2015/Klebsiella, Tables 3-8 to 3-13.xlsx [Table 3.12]"
Germany,2013,Klebsiella pneumoniae,"combined resistance to fluoroquinolones, third-generation cephalosporins and aminoglycosides",7.0,753.0,"European/2015/Klebsiella, Tables 3-8 to 3-13.xlsx [Table 3.12]"
Germany,2014,Klebsiella pneumoniae,"combined resistance to fluoroquinolones, third-generation cephalosporins and aminoglycosides",5.3,979.0,"European/2015/Klebsiella, Tables 3-8 to 3-13.xlsx [Table 3.12]"
Germany,2015,Klebsiella pneumoniae,"combined resistance to fluoroquinolones, third-generation cephalosporins and aminoglycosides",3.1,1515.0,"European/2015/Klebsiella, Tables 3-8 to 3-13.xlsx [Table 3.12]"
Greece,2012,Klebsiella pneumoniae,"combined resistance to fluoroquinolones, third-generation cephalosporins and aminoglycosides",57.0,1426.0,"European/2015/Klebsiella, Tables 3-8 to 3-13.xlsx [Table 3.12]"
Greece,2013,Klebsiella pneumoniae,"combined resistance to fluoroquinolones, third-generation cephalosporins and aminoglycosides",51.5,1164.0,"European/2015/Klebsiella, Tables 3-8 to 3-13.xlsx [Table 3.12]"
Greece,2014,Klebsiella pneumoniae,"combined resistance to fluoroquinolones, third-generation cephalosporins and aminoglycosides",55.1,1061.0,"European/2015/Klebsiella, Tables 3-8 to 3-13.xlsx [Table 3.12]"
Greece,2015,Klebsiella pneumoniae,"combined resistance to fluoroquinolones, third-generation cephalosporins and aminoglycosides",46.7,1160.0,"European/2015/Klebsiella, Tables 3-8 to 3-13.xlsx [Table 3.12]"
Hungary,2012,Klebsiella pneumoniae,"combined resistance to fluoroquinolones, third-generation cephalosporins and aminoglycosides",37.9,480.0,"European/2015/Klebsiella, Tables 3-8 to 3-13.xlsx [Table 3.12]"
Hungary,2013,Klebsiella pneumoniae,"combined resistance to fluoroquinolones, third-generation cephalosporins and aminoglycosides",32.2,549.0,"European/2015/Klebsiella, Tables 3-8 to 3-13.xlsx [Table 3.12]"
Hungary,2014,Klebsiella pneumoniae,"combined resistance to fluoroquinolones, third-generation cephalosporins and aminoglycosides",28.6,636.0,"European/2015/Klebsiella, Tables 3-8 to 3-13.xlsx [Table 3.12]"
Hungary,2015,Klebsiella pneumoniae,"combined resistance to fluoroquinolones, third-generation cephalosporins and aminoglycosides",30.2,698.0,"European/2015/Klebsiella, Tables 3-8 to 3-13.xlsx [Table 3.12]"
Iceland,2012,Klebsiella pneumoniae,"combined resistance to fluoroquinolones, third-generation cephalosporins and aminoglycosides",0.0,14.0,"European/2015/Klebsiella, Tables 3-8 to 3-13.xlsx [Table 3.12]"
Iceland,2013,Klebsiella pneumoniae,"combined resistance to fluoroquinolones, third-generation cephalosporins and aminoglycosides",0.0,28.0,"European/2015/Klebsiella, Tables 3-8 to 3-13.xlsx [Table 3.12]"
Iceland,2014,Klebsiella pneumoniae,"combined resistance to fluoroquinolones, third-generation cephalosporins and aminoglycosides",0.0,28.0,"European/2015/Klebsiella, Tables 3-8 to 3-13.xlsx [Table 3.12]"
Iceland,2015,Klebsiella pneumoniae,"combined resistance to fluoroquinolones, third-generation cephalosporins and aminoglycosides",0.0,35.0,"European/2015/Klebsiella, Tables 3-8 to 3-13.xlsx [Table 3.12]"
Ireland,2012,Klebsiella pneumoniae,"combined resistance to fluoroquinolones, third-generation cephalosporins and aminoglycosides",3.4,326.0,"European/2015/Klebsiella, Tables 3-8 to 3-13.xlsx [Table 3.12]"
Ireland,2013,Klebsiella pneumoniae,"combined resistance to fluoroquinolones, third-generation cephalosporins and aminoglycosides",7.9,316.0,"European/2015/Klebsiella, Tables 3-8 to 3-13.xlsx [Table 3.12]"
Ireland,2014,Klebsiella pneumoniae,"combined resistance to fluoroquinolones, third-generation cephalosporins and aminoglycosides",7.4,353.0,"European/2015/Klebsiella, Tables 3-8 to 3-13.xlsx [Table 3.12]"
Ireland,2015,Klebsiella pneumoniae,"combined resistance to fluoroquinolones, third-generation cephalosporins and aminoglycosides",7.2,387.0,"European/2015/Klebsiella, Tables 3-8 to 3-13.xlsx [Table 3.12]"
Italy,2012,Klebsiella pneumoniae,"combined resistance to fluoroquinolones, third-generation cephalosporins and aminoglycosides",33.9,752.0,"European/2015/Klebsiella, Tables 3-8 to 3-13.xlsx [Table 3.12]"
Italy,2013,Klebsiella pneumoniae,"combined resistance to fluoroquinolones, third-generation cephalosporins and aminoglycosides",29.6,1360.0,"European/2015/Klebsiella, Tables 3-8 to 3-13.xlsx [Table 3.12]"
Italy,2014,Klebsiella pneumoniae,"combined resistance to fluoroquinolones, third-generation cephalosporins and aminoglycosides",32.0,1164.0,"European/2015/Klebsiella, Tables 3-8 to 3-13.xlsx [Table 3.12]"
Italy,2015,Klebsiella pneumoniae,"combined resistance to fluoroquinolones, third-generation cephalosporins and aminoglycosides",29.7,1940.0,"European/2015/Klebsiella, Tables 3-8 to 3-13.xlsx [Table 3.12]"
Latvia,2012,Klebsiella pneumoniae,"combined resistance to fluoroquinolones, third-generation cephalosporins and aminoglycosides",42.3,78.0,"European/2015/Klebsiella, Tables 3-8 to 3-13.xlsx [Table 3.12]"
Latvia,2013,Klebsiella pneumoniae,"combined resistance to fluoroquinolones, third-generation cephalosporins and aminoglycosides",39.8,88.0,"European/2015/Klebsiella, Tables 3-8 to 3-13.xlsx [Table 3.12]"
Latvia,2014,Klebsiella pneumoniae,"combined resistance to fluoroquinolones, third-generation cephalosporins and aminoglycosides",41.3,104.0,"European/2015/Klebsiella, Tables 3-8 to 3-13.xlsx [Table 3.12]"
Latvia,2015,Klebsiella pneumoniae,"combined resistance to fluoroquinolones, third-generation cephalosporins and aminoglycosides",36.6,112.0,"European/2015/Klebsiella, Tables 3-8 to 3-13.xlsx [Table 3.12]"
Lithuania,2012,Klebsiella pneumoniae,"combined resistance to fluoroquinolones, third-generation cephalosporins and aminoglycosides",52.2,184.0,"European/2015/Klebsiella, Tables 3-8 to 3-13.xlsx [Table 3.12]"
Lithuania,2013,Klebsiella pneumoniae,"combined resistance to fluoroquinolones, third-generation cephalosporins and aminoglycosides",33.3,144.0,"European/2015/Klebsiella, Tables 3-8 to 3-13.xlsx [Table 3.12]"
Lithuania,2014,Klebsiella pneumoniae,"combined resistance to fluoroquinolones, third-generation cephalosporins and aminoglycosides",35.5,152.0,"European/2015/Klebsiella, Tables 3-8 to 3-13.xlsx [Table 3.12]"
Lithuania,2015,Klebsiella pneumoniae,"combined resistance to fluoroquinolones, third-generation cephalosporins and aminoglycosides",39.9,178.0,"European/2015/Klebsiella, Tables 3-8 to 3-13.xlsx [Table 3.12]"
Luxembourg,2012,Klebsiella pneumoniae,"combined resistance to fluoroquinolones, third-generation cephalosporins and aminoglycosides",20.0,50.0,"European/2015/Klebsiella, Tables 3-8 to 3-13.xlsx [Table 3.12]"
Luxembourg,2013,Klebsiella pneumoniae,"combined resistance to fluoroquinolones, third-generation cephalosporins and aminoglycosides",17.0,53.0,"European/2015/Klebsiella, Tables 3-8 to 3-13.xlsx [Table 3.12]"
Luxembourg,2014,Klebsiella pneumoniae,"combined resistance to fluoroquinolones, third-generation cephalosporins and aminoglycosides",16.7,66.0,"European/2015/Klebsiella, Tables 3-8 to 3-13.xlsx [Table 3.12]"
Luxembourg,2015,Klebsiella pneumoniae,"combined resistance to fluoroquinolones, third-generation cephalosporins and aminoglycosides",13.3,60.0,"European/2015/Klebsiella, Tables 3-8 to 3-13.xlsx [Table 3.12]"
Malta,2012,Klebsiella pneumoniae,"combined resistance to fluoroquinolones, third-generation cephalosporins and aminoglycosides",19.3,57.0,"European/2015/Klebsiella, Tables 3-8 to 3-13.xlsx [Table 3.12]"
Malta,2013,Klebsiella pneumoniae,"combined resistance to fluoroquinolones, third-generation cephalosporins and aminoglycosides",20.3,69.0,"European/2015/Klebsiella, Tables 3-8 to 3-13.xlsx [Table 3.12]"
Malta,2014,Klebsiella pneumoniae,"combined resistance to fluoroquinolones, third-generation cephalosporins and aminoglycosides",26.7,101.0,"European/2015/Klebsiella, Tables 3-8 to 3-13.xlsx [Table 3.12]"
Malta,2015,Klebsiella pneumoniae,"combined resistance to fluoroquinolones, third-generation cephalosporins and aminoglycosides",15.2,92.0,"European/2015/Klebsiella, Tables 3-8 to 3-13.xlsx [Table 3.12]"
Netherlands,2012,Klebsiella pneumoniae,"combined resistance to fluoroquinolones, third-generation cephalosporins and aminoglycosides",2.7,667.0,"European/2015/Klebsiella, Tables 3-8 to 3-13.xlsx [Table 3.12]"
Netherlands,2013,Klebsiella pneumoniae,"combined resistance to fluoroquinolones, third-generation cephalosporins and aminoglycosides",2.2,630.0,"European/2015/Klebsiella, Tables 3-8 to 3-13.xlsx [Table 3.12]"
Netherlands,2014,Klebsiella pneumoniae,"combined resistance to fluoroquinolones, third-generation cephalosporins and aminoglycosides",2.0,865.0,"European/2015/Klebsiella, Tables 3-8 to 3-13.xlsx [Table 3.12]"
Netherlands,2015,Klebsiella pneumoniae,"combined resistance to fluoroquinolones, third-generation cephalosporins and aminoglycosides",3.0,908.0,"European/2015/Klebsiella, Tables 3-8 to 3-13.xlsx [Table 3.12]"
Norway,2012,Klebsiella pneumoniae,"combined resistance to fluoroquinolones, third-generation cephalosporins and aminoglycosides",1.5,593.0,"European/2015/Klebsiella, Tables 3-8 to 3-13.xlsx [Table 3.12]"
Norway,2013,Klebsiella pneumoniae,"combined resistance to fluoroquinolones, third-generation cephalosporins and aminoglycosides",1.8,616.0,"European/2015/Klebsiella, Tables 3-8 to 3-13.xlsx [Table 3.12]"
Norway,2014,Klebsiella pneumoniae,"combined resistance to fluoroquinolones, third-generation cephalosporins and aminoglycosides",3.9,744.0,"European/2015/Klebsiella, Tables 3-8 to 3-13.xlsx [Table 3.12]"
Norway,2015,Klebsiella pneumoniae,"combined resistance to fluoroquinolones, third-generation cephalosporins and aminoglycosides",2.3,699.0,"European/2015/Klebsiella, Tables 3-8 to 3-13.xlsx [Table 3.12]"
Poland,2012,Klebsiella pneumoniae,"combined resistance to fluoroquinolones, third-generation cephalosporins and aminoglycosides",50.3,350.0,"European/2015/Klebsiella, Tables 3-8 to 3-13.xlsx [Table 3.12]"
Poland,2013,Klebsiella pneumoniae,"combined resistance to fluoroquinolones, third-generation cephalosporins and aminoglycosides",54.3,350.0,"European/2015/Klebsiella, Tables 3-8 to 3-13.xlsx [Table 3.12]"
Poland,2014,Klebsiella pneumoniae,"combined resistance to fluoroquinolones, third-generation cephalosporins and aminoglycosides",54.6,443.0,"European/2015/Klebsiella, Tables 3-8 to 3-13.xlsx [Table 3.12]"
Poland,2015,Klebsiella pneumoniae,"combined resistance to fluoroquinolones, third-generation cephalosporins and aminoglycosides",54.0,645.0,"European/2015/Klebsiella, Tables 3-8 to 3-13.xlsx [Table 3.12]"
Portugal,2012,Klebsiella pneumoniae,"combined resistance to fluoroquinolones, third-generation cephalosporins and aminoglycosides",25.1,776.0,"European/2015/Klebsiella, Tables 3-8 to 3-13.xlsx [Table 3.12]"
Portugal,2013,Klebsiella pneumoniae,"combined resistance to fluoroquinolones, third-generation cephalosporins and aminoglycosides",21.7,909.0,"European/2015/Klebsiella, Tables 3-8 to 3-13.xlsx [Table 3.12]"
Portugal,2014,Klebsiella pneumoniae,"combined resistance to fluoroquinolones, third-generation cephalosporins and aminoglycosides",22.8,1705.0,"European/2015/Klebsiella, Tables 3-8 to 3-13.xlsx [Table 3.12]"
Portugal,2015,Klebsiella pneumoniae,"combined resistance to fluoroquinolones, third-generation cephalosporins and aminoglycosides",25.0,2084.0,"European/2015/Klebsiella, Tables 3-8 to 3-13.xlsx [Table 3.12]"
Romania,2012,Klebsiella pneumoniae,"combined resistance to fluoroquinolones, third-generation cephalosporins and aminoglycosides",42.3,97.0,"European/2015/Klebsiella, Tables 3-8 to 3-13.xlsx [Table 3.12]"
Romania,2013,Klebsiella pneumoniae,"combined resistance to fluoroquinolones, third-generation cephalosporins and aminoglycosides",42.9,210.0,"European/2015/Klebsiella, Tables 3-8 to 3-13.xlsx [Table 3.12]"
Romania,2014,Klebsiella pneumoniae,"combined resistance to fluoroquinolones, third-generation cephalosporins and aminoglycosides",56.3,247.0,"European/2015/Klebsiella, Tables 3-8 to 3-13.xlsx [Table 3.12]"
Romania,2015,Klebsiella pneumoniae,"combined resistance to fluoroquinolones, third-generation cephalosporins and aminoglycosides",49.8,261.0,"European/2015/Klebsiella, Tables 3-8 to 3-13.xlsx [Table 3.12]"
Slovakia,2012,Klebsiella pneumoniae,"combined resistance to fluoroquinolones, third-generation cephalosporins and aminoglycosides",55.5,375.0,"European/2015/Klebsiella, Tables 3-8 to 3-13.xlsx [Table 3.12]"
Slovakia,2013,Klebsiella pneumoniae,"combined resistance to fluoroquinolones, third-generation cephalosporins and aminoglycosides",57.8,486.0,"European/2015/Klebsiella, Tables 3-8 to 3-13.xlsx [Table 3.12]"
Slovakia,2014,Klebsiella pneumoniae,"combined resistance to fluoroquinolones, third-generation cephalosporins and aminoglycosides",63.3,493.0,"European/2015/Klebsiella, Tables 3-8 to 3-13.xlsx [Table 3.12]"
Slovakia,2015,Klebsiella pneumoniae,"combined resistance to fluoroquinolones, third-generation cephalosporins and aminoglycosides",59.6,468.0,"European/2015/Klebsiella, Tables 3-8 to 3-13.xlsx [Table 3.12]"
Slovenia,2012,Klebsiella pneumoniae,"combined resistance to fluoroquinolones, third-generation cephalosporins and aminoglycosides",17.3,254.0,"European/2015/Klebsiella, Tables 3-8 to 3-13.xlsx [Table 3.12]"
Slovenia,2013,Klebsiella pneumoniae,"combined resistance to fluoroquinolones, third-generation cephalosporins and aminoglycosides",15.9,245.0,"European/2015/Klebsiella, Tables 3-8 to 3-13.xlsx [Table 3.12]"
Slovenia,2014,Klebsiella pneumoniae,"combined resistance to fluoroquinolones, third-generation cephalosporins and aminoglycosides",18.9,233.0,"European/2015/Klebsiella, Tables 3-8 to 3-13.xlsx [Table 3.12]"
Slovenia,2015,Klebsiella pneumoniae,"combined resistance to fluoroquinolones, third-generation cephalosporins and aminoglycosides",16.9,237.0,"European/2015/Klebsiella, Tables 3-8 to 3-13.xlsx [Table 3.12]"
Spain,2012,Klebsiella pneumoniae,"combined resistance to fluoroquinolones, third-generation cephalosporins and aminoglycosides",8.9,1150.0,"European/2015/Klebsiella, Tables 3-8 to 3-13.xlsx [Table 3.12]"
Spain,2013,Klebsiella pneumoniae,"combined resistance to fluoroquinolones, third-generation cephalosporins and aminoglycosides",11.2,1241.0,"European/2015/Klebsiella, Tables 3-8 to 3-13.xlsx [Table 3.12]"
Spain,2014,Klebsiella pneumoniae,"combined resistance to fluoroquinolones, third-generation cephalosporins and aminoglycosides",10.1,1263.0,"European/2015/Klebsiella, Tables 3-8 to 3-13.xlsx [Table 3.12]"
Spain,2015,Klebsiella pneumoniae,"combined resistance to fluoroquinolones, third-generation cephalosporins and aminoglycosides",11.7,1488.0,"European/2015/Klebsiella, Tables 3-8 to 3-13.xlsx [Table 3.12]"
Sweden,2012,Klebsiella pneumoniae,"combined resistance to fluoroquinolones, third-generation cephalosporins and aminoglycosides",1.4,977.0,"European/2015/Klebsiella, Tables 3-8 to 3-13.xlsx [Table 3.12]"
Sweden,2013,Klebsiella pneumoniae,"combined resistance to fluoroquinolones, third-generation cephalosporins and aminoglycosides",1.7,1235.0,"European/2015/Klebsiella, Tables 3-8 to 3-13.xlsx [Table 3.12]"
Sweden,2014,Klebsiella pneumoniae,"combined resistance to fluoroquinolones, third-generation cephalosporins and aminoglycosides",1.4,623.0,"European/2015/Klebsiella, Tables 3-8 to 3-13.xlsx [Table 3.12]"
Sweden,2015,Klebsiella pneumoniae,"combined resistance to fluoroquinolones, third-generation cephalosporins and aminoglycosides",1.9,860.0,"European/2015/Klebsiella, Tables 3-8 to 3-13.xlsx [Table 3.12]"
United Kingdom,2012,Klebsiella pneumoniae,"combined resistance to fluoroquinolones, third-generation cephalosporins and aminoglycosides",2.3,913.0,"European/2015/Klebsiella, Tables 3-8 to 3-13.xlsx [Table 3.12]"
United Kingdom,2013,Klebsiella pneumoniae,"combined resistance to fluoroquinolones, third-generation cephalosporins and aminoglycosides",4.8,1070.0,"European/2015/Klebsiella, Tables 3-8 to 3-13.xlsx [Table 3.12]"
United Kingdom,2014,Klebsiella pneumoniae,"combined resistance to fluoroquinolones, third-generation cephalosporins and aminoglycosides",3.1,975.0,"European/2015/Klebsiella, Tables 3-8 to 3-13.xlsx [Table 3.12]"
United Kingdom,2015,Klebsiella pneumoniae,"combined resistance to fluoroquinolones, third-generation cephalosporins and aminoglycosides",4.2,906.0,"European/2015/Klebsiella, Tables 3-8 to 3-13.xlsx [Table 3.12]"
Austria,2010,Klebsiella pneumoniae,fluoroquinolones,18.2,720.0,European/2013/Downloadables/K pneumoniae/number-k-pneumoniae-isolates-and-percentage-resistant-fluoroquinolones-2010-2013.xlsx
Austria,2011,Klebsiella pneumoniae,fluoroquinolones,16.6,797.0,European/2014/K pneumoniae/number-k-pneumoniae-isolates-and-percentage-resistant-fluoroquinolones-2011-2014.xlsx
Austria,2012,Klebsiella pneumoniae,fluoroquinolones,15.4,829.0,European/2014/K pneumoniae/number-k-pneumoniae-isolates-and-percentage-resistant-fluoroquinolones-2011-2014.xlsx
Austria,2013,Klebsiella pneumoniae,fluoroquinolones,15.8,925.0,European/2014/K pneumoniae/number-k-pneumoniae-isolates-and-percentage-resistant-fluoroquinolones-2011-2014.xlsx
Austria,2014,Klebsiella pneumoniae,fluoroquinolones,10.4,971.0,European/2014/K pneumoniae/number-k-pneumoniae-isolates-and-percentage-resistant-fluoroquinolones-2011-2014.xlsx
Austria,2015,Klebsiella pneumoniae,fluoroquinolones,11.7,1029.0,"European/2015/Klebsiella, Tables 3-8 to 3-13.xlsx [Table 3.8]"
Belgium,2010,Klebsiella pneumoniae,fluoroquinolones,12.5,144.0,European/2013/Downloadables/K pneumoniae/number-k-pneumoniae-isolates-and-percentage-resistant-fluoroquinolones-2010-2013.xlsx
Belgium,2011,Klebsiella pneumoniae,fluoroquinolones,14.9,663.0,European/2014/K pneumoniae/number-k-pneumoniae-isolates-and-percentage-resistant-fluoroquinolones-2011-2014.xlsx
Belgium,2012,Klebsiella pneumoniae,fluoroquinolones,17.3,532.0,European/2014/K pneumoniae/number-k-pneumoniae-isolates-and-percentage-resistant-fluoroquinolones-2011-2014.xlsx
Belgium,2013,Klebsiella pneumoniae,fluoroquinolones,22.2,639.0,European/2014/K pneumoniae/number-k-pneumoniae-isolates-and-percentage-resistant-fluoroquinolones-2011-2014.xlsx
Belgium,2014,Klebsiella pneumoniae,fluoroquinolones,18.2,506.0,European/2014/K pneumoniae/number-k-pneumoniae-isolates-and-percentage-resistant-fluoroquinolones-2011-2014.xlsx
Belgium,2015,Klebsiella pneumoniae,fluoroquinolones,22.7,379.0,"European/2015/Klebsiella, Tables 3-8 to 3-13.xlsx [Table 3.8]"
Bulgaria,2010,Klebsiella pneumoniae,fluoroquinolones,52.4,126.0,European/2013/Downloadables/K pneumoniae/number-k-pneumoniae-isolates-and-percentage-resistant-fluoroquinolones-2010-2013.xlsx
Bulgaria,2011,Klebsiella pneumoniae,fluoroquinolones,51.2,121.0,European/2014/K pneumoniae/number-k-pneumoniae-isolates-and-percentage-resistant-fluoroquinolones-2011-2014.xlsx
Bulgaria,2012,Klebsiella pneumoniae,fluoroquinolones,47.2,127.0,European/2014/K pneumoniae/number-k-pneumoniae-isolates-and-percentage-resistant-fluoroquinolones-2011-2014.xlsx
Bulgaria,2013,Klebsiella pneumoniae,fluoroquinolones,45.7,138.0,European/2014/K pneumoniae/number-k-pneumoniae-isolates-and-percentage-resistant-fluoroquinolones-2011-2014.xlsx
Bulgaria,2014,Klebsiella pneumoniae,fluoroquinolones,50.3,151.0,European/2014/K pneumoniae/number-k-pneumoniae-isolates-and-percentage-resistant-fluoroquinolones-2011-2014.xlsx
Bulgaria,2015,Klebsiella pneumoniae,fluoroquinolones,37.5,96.0,"European/2015/Klebsiella, Tables 3-8 to 3-13.xlsx [Table 3.8]"
Croatia,2010,Klebsiella pneumoniae,fluoroquinolones,47.5,278.0,European/2013/Downloadables/K pneumoniae/number-k-pneumoniae-isolates-and-percentage-resistant-fluoroquinolones-2010-2013.xlsx
Croatia,2011,Klebsiella pneumoniae,fluoroquinolones,42.5,292.0,European/2014/K pneumoniae/number-k-pneumoniae-isolates-and-percentage-resistant-fluoroquinolones-2011-2014.xlsx
Croatia,2012,Klebsiella pneumoniae,fluoroquinolones,42.9,331.0,European/2014/K pneumoniae/number-k-pneumoniae-isolates-and-percentage-resistant-fluoroquinolones-2011-2014.xlsx
Croatia,2013,Klebsiella pneumoniae,fluoroquinolones,43.2,373.0,European/2014/K pneumoniae/number-k-pneumoniae-isolates-and-percentage-resistant-fluoroquinolones-2011-2014.xlsx
Croatia,2014,Klebsiella pneumoniae,fluoroquinolones,44.8,330.0,European/2014/K pneumoniae/number-k-pneumoniae-isolates-and-percentage-resistant-fluoroquinolones-2011-2014.xlsx
Croatia,2015,Klebsiella pneumoniae,fluoroquinolones,48.7,380.0,"European/2015/Klebsiella, Tables 3-8 to 3-13.xlsx [Table 3.8]"
Cyprus,2010,Klebsiella pneumoniae,fluoroquinolones,38.8,67.0,European/2013/Downloadables/K pneumoniae/number-k-pneumoniae-isolates-and-percentage-resistant-fluoroquinolones-2010-2013.xlsx
Cyprus,2011,Klebsiella pneumoniae,fluoroquinolones,36.1,83.0,European/2014/K pneumoniae/number-k-pneumoniae-isolates-and-percentage-resistant-fluoroquinolones-2011-2014.xlsx
Cyprus,2012,Klebsiella pneumoniae,fluoroquinolones,21.5,65.0,European/2014/K pneumoniae/number-k-pneumoniae-isolates-and-percentage-resistant-fluoroquinolones-2011-2014.xlsx
Cyprus,2013,Klebsiella pneumoniae,fluoroquinolones,23.5,68.0,European/2014/K pneumoniae/number-k-pneumoniae-isolates-and-percentage-resistant-fluoroquinolones-2011-2014.xlsx
Cyprus,2014,Klebsiella pneumoniae,fluoroquinolones,26.3,80.0,European/2014/K pneumoniae/number-k-pneumoniae-isolates-and-percentage-resistant-fluoroquinolones-2011-2014.xlsx
Cyprus,2015,Klebsiella pneumoniae,fluoroquinolones,37.1,62.0,"European/2015/Klebsiella, Tables 3-8 to 3-13.xlsx [Table 3.8]"
Czech Republic,2010,Klebsiella pneumoniae,fluoroquinolones,55.1,1263.0,European/2013/Downloadables/K pneumoniae/number-k-pneumoniae-isolates-and-percentage-resistant-fluoroquinolones-2010-2013.xlsx
Czech Republic,2011,Klebsiella pneumoniae,fluoroquinolones,52.8,1287.0,European/2014/K pneumoniae/number-k-pneumoniae-isolates-and-percentage-resistant-fluoroquinolones-2011-2014.xlsx
Czech Republic,2012,Klebsiella pneumoniae,fluoroquinolones,50.4,1399.0,European/2014/K pneumoniae/number-k-pneumoniae-isolates-and-percentage-resistant-fluoroquinolones-2011-2014.xlsx
Czech Republic,2013,Klebsiella pneumoniae,fluoroquinolones,47.7,1291.0,European/2014/K pneumoniae/number-k-pneumoniae-isolates-and-percentage-resistant-fluoroquinolones-2011-2014.xlsx
Czech Republic,2014,Klebsiella pneumoniae,fluoroquinolones,48.0,1382.0,European/2014/K pneumoniae/number-k-pneumoniae-isolates-and-percentage-resistant-fluoroquinolones-2011-2014.xlsx
Czech Republic,2015,Klebsiella pneumoniae,fluoroquinolones,48.9,1416.0,"European/2015/Klebsiella, Tables 3-8 to 3-13.xlsx [Table 3.8]"
Denmark,2010,Klebsiella pneumoniae,fluoroquinolones,11.3,673.0,European/2013/Downloadables/K pneumoniae/number-k-pneumoniae-isolates-and-percentage-resistant-fluoroquinolones-2010-2013.xlsx
Denmark,2011,Klebsiella pneumoniae,fluoroquinolones,11.6,888.0,European/2014/K pneumoniae/number-k-pneumoniae-isolates-and-percentage-resistant-fluoroquinolones-2011-2014.xlsx
Denmark,2012,Klebsiella pneumoniae,fluoroquinolones,8.8,941.0,European/2014/K pneumoniae/number-k-pneumoniae-isolates-and-percentage-resistant-fluoroquinolones-2011-2014.xlsx
Denmark,2013,Klebsiella pneumoniae,fluoroquinolones,8.9,874.0,European/2014/K pneumoniae/number-k-pneumoniae-isolates-and-percentage-resistant-fluoroquinolones-2011-2014.xlsx
Denmark,2014,Klebsiella pneumoniae,fluoroquinolones,6.9,943.0,European/2014/K pneumoniae/number-k-pneumoniae-isolates-and-percentage-resistant-fluoroquinolones-2011-2014.xlsx
Denmark,2015,Klebsiella pneumoniae,fluoroquinolones,5.3,935.0,"European/2015/Klebsiella, Tables 3-8 to 3-13.xlsx [Table 3.8]"
Estonia,2010,Klebsiella pneumoniae,fluoroquinolones,25.0,64.0,European/2013/Downloadables/K pneumoniae/number-k-pneumoniae-isolates-and-percentage-resistant-fluoroquinolones-2010-2013.xlsx
Estonia,2011,Klebsiella pneumoniae,fluoroquinolones,22.0,91.0,European/2014/K pneumoniae/number-k-pneumoniae-isolates-and-percentage-resistant-fluoroquinolones-2011-2014.xlsx
Estonia,2012,Klebsiella pneumoniae,fluoroquinolones,17.2,87.0,European/2014/K pneumoniae/number-k-pneumoniae-isolates-and-percentage-resistant-fluoroquinolones-2011-2014.xlsx
Estonia,2013,Klebsiella pneumoniae,fluoroquinolones,26.7,90.0,European/2014/K pneumoniae/number-k-pneumoniae-isolates-and-percentage-resistant-fluoroquinolones-2011-2014.xlsx
Estonia,2014,Klebsiella pneumoniae,fluoroquinolones,21.8,133.0,European/2014/K pneumoniae/number-k-pneumoniae-isolates-and-percentage-resistant-fluoroquinolones-2011-2014.xlsx
Estonia,2015,Klebsiella pneumoniae,fluoroquinolones,33.9,62.0,"European/2015/Klebsiella, Tables 3-8 to 3-13.xlsx [Table 3.8]"
Finland,2010,Klebsiella pneumoniae,fluoroquinolones,2.5,401.0,European/2013/Downloadables/K pneumoniae/number-k-pneumoniae-isolates-and-percentage-resistant-fluoroquinolones-2010-2013.xlsx
Finland,2011,Klebsiella pneumoniae,fluoroquinolones,2.7,404.0,European/2014/K pneumoniae/number-k-pneumoniae-isolates-and-percentage-resistant-fluoroquinolones-2011-2014.xlsx
Finland,2012,Klebsiella pneumoniae,fluoroquinolones,2.1,536.0,European/2014/K pneumoniae/number-k-pneumoniae-isolates-and-percentage-resistant-fluoroquinolones-2011-2014.xlsx
Finland,2013,Klebsiella pneumoniae,fluoroquinolones,2.4,533.0,European/2014/K pneumoniae/number-k-pneumoniae-isolates-and-percentage-resistant-fluoroquinolones-2011-2014.xlsx
Finland,2014,Klebsiella pneumoniae,fluoroquinolones,4.6,581.0,European/2014/K pneumoniae/number-k-pneumoniae-isolates-and-percentage-resistant-fluoroquinolones-2011-2014.xlsx
Finland,2015,Klebsiella pneumoniae,fluoroquinolones,3.3,658.0,"European/2015/Klebsiella, Tables 3-8 to 3-13.xlsx [Table 3.8]"
France,2010,Klebsiella pneumoniae,fluoroquinolones,21.8,1527.0,European/2013/Downloadables/K pneumoniae/number-k-pneumoniae-isolates-and-percentage-resistant-fluoroquinolones-2010-2013.xlsx
France,2011,Klebsiella pneumoniae,fluoroquinolones,28.0,1683.0,European/2014/K pneumoniae/number-k-pneumoniae-isolates-and-percentage-resistant-fluoroquinolones-2011-2014.xlsx
France,2012,Klebsiella pneumoniae,fluoroquinolones,24.4,1691.0,European/2014/K pneumoniae/number-k-pneumoniae-isolates-and-percentage-resistant-fluoroquinolones-2011-2014.xlsx
France,2013,Klebsiella pneumoniae,fluoroquinolones,29.4,1916.0,European/2014/K pneumoniae/number-k-pneumoniae-isolates-and-percentage-resistant-fluoroquinolones-2011-2014.xlsx
France,2014,Klebsiella pneumoniae,fluoroquinolones,31.0,2175.0,European/2014/K pneumoniae/number-k-pneumoniae-isolates-and-percentage-resistant-fluoroquinolones-2011-2014.xlsx
France,2015,Klebsiella pneumoniae,fluoroquinolones,30.7,2332.0,"European/2015/Klebsiella, Tables 3-8 to 3-13.xlsx [Table 3.8]"
Germany,2010,Klebsiella pneumoniae,fluoroquinolones,14.9,478.0,European/2013/Downloadables/K pneumoniae/number-k-pneumoniae-isolates-and-percentage-resistant-fluoroquinolones-2010-2013.xlsx
Germany,2011,Klebsiella pneumoniae,fluoroquinolones,14.1,519.0,European/2014/K pneumoniae/number-k-pneumoniae-isolates-and-percentage-resistant-fluoroquinolones-2011-2014.xlsx
Germany,2012,Klebsiella pneumoniae,fluoroquinolones,13.7,663.0,European/2014/K pneumoniae/number-k-pneumoniae-isolates-and-percentage-resistant-fluoroquinolones-2011-2014.xlsx
Germany,2013,Klebsiella pneumoniae,fluoroquinolones,15.1,745.0,European/2014/K pneumoniae/number-k-pneumoniae-isolates-and-percentage-resistant-fluoroquinolones-2011-2014.xlsx
Germany,2014,Klebsiella pneumoniae,fluoroquinolones,12.7,980.0,European/2014/K pneumoniae/number-k-pneumoniae-isolates-and-percentage-resistant-fluoroquinolones-2011-2014.xlsx
Germany,2015,Klebsiella pneumoniae,fluoroquinolones,9.6,1517.0,"European/2015/Klebsiella, Tables 3-8 to 3-13.xlsx [Table 3.8]"
Greece,2010,Klebsiella pneumoniae,fluoroquinolones,70.9,1676.0,European/2013/Downloadables/K pneumoniae/number-k-pneumoniae-isolates-and-percentage-resistant-fluoroquinolones-2010-2013.xlsx
Greece,2011,Klebsiella pneumoniae,fluoroquinolones,72.2,1635.0,European/2014/K pneumoniae/number-k-pneumoniae-isolates-and-percentage-resistant-fluoroquinolones-2011-2014.xlsx
Greece,2012,Klebsiella pneumoniae,fluoroquinolones,69.7,1428.0,European/2014/K pneumoniae/number-k-pneumoniae-isolates-and-percentage-resistant-fluoroquinolones-2011-2014.xlsx
Greece,2013,Klebsiella pneumoniae,fluoroquinolones,67.6,1172.0,European/2014/K pneumoniae/number-k-pneumoniae-isolates-and-percentage-resistant-fluoroquinolones-2011-2014.xlsx
Greece,2014,Klebsiella pneumoniae,fluoroquinolones,67.6,1063.0,European/2014/K pneumoniae/number-k-pneumoniae-isolates-and-percentage-resistant-fluoroquinolones-2011-2014.xlsx
Greece,2015,Klebsiella pneumoniae,fluoroquinolones,66.4,1161.0,"European/2015/Klebsiella, Tables 3-8 to 3-13.xlsx [Table 3.8]"
Hungary,2010,Klebsiella pneumoniae,fluoroquinolones,42.9,504.0,European/2013/Downloadables/K pneumoniae/number-k-pneumoniae-isolates-and-percentage-resistant-fluoroquinolones-2010-2013.xlsx
Hungary,2011,Klebsiella pneumoniae,fluoroquinolones,51.0,420.0,European/2014/K pneumoniae/number-k-pneumoniae-isolates-and-percentage-resistant-fluoroquinolones-2011-2014.xlsx
Hungary,2012,Klebsiella pneumoniae,fluoroquinolones,41.6,485.0,European/2014/K pneumoniae/number-k-pneumoniae-isolates-and-percentage-resistant-fluoroquinolones-2011-2014.xlsx
Hungary,2013,Klebsiella pneumoniae,fluoroquinolones,37.7,555.0,European/2014/K pneumoniae/number-k-pneumoniae-isolates-and-percentage-resistant-fluoroquinolones-2011-2014.xlsx
Hungary,2014,Klebsiella pneumoniae,fluoroquinolones,34.9,641.0,European/2014/K pneumoniae/number-k-pneumoniae-isolates-and-percentage-resistant-fluoroquinolones-2011-2014.xlsx
Hungary,2015,Klebsiella pneumoniae,fluoroquinolones,36.7,700.0,"European/2015/Klebsiella, Tables 3-8 to 3-13.xlsx [Table 3.8]"
Iceland,2010,Klebsiella pneumoniae,fluoroquinolones,0.0,24.0,European/2013/Downloadables/K pneumoniae/number-k-pneumoniae-isolates-and-percentage-resistant-fluoroquinolones-2010-2013.xlsx
Iceland,2011,Klebsiella pneumoniae,fluoroquinolones,4.2,24.0,European/2014/K pneumoniae/number-k-pneumoniae-isolates-and-percentage-resistant-fluoroquinolones-2011-2014.xlsx
Iceland,2012,Klebsiella pneumoniae,fluoroquinolones,7.1,14.0,European/2014/K pneumoniae/number-k-pneumoniae-isolates-and-percentage-resistant-fluoroquinolones-2011-2014.xlsx
Iceland,2013,Klebsiella pneumoniae,fluoroquinolones,0.0,28.0,European/2014/K pneumoniae/number-k-pneumoniae-isolates-and-percentage-resistant-fluoroquinolones-2011-2014.xlsx
Iceland,2014,Klebsiella pneumoniae,fluoroquinolones,3.6,28.0,European/2014/K pneumoniae/number-k-pneumoniae-isolates-and-percentage-resistant-fluoroquinolones-2011-2014.xlsx
Iceland,2015,Klebsiella pneumoniae,fluoroquinolones,2.9,35.0,"European/2015/Klebsiella, Tables 3-8 to 3-13.xlsx [Table 3.8]"
Ireland,2010,Klebsiella pneumoniae,fluoroquinolones,8.2,318.0,European/2013/Downloadables/K pneumoniae/number-k-pneumoniae-isolates-and-percentage-resistant-fluoroquinolones-2010-2013.xlsx
Ireland,2011,Klebsiella pneumoniae,fluoroquinolones,8.9,303.0,European/2014/K pneumoniae/number-k-pneumoniae-isolates-and-percentage-resistant-fluoroquinolones-2011-2014.xlsx
Ireland,2012,Klebsiella pneumoniae,fluoroquinolones,7.4,338.0,European/2014/K pneumoniae/number-k-pneumoniae-isolates-and-percentage-resistant-fluoroquinolones-2011-2014.xlsx
Ireland,2013,Klebsiella pneumoniae,fluoroquinolones,14.6,316.0,European/2014/K pneumoniae/number-k-pneumoniae-isolates-and-percentage-resistant-fluoroquinolones-2011-2014.xlsx
Ireland,2014,Klebsiella pneumoniae,fluoroquinolones,13.5,355.0,European/2014/K pneumoniae/number-k-pneumoniae-isolates-and-percentage-resistant-fluoroquinolones-2011-2014.xlsx
Ireland,2015,Klebsiella pneumoniae,fluoroquinolones,17.0,388.0,"European/2015/Klebsiella, Tables 3-8 to 3-13.xlsx [Table 3.8]"
Italy,2010,Klebsiella pneumoniae,fluoroquinolones,38.5,696.0,European/2013/Downloadables/K pneumoniae/number-k-pneumoniae-isolates-and-percentage-resistant-fluoroquinolones-2010-2013.xlsx
Italy,2011,Klebsiella pneumoniae,fluoroquinolones,45.7,597.0,European/2014/K pneumoniae/number-k-pneumoniae-isolates-and-percentage-resistant-fluoroquinolones-2011-2014.xlsx
Italy,2012,Klebsiella pneumoniae,fluoroquinolones,49.9,835.0,European/2014/K pneumoniae/number-k-pneumoniae-isolates-and-percentage-resistant-fluoroquinolones-2011-2014.xlsx
Italy,2013,Klebsiella pneumoniae,fluoroquinolones,54.4,1428.0,European/2014/K pneumoniae/number-k-pneumoniae-isolates-and-percentage-resistant-fluoroquinolones-2011-2014.xlsx
Italy,2014,Klebsiella pneumoniae,fluoroquinolones,55.7,1295.0,European/2014/K pneumoniae/number-k-pneumoniae-isolates-and-percentage-resistant-fluoroquinolones-2011-2014.xlsx
Italy,2015,Klebsiella pneumoniae,fluoroquinolones,53.7,2000.0,"European/2015/Klebsiella, Tables 3-8 to 3-13.xlsx [Table 3.8]"
Latvia,2010,Klebsiella pneumoniae,fluoroquinolones,52.4,63.0,European/2013/Downloadables/K pneumoniae/number-k-pneumoniae-isolates-and-percentage-resistant-fluoroquinolones-2010-2013.xlsx
Latvia,2011,Klebsiella pneumoniae,fluoroquinolones,38.1,63.0,European/2014/K pneumoniae/number-k-pneumoniae-isolates-and-percentage-resistant-fluoroquinolones-2011-2014.xlsx
Latvia,2012,Klebsiella pneumoniae,fluoroquinolones,46.2,78.0,European/2014/K pneumoniae/number-k-pneumoniae-isolates-and-percentage-resistant-fluoroquinolones-2011-2014.xlsx
Latvia,2013,Klebsiella pneumoniae,fluoroquinolones,43.2,88.0,European/2014/K pneumoniae/number-k-pneumoniae-isolates-and-percentage-resistant-fluoroquinolones-2011-2014.xlsx
Latvia,2014,Klebsiella pneumoniae,fluoroquinolones,44.8,116.0,European/2014/K pneumoniae/number-k-pneumoniae-isolates-and-percentage-resistant-fluoroquinolones-2011-2014.xlsx
Latvia,2015,Klebsiella pneumoniae,fluoroquinolones,42.0,112.0,"European/2015/Klebsiella, Tables 3-8 to 3-13.xlsx [Table 3.8]"
Lithuania,2010,Klebsiella pneumoniae,fluoroquinolones,36.3,80.0,European/2013/Downloadables/K pneumoniae/number-k-pneumoniae-isolates-and-percentage-resistant-fluoroquinolones-2010-2013.xlsx
Lithuania,2011,Klebsiella pneumoniae,fluoroquinolones,54.7,137.0,European/2014/K pneumoniae/number-k-pneumoniae-isolates-and-percentage-resistant-fluoroquinolones-2011-2014.xlsx
Lithuania,2012,Klebsiella pneumoniae,fluoroquinolones,55.4,184.0,European/2014/K pneumoniae/number-k-pneumoniae-isolates-and-percentage-resistant-fluoroquinolones-2011-2014.xlsx
Lithuania,2013,Klebsiella pneumoniae,fluoroquinolones,45.1,144.0,European/2014/K pneumoniae/number-k-pneumoniae-isolates-and-percentage-resistant-fluoroquinolones-2011-2014.xlsx
Lithuania,2014,Klebsiella pneumoniae,fluoroquinolones,45.5,154.0,European/2014/K pneumoniae/number-k-pneumoniae-isolates-and-percentage-resistant-fluoroquinolones-2011-2014.xlsx
Lithuania,2015,Klebsiella pneumoniae,fluoroquinolones,45.8,179.0,"European/2015/Klebsiella, Tables 3-8 to 3-13.xlsx [Table 3.8]"
Luxembourg,2010,Klebsiella pneumoniae,fluoroquinolones,6.8,59.0,European/2013/Downloadables/K pneumoniae/number-k-pneumoniae-isolates-and-percentage-resistant-fluoroquinolones-2010-2013.xlsx
Luxembourg,2011,Klebsiella pneumoniae,fluoroquinolones,33.3,48.0,European/2014/K pneumoniae/number-k-pneumoniae-isolates-and-percentage-resistant-fluoroquinolones-2011-2014.xlsx
Luxembourg,2012,Klebsiella pneumoniae,fluoroquinolones,32.0,50.0,European/2014/K pneumoniae/number-k-pneumoniae-isolates-and-percentage-resistant-fluoroquinolones-2011-2014.xlsx
Luxembourg,2013,Klebsiella pneumoniae,fluoroquinolones,22.6,53.0,European/2014/K pneumoniae/number-k-pneumoniae-isolates-and-percentage-resistant-fluoroquinolones-2011-2014.xlsx
Luxembourg,2014,Klebsiella pneumoniae,fluoroquinolones,31.8,66.0,European/2014/K pneumoniae/number-k-pneumoniae-isolates-and-percentage-resistant-fluoroquinolones-2011-2014.xlsx
Luxembourg,2015,Klebsiella pneumoniae,fluoroquinolones,20.0,60.0,"European/2015/Klebsiella, Tables 3-8 to 3-13.xlsx [Table 3.8]"
Malta,2010,Klebsiella pneumoniae,fluoroquinolones,15.8,57.0,European/2013/Downloadables/K pneumoniae/number-k-pneumoniae-isolates-and-percentage-resistant-fluoroquinolones-2010-2013.xlsx
Malta,2011,Klebsiella pneumoniae,fluoroquinolones,13.5,52.0,European/2014/K pneumoniae/number-k-pneumoniae-isolates-and-percentage-resistant-fluoroquinolones-2011-2014.xlsx
Malta,2012,Klebsiella pneumoniae,fluoroquinolones,26.3,57.0,European/2014/K pneumoniae/number-k-pneumoniae-isolates-and-percentage-resistant-fluoroquinolones-2011-2014.xlsx
Malta,2013,Klebsiella pneumoniae,fluoroquinolones,27.5,69.0,European/2014/K pneumoniae/number-k-pneumoniae-isolates-and-percentage-resistant-fluoroquinolones-2011-2014.xlsx
Malta,2014,Klebsiella pneumoniae,fluoroquinolones,33.7,101.0,European/2014/K pneumoniae/number-k-pneumoniae-isolates-and-percentage-resistant-fluoroquinolones-2011-2014.xlsx
Malta,2015,Klebsiella pneumoniae,fluoroquinolones,26.1,92.0,"European/2015/Klebsiella, Tables 3-8 to 3-13.xlsx [Table 3.8]"
Netherlands,2010,Klebsiella pneumoniae,fluoroquinolones,7.0,644.0,European/2013/Downloadables/K pneumoniae/number-k-pneumoniae-isolates-and-percentage-resistant-fluoroquinolones-2010-2013.xlsx
Netherlands,2011,Klebsiella pneumoniae,fluoroquinolones,7.3,728.0,European/2014/K pneumoniae/number-k-pneumoniae-isolates-and-percentage-resistant-fluoroquinolones-2011-2014.xlsx
Netherlands,2012,Klebsiella pneumoniae,fluoroquinolones,5.4,670.0,European/2014/K pneumoniae/number-k-pneumoniae-isolates-and-percentage-resistant-fluoroquinolones-2011-2014.xlsx
Netherlands,2013,Klebsiella pneumoniae,fluoroquinolones,6.1,638.0,European/2014/K pneumoniae/number-k-pneumoniae-isolates-and-percentage-resistant-fluoroquinolones-2011-2014.xlsx
Netherlands,2014,Klebsiella pneumoniae,fluoroquinolones,4.7,886.0,European/2014/K pneumoniae/number-k-pneumoniae-isolates-and-percentage-resistant-fluoroquinolones-2011-2014.xlsx
Netherlands,2015,Klebsiella pneumoniae,fluoroquinolones,6.8,908.0,"European/2015/Klebsiella, Tables 3-8 to 3-13.xlsx [Table 3.8]"
Norway,2010,Klebsiella pneumoniae,fluoroquinolones,7.4,476.0,European/2013/Downloadables/K pneumoniae/number-k-pneumoniae-isolates-and-percentage-resistant-fluoroquinolones-2010-2013.xlsx
Norway,2011,Klebsiella pneumoniae,fluoroquinolones,3.5,427.0,European/2014/K pneumoniae/number-k-pneumoniae-isolates-and-percentage-resistant-fluoroquinolones-2011-2014.xlsx
Norway,2012,Klebsiella pneumoniae,fluoroquinolones,4.0,596.0,European/2014/K pneumoniae/number-k-pneumoniae-isolates-and-percentage-resistant-fluoroquinolones-2011-2014.xlsx
Norway,2013,Klebsiella pneumoniae,fluoroquinolones,4.9,616.0,European/2014/K pneumoniae/number-k-pneumoniae-isolates-and-percentage-resistant-fluoroquinolones-2011-2014.xlsx
Norway,2014,Klebsiella pneumoniae,fluoroquinolones,6.2,746.0,European/2014/K pneumoniae/number-k-pneumoniae-isolates-and-percentage-resistant-fluoroquinolones-2011-2014.xlsx
Norway,2015,Klebsiella pneumoniae,fluoroquinolones,5.0,700.0,"European/2015/Klebsiella, Tables 3-8 to 3-13.xlsx [Table 3.8]"
Poland,2010,Klebsiella pneumoniae,fluoroquinolones,33.0,221.0,European/2013/Downloadables/K pneumoniae/number-k-pneumoniae-isolates-and-percentage-resistant-fluoroquinolones-2010-2013.xlsx
Poland,2011,Klebsiella pneumoniae,fluoroquinolones,57.7,369.0,European/2014/K pneumoniae/number-k-pneumoniae-isolates-and-percentage-resistant-fluoroquinolones-2011-2014.xlsx
Poland,2012,Klebsiella pneumoniae,fluoroquinolones,60.2,359.0,European/2014/K pneumoniae/number-k-pneumoniae-isolates-and-percentage-resistant-fluoroquinolones-2011-2014.xlsx
Poland,2013,Klebsiella pneumoniae,fluoroquinolones,70.1,374.0,European/2014/K pneumoniae/number-k-pneumoniae-isolates-and-percentage-resistant-fluoroquinolones-2011-2014.xlsx
Poland,2014,Klebsiella pneumoniae,fluoroquinolones,67.9,455.0,"European/2015/Klebsiella, Tables 3-8 to 3-13.xlsx [Table 3.8]"
Poland,2015,Klebsiella pneumoniae,fluoroquinolones,63.9,659.0,"European/2015/Klebsiella, Tables 3-8 to 3-13.xlsx [Table 3.8]"
Portugal,2010,Klebsiella pneumoniae,fluoroquinolones,31.4,574.0,European/2013/Downloadables/K pneumoniae/number-k-pneumoniae-isolates-and-percentage-resistant-fluoroquinolones-2010-2013.xlsx
Portugal,2011,Klebsiella pneumoniae,fluoroquinolones,36.3,617.0,European/2014/K pneumoniae/number-k-pneumoniae-isolates-and-percentage-resistant-fluoroquinolones-2011-2014.xlsx
Portugal,2012,Klebsiella pneumoniae,fluoroquinolones,35.8,777.0,European/2014/K pneumoniae/number-k-pneumoniae-isolates-and-percentage-resistant-fluoroquinolones-2011-2014.xlsx
Portugal,2013,Klebsiella pneumoniae,fluoroquinolones,35.7,911.0,European/2014/K pneumoniae/number-k-pneumoniae-isolates-and-percentage-resistant-fluoroquinolones-2011-2014.xlsx
Portugal,2014,Klebsiella pneumoniae,fluoroquinolones,36.5,1712.0,European/2014/K pneumoniae/number-k-pneumoniae-isolates-and-percentage-resistant-fluoroquinolones-2011-2014.xlsx
Portugal,2015,Klebsiella pneumoniae,fluoroquinolones,38.6,2094.0,"European/2015/Klebsiella, Tables 3-8 to 3-13.xlsx [Table 3.8]"
Romania,2010,Klebsiella pneumoniae,fluoroquinolones,29.4,17.0,European/2013/Downloadables/K pneumoniae/number-k-pneumoniae-isolates-and-percentage-resistant-fluoroquinolones-2010-2013.xlsx
Romania,2011,Klebsiella pneumoniae,fluoroquinolones,30.0,10.0,European/2014/K pneumoniae/number-k-pneumoniae-isolates-and-percentage-resistant-fluoroquinolones-2011-2014.xlsx
Romania,2012,Klebsiella pneumoniae,fluoroquinolones,50.0,100.0,European/2014/K pneumoniae/number-k-pneumoniae-isolates-and-percentage-resistant-fluoroquinolones-2011-2014.xlsx
Romania,2013,Klebsiella pneumoniae,fluoroquinolones,51.6,213.0,European/2014/K pneumoniae/number-k-pneumoniae-isolates-and-percentage-resistant-fluoroquinolones-2011-2014.xlsx
Romania,2014,Klebsiella pneumoniae,fluoroquinolones,66.5,257.0,European/2014/K pneumoniae/number-k-pneumoniae-isolates-and-percentage-resistant-fluoroquinolones-2011-2014.xlsx
Romania,2015,Klebsiella pneumoniae,fluoroquinolones,61.4,267.0,"European/2015/Klebsiella, Tables 3-8 to 3-13.xlsx [Table 3.8]"
Slovakia,2011,Klebsiella pneumoniae,fluoroquinolones,70.8,465.0,European/2014/K pneumoniae/number-k-pneumoniae-isolates-and-percentage-resistant-fluoroquinolones-2011-2014.xlsx
Slovakia,2012,Klebsiella pneumoniae,fluoroquinolones,66.8,376.0,European/2014/K pneumoniae/number-k-pneumoniae-isolates-and-percentage-resistant-fluoroquinolones-2011-2014.xlsx
Slovakia,2013,Klebsiella pneumoniae,fluoroquinolones,66.9,489.0,European/2014/K pneumoniae/number-k-pneumoniae-isolates-and-percentage-resistant-fluoroquinolones-2011-2014.xlsx
Slovakia,2014,Klebsiella pneumoniae,fluoroquinolones,70.8,493.0,European/2014/K pneumoniae/number-k-pneumoniae-isolates-and-percentage-resistant-fluoroquinolones-2011-2014.xlsx
Slovakia,2015,Klebsiella pneumoniae,fluoroquinolones,70.0,474.0,"European/2015/Klebsiella, Tables 3-8 to 3-13.xlsx [Table 3.8]"
Slovenia,2010,Klebsiella pneumoniae,fluoroquinolones,25.0,196.0,European/2013/Downloadables/K pneumoniae/number-k-pneumoniae-isolates-and-percentage-resistant-fluoroquinolones-2010-2013.xlsx
Slovenia,2011,Klebsiella pneumoniae,fluoroquinolones,35.3,232.0,European/2014/K pneumoniae/number-k-pneumoniae-isolates-and-percentage-resistant-fluoroquinolones-2011-2014.xlsx
Slovenia,2012,Klebsiella pneumoniae,fluoroquinolones,33.1,254.0,European/2014/K pneumoniae/number-k-pneumoniae-isolates-and-percentage-resistant-fluoroquinolones-2011-2014.xlsx
Slovenia,2013,Klebsiella pneumoniae,fluoroquinolones,32.7,245.0,European/2014/K pneumoniae/number-k-pneumoniae-isolates-and-percentage-resistant-fluoroquinolones-2011-2014.xlsx
Slovenia,2014,Klebsiella pneumoniae,fluoroquinolones,32.6,233.0,European/2014/K pneumoniae/number-k-pneumoniae-isolates-and-percentage-resistant-fluoroquinolones-2011-2014.xlsx
Slovenia,2015,Klebsiella pneumoniae,fluoroquinolones,24.5,237.0,"European/2015/Klebsiella, Tables 3-8 to 3-13.xlsx [Table 3.8]"
Spain,2010,Klebsiella pneumoniae,fluoroquinolones,13.6,1161.0,European/2013/Downloadables/K pneumoniae/number-k-pneumoniae-isolates-and-percentage-resistant-fluoroquinolones-2010-2013.xlsx
Spain,2011,Klebsiella pneumoniae,fluoroquinolones,17.0,1145.0,European/2014/K pneumoniae/number-k-pneumoniae-isolates-and-percentage-resistant-fluoroquinolones-2011-2014.xlsx
Spain,2012,Klebsiella pneumoniae,fluoroquinolones,16.5,1150.0,European/2014/K pneumoniae/number-k-pneumoniae-isolates-and-percentage-resistant-fluoroquinolones-2011-2014.xlsx
Spain,2013,Klebsiella pneumoniae,fluoroquinolones,21.8,1241.0,European/2014/K pneumoniae/number-k-pneumoniae-isolates-and-percentage-resistant-fluoroquinolones-2011-2014.xlsx
Spain,2014,Klebsiella pneumoniae,fluoroquinolones,18.6,1266.0,European/2014/K pneumoniae/number-k-pneumoniae-isolates-and-percentage-resistant-fluoroquinolones-2011-2014.xlsx
Spain,2015,Klebsiella pneumoniae,fluoroquinolones,21.6,1508.0,"European/2015/Klebsiella, Tables 3-8 to 3-13.xlsx [Table 3.8]"
Sweden,2010,Klebsiella pneumoniae,fluoroquinolones,4.7,405.0,European/2013/Downloadables/K pneumoniae/number-k-pneumoniae-isolates-and-percentage-resistant-fluoroquinolones-2010-2013.xlsx
Sweden,2011,Klebsiella pneumoniae,fluoroquinolones,3.8,943.0,European/2014/K pneumoniae/number-k-pneumoniae-isolates-and-percentage-resistant-fluoroquinolones-2011-2014.xlsx
Sweden,2012,Klebsiella pneumoniae,fluoroquinolones,3.7,977.0,European/2014/K pneumoniae/number-k-pneumoniae-isolates-and-percentage-resistant-fluoroquinolones-2011-2014.xlsx
Sweden,2013,Klebsiella pneumoniae,fluoroquinolones,3.9,1270.0,European/2014/K pneumoniae/number-k-pneumoniae-isolates-and-percentage-resistant-fluoroquinolones-2011-2014.xlsx
Sweden,2014,Klebsiella pneumoniae,fluoroquinolones,4.1,763.0,European/2014/K pneumoniae/number-k-pneumoniae-isolates-and-percentage-resistant-fluoroquinolones-2011-2014.xlsx
Sweden,2015,Klebsiella pneumoniae,fluoroquinolones,4.5,907.0,"European/2015/Klebsiella, Tables 3-8 to 3-13.xlsx [Table 3.8]"
United Kingdom,2010,Klebsiella pneumoniae,fluoroquinolones,7.4,768.0,European/2013/Downloadables/K pneumoniae/number-k-pneumoniae-isolates-and-percentage-resistant-fluoroquinolones-2010-2013.xlsx
United Kingdom,2011,Klebsiella pneumoniae,fluoroquinolones,4.6,985.0,European/2014/K pneumoniae/number-k-pneumoniae-isolates-and-percentage-resistant-fluoroquinolones-2011-2014.xlsx
United Kingdom,2012,Klebsiella pneumoniae,fluoroquinolones,7.4,1036.0,European/2014/K pneumoniae/number-k-pneumoniae-isolates-and-percentage-resistant-fluoroquinolones-2011-2014.xlsx
United Kingdom,2013,Klebsiella pneumoniae,fluoroquinolones,8.7,1155.0,European/2014/K pneumoniae/number-k-pneumoniae-isolates-and-percentage-resistant-fluoroquinolones-2011-2014.xlsx
United Kingdom,2014,Klebsiella pneumoniae,fluoroquinolones,7.7,1129.0,European/2014/K pneumoniae/number-k-pneumoniae-isolates-and-percentage-resistant-fluoroquinolones-2011-2014.xlsx
United Kingdom,2015,Klebsiella pneumoniae,fluoroquinolones,13.3,1011.0,"European/2015/Klebsiella, Tables 3-8 to 3-13.xlsx [Table 3.8]"
Austria,2010,Klebsiella pneumoniae,third-generation cephalosporins,12.6,720.0,European/2013/Downloadables/K pneumoniae/number-k-pneumoniae-isolates-and-percentage-resistant-3-gen-cephalosporins-2010-2013.xlsx
Austria,2011,Klebsiella pneumoniae,third-generation cephalosporins,13.3,795.0,European/2014/K pneumoniae/number-k-pneumoniae-isolates-and-percentage-resistant-cephalosporins-2011-2014.xlsx
Austria,2012,Klebsiella pneumoniae,third-generation cephalosporins,11.8,859.0,European/2014/K pneumoniae/number-k-pneumoniae-isolates-and-percentage-resistant-cephalosporins-2011-2014.xlsx
Austria,2013,Klebsiella pneumoniae,third-generation cephalosporins,10.7,941.0,European/2014/K pneumoniae/number-k-pneumoniae-isolates-and-percentage-resistant-cephalosporins-2011-2014.xlsx
Austria,2014,Klebsiella pneumoniae,third-generation cephalosporins,8.2,996.0,European/2014/K pneumoniae/number-k-pneumoniae-isolates-and-percentage-resistant-cephalosporins-2011-2014.xlsx
Austria,2015,Klebsiella pneumoniae,third-generation cephalosporins,8.4,1050.0,"European/2015/Klebsiella, Tables 3-8 to 3-13.xlsx [Table 3.9]"
Belgium,2010,Klebsiella pneumoniae,third-generation cephalosporins,12.6,143.0,European/2013/Downloadables/K pneumoniae/number-k-pneumoniae-isolates-and-percentage-resistant-3-gen-cephalosporins-2010-2013.xlsx
Belgium,2011,Klebsiella pneumoniae,third-generation cephalosporins,13.6,668.0,European/2014/K pneumoniae/number-k-pneumoniae-isolates-and-percentage-resistant-cephalosporins-2011-2014.xlsx
Belgium,2012,Klebsiella pneumoniae,third-generation cephalosporins,16.5,540.0,European/2014/K pneumoniae/number-k-pneumoniae-isolates-and-percentage-resistant-cephalosporins-2011-2014.xlsx
Belgium,2013,Klebsiella pneumoniae,third-generation cephalosporins,15.3,594.0,European/2014/K pneumoniae/number-k-pneumoniae-isolates-and-percentage-resistant-cephalosporins-2011-2014.xlsx
Belgium,2014,Klebsiella pneumoniae,third-generation cephalosporins,16.3,485.0,European/2014/K pneumoniae/number-k-pneumoniae-isolates-and-percentage-resistant-cephalosporins-2011-2014.xlsx
Belgium,2015,Klebsiella pneumoniae,third-generation cephalosporins,19.7,406.0,"European/2015/Klebsiella, Tables 3-8 to 3-13.xlsx [Table 3.9]"
Bulgaria,2010,Klebsiella pneumoniae,third-generation cephalosporins,75.6,127.0,European/2013/Downloadables/K pneumoniae/number-k-pneumoniae-isolates-and-percentage-resistant-3-gen-cephalosporins-2010-2013.xlsx
Bulgaria,2011,Klebsiella pneumoniae,third-generation cephalosporins,81.0,121.0,European/2014/K pneumoniae/number-k-pneumoniae-isolates-and-percentage-resistant-cephalosporins-2011-2014.xlsx
Bulgaria,2012,Klebsiella pneumoniae,third-generation cephalosporins,74.8,127.0,European/2014/K pneumoniae/number-k-pneumoniae-isolates-and-percentage-resistant-cephalosporins-2011-2014.xlsx
Bulgaria,2013,Klebsiella pneumoniae,third-generation cephalosporins,69.6,138.0,European/2014/K pneumoniae/number-k-pneumoniae-isolates-and-percentage-resistant-cephalosporins-2011-2014.xlsx
Bulgaria,2014,Klebsiella pneumoniae,third-generation cephalosporins,74.8,151.0,European/2014/K pneumoniae/number-k-pneumoniae-isolates-and-percentage-resistant-cephalosporins-2011-2014.xlsx
Bulgaria,2015,Klebsiella pneumoniae,third-generation cephalosporins,75.0,96.0,"European/2015/Klebsiella, Tables 3-8 to 3-13.xlsx [Table 3.9]"
Croatia,2010,Klebsiella pneumoniae,third-generation cephalosporins,55.5,281.0,European/2013/Downloadables/K pneumoniae/number-k-pneumoniae-isolates-and-percentage-resistant-3-gen-cephalosporins-2010-2013.xlsx
Croatia,2011,Klebsiella pneumoniae,third-generation cephalosporins,48.2,299.0,European/2014/K pneumoniae/number-k-pneumoniae-isolates-and-percentage-resistant-cephalosporins-2011-2014.xlsx
Croatia,2012,Klebsiella pneumoniae,third-generation cephalosporins,52.1,332.0,European/2014/K pneumoniae/number-k-pneumoniae-isolates-and-percentage-resistant-cephalosporins-2011-2014.xlsx
Croatia,2013,Klebsiella pneumoniae,third-generation cephalosporins,50.0,376.0,European/2014/K pneumoniae/number-k-pneumoniae-isolates-and-percentage-resistant-cephalosporins-2011-2014.xlsx
Croatia,2014,Klebsiella pneumoniae,third-generation cephalosporins,47.9,334.0,European/2014/K pneumoniae/number-k-pneumoniae-isolates-and-percentage-resistant-cephalosporins-2011-2014.xlsx
Croatia,2015,Klebsiella pneumoniae,third-generation cephalosporins,46.8,380.0,"European/2015/Klebsiella, Tables 3-8 to 3-13.xlsx [Table 3.9]"
Cyprus,2010,Klebsiella pneumoniae,third-generation cephalosporins,34.3,67.0,European/2013/Downloadables/K pneumoniae/number-k-pneumoniae-isolates-and-percentage-resistant-3-gen-cephalosporins-2010-2013.xlsx
Cyprus,2011,Klebsiella pneumoniae,third-generation cephalosporins,41.0,83.0,European/2014/K pneumoniae/number-k-pneumoniae-isolates-and-percentage-resistant-cephalosporins-2011-2014.xlsx
Cyprus,2012,Klebsiella pneumoniae,third-generation cephalosporins,23.1,65.0,European/2014/K pneumoniae/number-k-pneumoniae-isolates-and-percentage-resistant-cephalosporins-2011-2014.xlsx
Cyprus,2013,Klebsiella pneumoniae,third-generation cephalosporins,30.9,68.0,European/2014/K pneumoniae/number-k-pneumoniae-isolates-and-percentage-resistant-cephalosporins-2011-2014.xlsx
Cyprus,2014,Klebsiella pneumoniae,third-generation cephalosporins,32.5,80.0,European/2014/K pneumoniae/number-k-pneumoniae-isolates-and-percentage-resistant-cephalosporins-2011-2014.xlsx
Cyprus,2015,Klebsiella pneumoniae,third-generation cephalosporins,43.5,62.0,"European/2015/Klebsiella, Tables 3-8 to 3-13.xlsx [Table 3.9]"
Czech Republic,2010,Klebsiella pneumoniae,third-generation cephalosporins,48.2,1263.0,European/2013/Downloadables/K pneumoniae/number-k-pneumoniae-isolates-and-percentage-resistant-3-gen-cephalosporins-2010-2013.xlsx
Czech Republic,2011,Klebsiella pneumoniae,third-generation cephalosporins,48.3,1287.0,European/2014/K pneumoniae/number-k-pneumoniae-isolates-and-percentage-resistant-cephalosporins-2011-2014.xlsx
Czech Republic,2012,Klebsiella pneumoniae,third-generation cephalosporins,51.2,1399.0,European/2014/K pneumoniae/number-k-pneumoniae-isolates-and-percentage-resistant-cephalosporins-2011-2014.xlsx
Czech Republic,2013,Klebsiella pneumoniae,third-generation cephalosporins,52.0,1291.0,European/2014/K pneumoniae/number-k-pneumoniae-isolates-and-percentage-resistant-cephalosporins-2011-2014.xlsx
Czech Republic,2014,Klebsiella pneumoniae,third-generation cephalosporins,52.9,1383.0,European/2014/K pneumoniae/number-k-pneumoniae-isolates-and-percentage-resistant-cephalosporins-2011-2014.xlsx
Czech Republic,2015,Klebsiella pneumoniae,third-generation cephalosporins,54.1,1417.0,"European/2015/Klebsiella, Tables 3-8 to 3-13.xlsx [Table 3.9]"
Denmark,2010,Klebsiella pneumoniae,third-generation cephalosporins,10.6,559.0,European/2013/Downloadables/K pneumoniae/number-k-pneumoniae-isolates-and-percentage-resistant-3-gen-cephalosporins-2010-2013.xlsx
Denmark,2011,Klebsiella pneumoniae,third-generation cephalosporins,11.1,637.0,European/2014/K pneumoniae/number-k-pneumoniae-isolates-and-percentage-resistant-cephalosporins-2011-2014.xlsx
Denmark,2012,Klebsiella pneumoniae,third-generation cephalosporins,10.5,621.0,European/2014/K pneumoniae/number-k-pneumoniae-isolates-and-percentage-resistant-cephalosporins-2011-2014.xlsx
Denmark,2013,Klebsiella pneumoniae,third-generation cephalosporins,11.5,529.0,European/2014/K pneumoniae/number-k-pneumoniae-isolates-and-percentage-resistant-cephalosporins-2011-2014.xlsx
Denmark,2014,Klebsiella pneumoniae,third-generation cephalosporins,7.6,925.0,European/2014/K pneumoniae/number-k-pneumoniae-isolates-and-percentage-resistant-cephalosporins-2011-2014.xlsx
Denmark,2015,Klebsiella pneumoniae,third-generation cephalosporins,7.8,929.0,"European/2015/Klebsiella, Tables 3-8 to 3-13.xlsx [Table 3.9]"
Estonia,2010,Klebsiella pneumoniae,third-generation cephalosporins,17.3,81.0,European/2013/Downloadables/K pneumoniae/number-k-pneumoniae-isolates-and-percentage-resistant-3-gen-cephalosporins-2010-2013.xlsx
Estonia,2011,Klebsiella pneumoniae,third-generation cephalosporins,39.5,43.0,European/2014/K pneumoniae/number-k-pneumoniae-isolates-and-percentage-resistant-cephalosporins-2011-2014.xlsx
Estonia,2012,Klebsiella pneumoniae,third-generation cephalosporins,17.8,90.0,European/2014/K pneumoniae/number-k-pneumoniae-isolates-and-percentage-resistant-cephalosporins-2011-2014.xlsx
Estonia,2013,Klebsiella pneumoniae,third-generation cephalosporins,23.3,90.0,European/2014/K pneumoniae/number-k-pneumoniae-isolates-and-percentage-resistant-cephalosporins-2011-2014.xlsx
Estonia,2014,Klebsiella pneumoniae,third-generation cephalosporins,20.7,135.0,European/2014/K pneumoniae/number-k-pneumoniae-isolates-and-percentage-resistant-cephalosporins-2011-2014.xlsx
Estonia,2015,Klebsiella pneumoniae,third-generation cephalosporins,23.7,93.0,"European/2015/Klebsiella, Tables 3-8 to 3-13.xlsx [Table 3.9]"
Finland,2010,Klebsiella pneumoniae,third-generation cephalosporins,4.0,397.0,European/2013/Downloadables/K pneumoniae/number-k-pneumoniae-isolates-and-percentage-resistant-3-gen-cephalosporins-2010-2013.xlsx
Finland,2011,Klebsiella pneumoniae,third-generation cephalosporins,2.5,404.0,European/2014/K pneumoniae/number-k-pneumoniae-isolates-and-percentage-resistant-cephalosporins-2011-2014.xlsx
Finland,2012,Klebsiella pneumoniae,third-generation cephalosporins,1.7,536.0,European/2014/K pneumoniae/number-k-pneumoniae-isolates-and-percentage-resistant-cephalosporins-2011-2014.xlsx
Finland,2013,Klebsiella pneumoniae,third-generation cephalosporins,2.2,546.0,European/2014/K pneumoniae/number-k-pneumoniae-isolates-and-percentage-resistant-cephalosporins-2011-2014.xlsx
Finland,2014,Klebsiella pneumoniae,third-generation cephalosporins,2.4,582.0,European/2014/K pneumoniae/number-k-pneumoniae-isolates-and-percentage-resistant-cephalosporins-2011-2014.xlsx
Finland,2015,Klebsiella pneumoniae,third-generation cephalosporins,3.0,644.0,"European/2015/Klebsiella, Tables 3-8 to 3-13.xlsx [Table 3.9]"
France,2010,Klebsiella pneumoniae,third-generation cephalosporins,17.8,1542.0,European/2013/Downloadables/K pneumoniae/number-k-pneumoniae-isolates-and-percentage-resistant-3-gen-cephalosporins-2010-2013.xlsx
France,2011,Klebsiella pneumoniae,third-generation cephalosporins,25.3,1654.0,European/2014/K pneumoniae/number-k-pneumoniae-isolates-and-percentage-resistant-cephalosporins-2011-2014.xlsx
France,2012,Klebsiella pneumoniae,third-generation cephalosporins,22.6,1711.0,European/2014/K pneumoniae/number-k-pneumoniae-isolates-and-percentage-resistant-cephalosporins-2011-2014.xlsx
France,2013,Klebsiella pneumoniae,third-generation cephalosporins,28.0,1938.0,European/2014/K pneumoniae/number-k-pneumoniae-isolates-and-percentage-resistant-cephalosporins-2011-2014.xlsx
France,2014,Klebsiella pneumoniae,third-generation cephalosporins,29.6,2192.0,European/2014/K pneumoniae/number-k-pneumoniae-isolates-and-percentage-resistant-cephalosporins-2011-2014.xlsx
France,2015,Klebsiella pneumoniae,third-generation cephalosporins,30.5,2338.0,"European/2015/Klebsiella, Tables 3-8 to 3-13.xlsx [Table 3.9]"
Germany,2010,Klebsiella pneumoniae,third-generation cephalosporins,12.8,478.0,European/2013/Downloadables/K pneumoniae/number-k-pneumoniae-isolates-and-percentage-resistant-3-gen-cephalosporins-2010-2013.xlsx
Germany,2011,Klebsiella pneumoniae,third-generation cephalosporins,12.5,519.0,European/2014/K pneumoniae/number-k-pneumoniae-isolates-and-percentage-resistant-cephalosporins-2011-2014.xlsx
Germany,2012,Klebsiella pneumoniae,third-generation cephalosporins,13.0,664.0,European/2014/K pneumoniae/number-k-pneumoniae-isolates-and-percentage-resistant-cephalosporins-2011-2014.xlsx
Germany,2013,Klebsiella pneumoniae,third-generation cephalosporins,16.1,746.0,European/2014/K pneumoniae/number-k-pneumoniae-isolates-and-percentage-resistant-cephalosporins-2011-2014.xlsx
Germany,2014,Klebsiella pneumoniae,third-generation cephalosporins,12.7,1006.0,European/2014/K pneumoniae/number-k-pneumoniae-isolates-and-percentage-resistant-cephalosporins-2011-2014.xlsx
Germany,2015,Klebsiella pneumoniae,third-generation cephalosporins,10.1,1518.0,"European/2015/Klebsiella, Tables 3-8 to 3-13.xlsx [Table 3.9]"
Greece,2010,Klebsiella pneumoniae,third-generation cephalosporins,74.6,1686.0,European/2013/Downloadables/K pneumoniae/number-k-pneumoniae-isolates-and-percentage-resistant-3-gen-cephalosporins-2010-2013.xlsx
Greece,2011,Klebsiella pneumoniae,third-generation cephalosporins,75.8,1665.0,European/2014/K pneumoniae/number-k-pneumoniae-isolates-and-percentage-resistant-cephalosporins-2011-2014.xlsx
Greece,2012,Klebsiella pneumoniae,third-generation cephalosporins,70.9,1459.0,European/2014/K pneumoniae/number-k-pneumoniae-isolates-and-percentage-resistant-cephalosporins-2011-2014.xlsx
Greece,2013,Klebsiella pneumoniae,third-generation cephalosporins,70.1,1208.0,European/2014/K pneumoniae/number-k-pneumoniae-isolates-and-percentage-resistant-cephalosporins-2011-2014.xlsx
Greece,2014,Klebsiella pneumoniae,third-generation cephalosporins,72.5,1092.0,European/2014/K pneumoniae/number-k-pneumoniae-isolates-and-percentage-resistant-cephalosporins-2011-2014.xlsx
Greece,2015,Klebsiella pneumoniae,third-generation cephalosporins,69.5,1185.0,"European/2015/Klebsiella, Tables 3-8 to 3-13.xlsx [Table 3.9]"
Hungary,2010,Klebsiella pneumoniae,third-generation cephalosporins,45.9,512.0,European/2013/Downloadables/K pneumoniae/number-k-pneumoniae-isolates-and-percentage-resistant-3-gen-cephalosporins-2010-2013.xlsx
Hungary,2011,Klebsiella pneumoniae,third-generation cephalosporins,53.1,431.0,European/2014/K pneumoniae/number-k-pneumoniae-isolates-and-percentage-resistant-cephalosporins-2011-2014.xlsx
Hungary,2012,Klebsiella pneumoniae,third-generation cephalosporins,43.0,500.0,European/2014/K pneumoniae/number-k-pneumoniae-isolates-and-percentage-resistant-cephalosporins-2011-2014.xlsx
Hungary,2013,Klebsiella pneumoniae,third-generation cephalosporins,37.3,557.0,European/2014/K pneumoniae/number-k-pneumoniae-isolates-and-percentage-resistant-cephalosporins-2011-2014.xlsx
Hungary,2014,Klebsiella pneumoniae,third-generation cephalosporins,35.6,644.0,European/2014/K pneumoniae/number-k-pneumoniae-isolates-and-percentage-resistant-cephalosporins-2011-2014.xlsx
Hungary,2015,Klebsiella pneumoniae,third-generation cephalosporins,37.2,704.0,"European/2015/Klebsiella, Tables 3-8 to 3-13.xlsx [Table 3.9]"
Iceland,2010,Klebsiella pneumoniae,third-generation cephalosporins,3.7,27.0,European/2013/Downloadables/K pneumoniae/number-k-pneumoniae-isolates-and-percentage-resistant-3-gen-cephalosporins-2010-2013.xlsx
Iceland,2011,Klebsiella pneumoniae,third-generation cephalosporins,7.7,26.0,European/2014/K pneumoniae/number-k-pneumoniae-isolates-and-percentage-resistant-cephalosporins-2011-2014.xlsx
Iceland,2012,Klebsiella pneumoniae,third-generation cephalosporins,21.4,14.0,European/2014/K pneumoniae/number-k-pneumoniae-isolates-and-percentage-resistant-cephalosporins-2011-2014.xlsx
Iceland,2013,Klebsiella pneumoniae,third-generation cephalosporins,0.0,30.0,European/2014/K pneumoniae/number-k-pneumoniae-isolates-and-percentage-resistant-cephalosporins-2011-2014.xlsx
Iceland,2014,Klebsiella pneumoniae,third-generation cephalosporins,0.0,28.0,European/2014/K pneumoniae/number-k-pneumoniae-isolates-and-percentage-resistant-cephalosporins-2011-2014.xlsx
Iceland,2015,Klebsiella pneumoniae,third-generation cephalosporins,0.0,36.0,"European/2015/Klebsiella, Tables 3-8 to 3-13.xlsx [Table 3.9]"
Ireland,2010,Klebsiella pneumoniae,third-generation cephalosporins,8.5,318.0,European/2013/Downloadables/K pneumoniae/number-k-pneumoniae-isolates-and-percentage-resistant-3-gen-cephalosporins-2010-2013.xlsx
Ireland,2011,Klebsiella pneumoniae,third-generation cephalosporins,7.6,304.0,European/2014/K pneumoniae/number-k-pneumoniae-isolates-and-percentage-resistant-cephalosporins-2011-2014.xlsx
Ireland,2012,Klebsiella pneumoniae,third-generation cephalosporins,9.5,326.0,European/2014/K pneumoniae/number-k-pneumoniae-isolates-and-percentage-resistant-cephalosporins-2011-2014.xlsx
Ireland,2013,Klebsiella pneumoniae,third-generation cephalosporins,19.3,316.0,European/2014/K pneumoniae/number-k-pneumoniae-isolates-and-percentage-resistant-cephalosporins-2011-2014.xlsx
Ireland,2014,Klebsiella pneumoniae,third-generation cephalosporins,11.6,354.0,European/2014/K pneumoniae/number-k-pneumoniae-isolates-and-percentage-resistant-cephalosporins-2011-2014.xlsx
Ireland,2015,Klebsiella pneumoniae,third-generation cephalosporins,14.7,387.0,"European/2015/Klebsiella, Tables 3-8 to 3-13.xlsx [Table 3.9]"
Italy,2010,Klebsiella pneumoniae,third-generation cephalosporins,46.5,701.0,European/2013/Downloadables/K pneumoniae/number-k-pneumoniae-isolates-and-percentage-resistant-3-gen-cephalosporins-2010-2013.xlsx
Italy,2011,Klebsiella pneumoniae,third-generation cephalosporins,45.9,627.0,European/2014/K pneumoniae/number-k-pneumoniae-isolates-and-percentage-resistant-cephalosporins-2011-2014.xlsx
Italy,2012,Klebsiella pneumoniae,third-generation cephalosporins,47.9,852.0,European/2014/K pneumoniae/number-k-pneumoniae-isolates-and-percentage-resistant-cephalosporins-2011-2014.xlsx
Italy,2013,Klebsiella pneumoniae,third-generation cephalosporins,55.1,1441.0,European/2014/K pneumoniae/number-k-pneumoniae-isolates-and-percentage-resistant-cephalosporins-2011-2014.xlsx
Italy,2014,Klebsiella pneumoniae,third-generation cephalosporins,56.5,1319.0,European/2014/K pneumoniae/number-k-pneumoniae-isolates-and-percentage-resistant-cephalosporins-2011-2014.xlsx
Italy,2015,Klebsiella pneumoniae,third-generation cephalosporins,55.9,1999.0,"European/2015/Klebsiella, Tables 3-8 to 3-13.xlsx [Table 3.9]"
Latvia,2010,Klebsiella pneumoniae,third-generation cephalosporins,54.7,64.0,European/2013/Downloadables/K pneumoniae/number-k-pneumoniae-isolates-and-percentage-resistant-3-gen-cephalosporins-2010-2013.xlsx
Latvia,2011,Klebsiella pneumoniae,third-generation cephalosporins,38.5,65.0,European/2014/K pneumoniae/number-k-pneumoniae-isolates-and-percentage-resistant-cephalosporins-2011-2014.xlsx
Latvia,2012,Klebsiella pneumoniae,third-generation cephalosporins,62.8,78.0,European/2014/K pneumoniae/number-k-pneumoniae-isolates-and-percentage-resistant-cephalosporins-2011-2014.xlsx
Latvia,2013,Klebsiella pneumoniae,third-generation cephalosporins,66.3,92.0,European/2014/K pneumoniae/number-k-pneumoniae-isolates-and-percentage-resistant-cephalosporins-2011-2014.xlsx
Latvia,2014,Klebsiella pneumoniae,third-generation cephalosporins,52.9,104.0,European/2014/K pneumoniae/number-k-pneumoniae-isolates-and-percentage-resistant-cephalosporins-2011-2014.xlsx
Latvia,2015,Klebsiella pneumoniae,third-generation cephalosporins,47.0,115.0,"European/2015/Klebsiella, Tables 3-8 to 3-13.xlsx [Table 3.9]"
Lithuania,2010,Klebsiella pneumoniae,third-generation cephalosporins,50.6,81.0,European/2013/Downloadables/K pneumoniae/number-k-pneumoniae-isolates-and-percentage-resistant-3-gen-cephalosporins-2010-2013.xlsx
Lithuania,2011,Klebsiella pneumoniae,third-generation cephalosporins,60.6,137.0,European/2014/K pneumoniae/number-k-pneumoniae-isolates-and-percentage-resistant-cephalosporins-2011-2014.xlsx
Lithuania,2012,Klebsiella pneumoniae,third-generation cephalosporins,64.0,186.0,European/2014/K pneumoniae/number-k-pneumoniae-isolates-and-percentage-resistant-cephalosporins-2011-2014.xlsx
Lithuania,2013,Klebsiella pneumoniae,third-generation cephalosporins,44.1,145.0,European/2014/K pneumoniae/number-k-pneumoniae-isolates-and-percentage-resistant-cephalosporins-2011-2014.xlsx
Lithuania,2014,Klebsiella pneumoniae,third-generation cephalosporins,52.6,154.0,European/2014/K pneumoniae/number-k-pneumoniae-isolates-and-percentage-resistant-cephalosporins-2011-2014.xlsx
Lithuania,2015,Klebsiella pneumoniae,third-generation cephalosporins,51.7,178.0,"European/2015/Klebsiella, Tables 3-8 to 3-13.xlsx [Table 3.9]"
Luxembourg,2010,Klebsiella pneumoniae,third-generation cephalosporins,5.1,59.0,European/2013/Downloadables/K pneumoniae/number-k-pneumoniae-isolates-and-percentage-resistant-3-gen-cephalosporins-2010-2013.xlsx
Luxembourg,2011,Klebsiella pneumoniae,third-generation cephalosporins,35.4,48.0,European/2014/K pneumoniae/number-k-pneumoniae-isolates-and-percentage-resistant-cephalosporins-2011-2014.xlsx
Luxembourg,2012,Klebsiella pneumoniae,third-generation cephalosporins,34.0,50.0,European/2014/K pneumoniae/number-k-pneumoniae-isolates-and-percentage-resistant-cephalosporins-2011-2014.xlsx
Luxembourg,2013,Klebsiella pneumoniae,third-generation cephalosporins,34.0,53.0,European/2014/K pneumoniae/number-k-pneumoniae-isolates-and-percentage-resistant-cephalosporins-2011-2014.xlsx
Luxembourg,2014,Klebsiella pneumoniae,third-generation cephalosporins,34.8,66.0,European/2014/K pneumoniae/number-k-pneumoniae-isolates-and-percentage-resistant-cephalosporins-2011-2014.xlsx
Luxembourg,2015,Klebsiella pneumoniae,third-generation cephalosporins,28.3,60.0,"European/2015/Klebsiella, Tables 3-8 to 3-13.xlsx [Table 3.9]"
Malta,2010,Klebsiella pneumoniae,third-generation cephalosporins,12.3,57.0,European/2013/Downloadables/K pneumoniae/number-k-pneumoniae-isolates-and-percentage-resistant-3-gen-cephalosporins-2010-2013.xlsx
Malta,2011,Klebsiella pneumoniae,third-generation cephalosporins,13.5,52.0,European/2014/K pneumoniae/number-k-pneumoniae-isolates-and-percentage-resistant-cephalosporins-2011-2014.xlsx
Malta,2012,Klebsiella pneumoniae,third-generation cephalosporins,26.3,57.0,European/2014/K pneumoniae/number-k-pneumoniae-isolates-and-percentage-resistant-cephalosporins-2011-2014.xlsx
Malta,2013,Klebsiella pneumoniae,third-generation cephalosporins,27.5,69.0,European/2014/K pneumoniae/number-k-pneumoniae-isolates-and-percentage-resistant-cephalosporins-2011-2014.xlsx
Malta,2014,Klebsiella pneumoniae,third-generation cephalosporins,29.7,101.0,European/2014/K pneumoniae/number-k-pneumoniae-isolates-and-percentage-resistant-cephalosporins-2011-2014.xlsx
Malta,2015,Klebsiella pneumoniae,third-generation cephalosporins,16.3,92.0,"European/2015/Klebsiella, Tables 3-8 to 3-13.xlsx [Table 3.9]"
Netherlands,2010,Klebsiella pneumoniae,third-generation cephalosporins,7.2,641.0,European/2013/Downloadables/K pneumoniae/number-k-pneumoniae-isolates-and-percentage-resistant-3-gen-cephalosporins-2010-2013.xlsx
Netherlands,2011,Klebsiella pneumoniae,third-generation cephalosporins,8.1,720.0,European/2014/K pneumoniae/number-k-pneumoniae-isolates-and-percentage-resistant-cephalosporins-2011-2014.xlsx
Netherlands,2012,Klebsiella pneumoniae,third-generation cephalosporins,6.7,683.0,European/2014/K pneumoniae/number-k-pneumoniae-isolates-and-percentage-resistant-cephalosporins-2011-2014.xlsx
Netherlands,2013,Klebsiella pneumoniae,third-generation cephalosporins,7.5,644.0,European/2014/K pneumoniae/number-k-pneumoniae-isolates-and-percentage-resistant-cephalosporins-2011-2014.xlsx
Netherlands,2014,Klebsiella pneumoniae,third-generation cephalosporins,5.5,911.0,European/2014/K pneumoniae/number-k-pneumoniae-isolates-and-percentage-resistant-cephalosporins-2011-2014.xlsx
Netherlands,2015,Klebsiella pneumoniae,third-generation cephalosporins,8.6,908.0,"European/2015/Klebsiella, Tables 3-8 to 3-13.xlsx [Table 3.9]"
Norway,2010,Klebsiella pneumoniae,third-generation cephalosporins,2.1,479.0,European/2013/Downloadables/K pneumoniae/number-k-pneumoniae-isolates-and-percentage-resistant-3-gen-cephalosporins-2010-2013.xlsx
Norway,2011,Klebsiella pneumoniae,third-generation cephalosporins,2.9,421.0,European/2014/K pneumoniae/number-k-pneumoniae-isolates-and-percentage-resistant-cephalosporins-2011-2014.xlsx
Norway,2012,Klebsiella pneumoniae,third-generation cephalosporins,3.2,621.0,European/2014/K pneumoniae/number-k-pneumoniae-isolates-and-percentage-resistant-cephalosporins-2011-2014.xlsx
Norway,2013,Klebsiella pneumoniae,third-generation cephalosporins,4.0,645.0,European/2014/K pneumoniae/number-k-pneumoniae-isolates-and-percentage-resistant-cephalosporins-2011-2014.xlsx
Norway,2014,Klebsiella pneumoniae,third-generation cephalosporins,5.9,746.0,European/2014/K pneumoniae/number-k-pneumoniae-isolates-and-percentage-resistant-cephalosporins-2011-2014.xlsx
Norway,2015,Klebsiella pneumoniae,third-generation cephalosporins,5.0,701.0,"European/2015/Klebsiella, Tables 3-8 to 3-13.xlsx [Table 3.9]"
Poland,2010,Klebsiella pneumoniae,third-generation cephalosporins,39.7,232.0,European/2013/Downloadables/K pneumoniae/number-k-pneumoniae-isolates-and-percentage-resistant-3-gen-cephalosporins-2010-2013.xlsx
Poland,2011,Klebsiella pneumoniae,third-generation cephalosporins,59.7,278.0,European/2014/K pneumoniae/number-k-pneumoniae-isolates-and-percentage-resistant-cephalosporins-2011-2014.xlsx
Poland,2012,Klebsiella pneumoniae,third-generation cephalosporins,60.5,362.0,European/2014/K pneumoniae/number-k-pneumoniae-isolates-and-percentage-resistant-cephalosporins-2011-2014.xlsx
Poland,2013,Klebsiella pneumoniae,third-generation cephalosporins,65.2,376.0,European/2014/K pneumoniae/number-k-pneumoniae-isolates-and-percentage-resistant-cephalosporins-2011-2014.xlsx
Poland,2014,Klebsiella pneumoniae,third-generation cephalosporins,68.2,465.0,"European/2015/Klebsiella, Tables 3-8 to 3-13.xlsx [Table 3.9]"
Poland,2015,Klebsiella pneumoniae,third-generation cephalosporins,64.2,676.0,"European/2015/Klebsiella, Tables 3-8 to 3-13.xlsx [Table 3.9]"
Portugal,2010,Klebsiella pneumoniae,third-generation cephalosporins,28.3,580.0,European/2013/Downloadables/K pneumoniae/number-k-pneumoniae-isolates-and-percentage-resistant-3-gen-cephalosporins-2010-2013.xlsx
Portugal,2011,Klebsiella pneumoniae,third-generation cephalosporins,35.4,616.0,European/2014/K pneumoniae/number-k-pneumoniae-isolates-and-percentage-resistant-cephalosporins-2011-2014.xlsx
Portugal,2012,Klebsiella pneumoniae,third-generation cephalosporins,38.7,781.0,European/2014/K pneumoniae/number-k-pneumoniae-isolates-and-percentage-resistant-cephalosporins-2011-2014.xlsx
Portugal,2013,Klebsiella pneumoniae,third-generation cephalosporins,37.0,911.0,European/2014/K pneumoniae/number-k-pneumoniae-isolates-and-percentage-resistant-cephalosporins-2011-2014.xlsx
Portugal,2014,Klebsiella pneumoniae,third-generation cephalosporins,40.9,1712.0,European/2014/K pneumoniae/number-k-pneumoniae-isolates-and-percentage-resistant-cephalosporins-2011-2014.xlsx
Portugal,2015,Klebsiella pneumoniae,third-generation cephalosporins,40.4,2094.0,"European/2015/Klebsiella, Tables 3-8 to 3-13.xlsx [Table 3.9]"
Romania,2010,Klebsiella pneumoniae,third-generation cephalosporins,70.6,17.0,European/2013/Downloadables/K pneumoniae/number-k-pneumoniae-isolates-and-percentage-resistant-3-gen-cephalosporins-2010-2013.xlsx
Romania,2011,Klebsiella pneumoniae,third-generation cephalosporins,44.0,25.0,European/2014/K pneumoniae/number-k-pneumoniae-isolates-and-percentage-resistant-cephalosporins-2011-2014.xlsx
Romania,2012,Klebsiella pneumoniae,third-generation cephalosporins,60.8,102.0,European/2014/K pneumoniae/number-k-pneumoniae-isolates-and-percentage-resistant-cephalosporins-2011-2014.xlsx
Romania,2013,Klebsiella pneumoniae,third-generation cephalosporins,67.3,214.0,European/2014/K pneumoniae/number-k-pneumoniae-isolates-and-percentage-resistant-cephalosporins-2011-2014.xlsx
Romania,2014,Klebsiella pneumoniae,third-generation cephalosporins,73.8,256.0,European/2014/K pneumoniae/number-k-pneumoniae-isolates-and-percentage-resistant-cephalosporins-2011-2014.xlsx
Romania,2015,Klebsiella pneumoniae,third-generation cephalosporins,70.7,270.0,"European/2015/Klebsiella, Tables 3-8 to 3-13.xlsx [Table 3.9]"
Slovak Republic,2012,Klebsiella pneumoniae,third-generation cephalosporins,62.7,378.0,"European/2015/Klebsiella, Tables 3-8 to 3-13.xlsx [Table 3.9]"
Slovak Republic,2013,Klebsiella pneumoniae,third-generation cephalosporins,66.4,488.0,"European/2015/Klebsiella, Tables 3-8 to 3-13.xlsx [Table 3.9]"
Slovak Republic,2014,Klebsiella pneumoniae,third-generation cephalosporins,69.4,493.0,"European/2015/Klebsiella, Tables 3-8 to 3-13.xlsx [Table 3.9]"
Slovak Republic,2015,Klebsiella pneumoniae,third-generation cephalosporins,67.2,469.0,"European/2015/Klebsiella, Tables 3-8 to 3-13.xlsx [Table 3.9]"
Slovakia,2011,Klebsiella pneumoniae,third-generation cephalosporins,68.2,466.0,European/2014/K pneumoniae/number-k-pneumoniae-isolates-and-percentage-resistant-cephalosporins-2011-2014.xlsx
Slovakia,2012,Klebsiella pneumoniae,third-generation cephalosporins,62.7,378.0,European/2014/K pneumoniae/number-k-pneumoniae-isolates-and-percentage-resistant-cephalosporins-2011-2014.xlsx
Slovakia,2013,Klebsiella pneumoniae,third-generation cephalosporins,66.4,488.0,European/2014/K pneumoniae/number-k-pneumoniae-isolates-and-percentage-resistant-cephalosporins-2011-2014.xlsx
Slovakia,2014,Klebsiella pneumoniae,third-generation cephalosporins,69.4,493.0,European/2014/K pneumoniae/number-k-pneumoniae-isolates-and-percentage-resistant-cephalosporins-2011-2014.xlsx
Slovenia,2010,Klebsiella pneumoniae,third-generation cephalosporins,22.4,196.0,European/2013/Downloadables/K pneumoniae/number-k-pneumoniae-isolates-and-percentage-resistant-3-gen-cephalosporins-2010-2013.xlsx
Slovenia,2011,Klebsiella pneumoniae,third-generation cephalosporins,30.2,232.0,European/2014/K pneumoniae/number-k-pneumoniae-isolates-and-percentage-resistant-cephalosporins-2011-2014.xlsx
Slovenia,2012,Klebsiella pneumoniae,third-generation cephalosporins,28.3,254.0,European/2014/K pneumoniae/number-k-pneumoniae-isolates-and-percentage-resistant-cephalosporins-2011-2014.xlsx
Slovenia,2013,Klebsiella pneumoniae,third-generation cephalosporins,29.0,245.0,European/2014/K pneumoniae/number-k-pneumoniae-isolates-and-percentage-resistant-cephalosporins-2011-2014.xlsx
Slovenia,2014,Klebsiella pneumoniae,third-generation cephalosporins,26.6,233.0,European/2014/K pneumoniae/number-k-pneumoniae-isolates-and-percentage-resistant-cephalosporins-2011-2014.xlsx
Slovenia,2015,Klebsiella pneumoniae,third-generation cephalosporins,22.8,237.0,"European/2015/Klebsiella, Tables 3-8 to 3-13.xlsx [Table 3.9]"
Spain,2010,Klebsiella pneumoniae,third-generation cephalosporins,10.2,1161.0,European/2013/Downloadables/K pneumoniae/number-k-pneumoniae-isolates-and-percentage-resistant-3-gen-cephalosporins-2010-2013.xlsx
Spain,2011,Klebsiella pneumoniae,third-generation cephalosporins,13.4,1145.0,European/2014/K pneumoniae/number-k-pneumoniae-isolates-and-percentage-resistant-cephalosporins-2011-2014.xlsx
Spain,2012,Klebsiella pneumoniae,third-generation cephalosporins,16.7,1153.0,European/2014/K pneumoniae/number-k-pneumoniae-isolates-and-percentage-resistant-cephalosporins-2011-2014.xlsx
Spain,2013,Klebsiella pneumoniae,third-generation cephalosporins,19.8,1241.0,European/2014/K pneumoniae/number-k-pneumoniae-isolates-and-percentage-resistant-cephalosporins-2011-2014.xlsx
Spain,2014,Klebsiella pneumoniae,third-generation cephalosporins,18.0,1265.0,European/2014/K pneumoniae/number-k-pneumoniae-isolates-and-percentage-resistant-cephalosporins-2011-2014.xlsx
Spain,2015,Klebsiella pneumoniae,third-generation cephalosporins,20.3,1491.0,"European/2015/Klebsiella, Tables 3-8 to 3-13.xlsx [Table 3.9]"
Sweden,2010,Klebsiella pneumoniae,third-generation cephalosporins,1.7,700.0,European/2013/Downloadables/K pneumoniae/number-k-pneumoniae-isolates-and-percentage-resistant-3-gen-cephalosporins-2010-2013.xlsx
Sweden,2011,Klebsiella pneumoniae,third-generation cephalosporins,2.3,943.0,European/2014/K pneumoniae/number-k-pneumoniae-isolates-and-percentage-resistant-cephalosporins-2011-2014.xlsx
Sweden,2012,Klebsiella pneumoniae,third-generation cephalosporins,2.9,977.0,European/2014/K pneumoniae/number-k-pneumoniae-isolates-and-percentage-resistant-cephalosporins-2011-2014.xlsx
Sweden,2013,Klebsiella pneumoniae,third-generation cephalosporins,3.6,1300.0,European/2014/K pneumoniae/number-k-pneumoniae-isolates-and-percentage-resistant-cephalosporins-2011-2014.xlsx
Sweden,2014,Klebsiella pneumoniae,third-generation cephalosporins,4.5,1000.0,European/2014/K pneumoniae/number-k-pneumoniae-isolates-and-percentage-resistant-cephalosporins-2011-2014.xlsx
Sweden,2015,Klebsiella pneumoniae,third-generation cephalosporins,3.3,1001.0,"European/2015/Klebsiella, Tables 3-8 to 3-13.xlsx [Table 3.9]"
United Kingdom,2010,Klebsiella pneumoniae,third-generation cephalosporins,9.7,743.0,European/2013/Downloadables/K pneumoniae/number-k-pneumoniae-isolates-and-percentage-resistant-3-gen-cephalosporins-2010-2013.xlsx
United Kingdom,2011,Klebsiella pneumoniae,third-generation cephalosporins,5.3,935.0,European/2014/K pneumoniae/number-k-pneumoniae-isolates-and-percentage-resistant-cephalosporins-2011-2014.xlsx
United Kingdom,2012,Klebsiella pneumoniae,third-generation cephalosporins,11.8,931.0,European/2014/K pneumoniae/number-k-pneumoniae-isolates-and-percentage-resistant-cephalosporins-2011-2014.xlsx
United Kingdom,2013,Klebsiella pneumoniae,third-generation cephalosporins,13.6,1077.0,European/2014/K pneumoniae/number-k-pneumoniae-isolates-and-percentage-resistant-cephalosporins-2011-2014.xlsx
United Kingdom,2014,Klebsiella pneumoniae,third-generation cephalosporins,9.3,977.0,European/2014/K pneumoniae/number-k-pneumoniae-isolates-and-percentage-resistant-cephalosporins-2011-2014.xlsx
United Kingdom,2015,Klebsiella pneumoniae,third-generation cephalosporins,10.5,916.0,"European/2015/Klebsiella, Tables 3-8 to 3-13.xlsx [Table 3.9]"
Austria,2010,Pseudomonas aeruginosa,aminoglycosides,11.0,501.0,European/2013/Downloadables/P aeruginosa/number-p-aeruginosa-isolates-and-percentage-resistant-aminoglycosides-2010-2013.xlsx
Austria,2011,Pseudomonas aeruginosa,aminoglycosides,13.4,536.0,European/2014/P aeruginosa/number-p-aeruginosa-isolates-and-percentage-resistant-aminoglycosides-2011-2014.xlsx
Austria,2012,Pseudomonas aeruginosa,aminoglycosides,11.5,592.0,European/2014/P aeruginosa/number-p-aeruginosa-isolates-and-percentage-resistant-aminoglycosides-2011-2014.xlsx
Austria,2013,Pseudomonas aeruginosa,aminoglycosides,7.4,618.0,European/2014/P aeruginosa/number-p-aeruginosa-isolates-and-percentage-resistant-aminoglycosides-2011-2014.xlsx
Austria,2014,Pseudomonas aeruginosa,aminoglycosides,6.6,638.0,European/2014/P aeruginosa/number-p-aeruginosa-isolates-and-percentage-resistant-aminoglycosides-2011-2014.xlsx
Austria,2015,Pseudomonas aeruginosa,aminoglycosides,6.3,678.0,"European/2015/Pseudomonas, Tables 3-14 to 3-20.xlsx [Table 3.17]"
Belgium,2010,Pseudomonas aeruginosa,aminoglycosides,10.7,121.0,European/2013/Downloadables/P aeruginosa/number-p-aeruginosa-isolates-and-percentage-resistant-aminoglycosides-2010-2013.xlsx
Belgium,2011,Pseudomonas aeruginosa,aminoglycosides,12.5,424.0,European/2014/P aeruginosa/number-p-aeruginosa-isolates-and-percentage-resistant-aminoglycosides-2011-2014.xlsx
Belgium,2012,Pseudomonas aeruginosa,aminoglycosides,11.8,347.0,European/2014/P aeruginosa/number-p-aeruginosa-isolates-and-percentage-resistant-aminoglycosides-2011-2014.xlsx
Belgium,2013,Pseudomonas aeruginosa,aminoglycosides,12.7,487.0,European/2014/P aeruginosa/number-p-aeruginosa-isolates-and-percentage-resistant-aminoglycosides-2011-2014.xlsx
Belgium,2014,Pseudomonas aeruginosa,aminoglycosides,10.1,317.0,European/2014/P aeruginosa/number-p-aeruginosa-isolates-and-percentage-resistant-aminoglycosides-2011-2014.xlsx
Belgium,2015,Pseudomonas aeruginosa,aminoglycosides,6.0,218.0,"European/2015/Pseudomonas, Tables 3-14 to 3-20.xlsx [Table 3.17]"
Bulgaria,2010,Pseudomonas aeruginosa,aminoglycosides,21.4,42.0,European/2013/Downloadables/P aeruginosa/number-p-aeruginosa-isolates-and-percentage-resistant-aminoglycosides-2010-2013.xlsx
Bulgaria,2011,Pseudomonas aeruginosa,aminoglycosides,37.5,48.0,European/2014/P aeruginosa/number-p-aeruginosa-isolates-and-percentage-resistant-aminoglycosides-2011-2014.xlsx
Bulgaria,2012,Pseudomonas aeruginosa,aminoglycosides,32.7,52.0,European/2014/P aeruginosa/number-p-aeruginosa-isolates-and-percentage-resistant-aminoglycosides-2011-2014.xlsx
Bulgaria,2013,Pseudomonas aeruginosa,aminoglycosides,20.0,60.0,European/2014/P aeruginosa/number-p-aeruginosa-isolates-and-percentage-resistant-aminoglycosides-2011-2014.xlsx
Bulgaria,2014,Pseudomonas aeruginosa,aminoglycosides,31.3,48.0,European/2014/P aeruginosa/number-p-aeruginosa-isolates-and-percentage-resistant-aminoglycosides-2011-2014.xlsx
Bulgaria,2015,Pseudomonas aeruginosa,aminoglycosides,27.7,47.0,"European/2015/Pseudomonas, Tables 3-14 to 3-20.xlsx [Table 3.17]"
Croatia,2010,Pseudomonas aeruginosa,aminoglycosides,26.2,210.0,European/2013/Downloadables/P aeruginosa/number-p-aeruginosa-isolates-and-percentage-resistant-aminoglycosides-2010-2013.xlsx
Croatia,2011,Pseudomonas aeruginosa,aminoglycosides,35.2,227.0,European/2014/P aeruginosa/number-p-aeruginosa-isolates-and-percentage-resistant-aminoglycosides-2011-2014.xlsx
Croatia,2012,Pseudomonas aeruginosa,aminoglycosides,25.4,197.0,European/2014/P aeruginosa/number-p-aeruginosa-isolates-and-percentage-resistant-aminoglycosides-2011-2014.xlsx
Croatia,2013,Pseudomonas aeruginosa,aminoglycosides,23.6,246.0,European/2014/P aeruginosa/number-p-aeruginosa-isolates-and-percentage-resistant-aminoglycosides-2011-2014.xlsx
Croatia,2014,Pseudomonas aeruginosa,aminoglycosides,35.3,232.0,European/2014/P aeruginosa/number-p-aeruginosa-isolates-and-percentage-resistant-aminoglycosides-2011-2014.xlsx
Croatia,2015,Pseudomonas aeruginosa,aminoglycosides,34.0,256.0,"European/2015/Pseudomonas, Tables 3-14 to 3-20.xlsx [Table 3.17]"
Cyprus,2010,Pseudomonas aeruginosa,aminoglycosides,10.4,48.0,European/2013/Downloadables/P aeruginosa/number-p-aeruginosa-isolates-and-percentage-resistant-aminoglycosides-2010-2013.xlsx
Cyprus,2011,Pseudomonas aeruginosa,aminoglycosides,15.7,51.0,European/2014/P aeruginosa/number-p-aeruginosa-isolates-and-percentage-resistant-aminoglycosides-2011-2014.xlsx
Cyprus,2012,Pseudomonas aeruginosa,aminoglycosides,15.4,52.0,European/2014/P aeruginosa/number-p-aeruginosa-isolates-and-percentage-resistant-aminoglycosides-2011-2014.xlsx
Cyprus,2013,Pseudomonas aeruginosa,aminoglycosides,4.3,47.0,European/2014/P aeruginosa/number-p-aeruginosa-isolates-and-percentage-resistant-aminoglycosides-2011-2014.xlsx
Cyprus,2014,Pseudomonas aeruginosa,aminoglycosides,14.3,42.0,European/2014/P aeruginosa/number-p-aeruginosa-isolates-and-percentage-resistant-aminoglycosides-2011-2014.xlsx
Cyprus,2015,Pseudomonas aeruginosa,aminoglycosides,0.0,43.0,"European/2015/Pseudomonas, Tables 3-14 to 3-20.xlsx [Table 3.17]"
Czech Republic,2010,Pseudomonas aeruginosa,aminoglycosides,32.7,510.0,European/2013/Downloadables/P aeruginosa/number-p-aeruginosa-isolates-and-percentage-resistant-aminoglycosides-2010-2013.xlsx
Czech Republic,2011,Pseudomonas aeruginosa,aminoglycosides,24.1,448.0,European/2014/P aeruginosa/number-p-aeruginosa-isolates-and-percentage-resistant-aminoglycosides-2011-2014.xlsx
Czech Republic,2012,Pseudomonas aeruginosa,aminoglycosides,23.7,489.0,European/2014/P aeruginosa/number-p-aeruginosa-isolates-and-percentage-resistant-aminoglycosides-2011-2014.xlsx
Czech Republic,2013,Pseudomonas aeruginosa,aminoglycosides,26.2,516.0,European/2014/P aeruginosa/number-p-aeruginosa-isolates-and-percentage-resistant-aminoglycosides-2011-2014.xlsx
Czech Republic,2014,Pseudomonas aeruginosa,aminoglycosides,20.6,446.0,European/2014/P aeruginosa/number-p-aeruginosa-isolates-and-percentage-resistant-aminoglycosides-2011-2014.xlsx
Czech Republic,2015,Pseudomonas aeruginosa,aminoglycosides,21.3,464.0,"European/2015/Pseudomonas, Tables 3-14 to 3-20.xlsx [Table 3.17]"
Denmark,2010,Pseudomonas aeruginosa,aminoglycosides,1.3,375.0,European/2013/Downloadables/P aeruginosa/number-p-aeruginosa-isolates-and-percentage-resistant-aminoglycosides-2010-2013.xlsx
Denmark,2011,Pseudomonas aeruginosa,aminoglycosides,2.2,404.0,European/2014/P aeruginosa/number-p-aeruginosa-isolates-and-percentage-resistant-aminoglycosides-2011-2014.xlsx
Denmark,2012,Pseudomonas aeruginosa,aminoglycosides,3.8,372.0,European/2014/P aeruginosa/number-p-aeruginosa-isolates-and-percentage-resistant-aminoglycosides-2011-2014.xlsx
Denmark,2013,Pseudomonas aeruginosa,aminoglycosides,4.9,408.0,European/2014/P aeruginosa/number-p-aeruginosa-isolates-and-percentage-resistant-aminoglycosides-2011-2014.xlsx
Denmark,2014,Pseudomonas aeruginosa,aminoglycosides,2.3,388.0,European/2014/P aeruginosa/number-p-aeruginosa-isolates-and-percentage-resistant-aminoglycosides-2011-2014.xlsx
Denmark,2015,Pseudomonas aeruginosa,aminoglycosides,2.3,441.0,"European/2015/Pseudomonas, Tables 3-14 to 3-20.xlsx [Table 3.17]"
Estonia,2010,Pseudomonas aeruginosa,aminoglycosides,20.0,10.0,European/2013/Downloadables/P aeruginosa/number-p-aeruginosa-isolates-and-percentage-resistant-aminoglycosides-2010-2013.xlsx
Estonia,2011,Pseudomonas aeruginosa,aminoglycosides,0.0,16.0,European/2014/P aeruginosa/number-p-aeruginosa-isolates-and-percentage-resistant-aminoglycosides-2011-2014.xlsx
Estonia,2012,Pseudomonas aeruginosa,aminoglycosides,24.2,33.0,European/2014/P aeruginosa/number-p-aeruginosa-isolates-and-percentage-resistant-aminoglycosides-2011-2014.xlsx
Estonia,2013,Pseudomonas aeruginosa,aminoglycosides,9.5,21.0,European/2014/P aeruginosa/number-p-aeruginosa-isolates-and-percentage-resistant-aminoglycosides-2011-2014.xlsx
Estonia,2014,Pseudomonas aeruginosa,aminoglycosides,7.5,40.0,European/2014/P aeruginosa/number-p-aeruginosa-isolates-and-percentage-resistant-aminoglycosides-2011-2014.xlsx
Estonia,2015,Pseudomonas aeruginosa,aminoglycosides,5.9,17.0,"European/2015/Pseudomonas, Tables 3-14 to 3-20.xlsx [Table 3.17]"
Finland,2010,Pseudomonas aeruginosa,aminoglycosides,4.1,270.0,European/2013/Downloadables/P aeruginosa/number-p-aeruginosa-isolates-and-percentage-resistant-aminoglycosides-2010-2013.xlsx
Finland,2011,Pseudomonas aeruginosa,aminoglycosides,4.8,269.0,European/2014/P aeruginosa/number-p-aeruginosa-isolates-and-percentage-resistant-aminoglycosides-2011-2014.xlsx
Finland,2012,Pseudomonas aeruginosa,aminoglycosides,2.5,326.0,European/2014/P aeruginosa/number-p-aeruginosa-isolates-and-percentage-resistant-aminoglycosides-2011-2014.xlsx
Finland,2013,Pseudomonas aeruginosa,aminoglycosides,3.1,326.0,European/2014/P aeruginosa/number-p-aeruginosa-isolates-and-percentage-resistant-aminoglycosides-2011-2014.xlsx
Finland,2014,Pseudomonas aeruginosa,aminoglycosides,2.3,305.0,European/2014/P aeruginosa/number-p-aeruginosa-isolates-and-percentage-resistant-aminoglycosides-2011-2014.xlsx
Finland,2015,Pseudomonas aeruginosa,aminoglycosides,1.8,341.0,"European/2015/Pseudomonas, Tables 3-14 to 3-20.xlsx [Table 3.17]"
France,2010,Pseudomonas aeruginosa,aminoglycosides,18.4,1138.0,European/2013/Downloadables/P aeruginosa/number-p-aeruginosa-isolates-and-percentage-resistant-aminoglycosides-2010-2013.xlsx
France,2011,Pseudomonas aeruginosa,aminoglycosides,21.3,1599.0,European/2014/P aeruginosa/number-p-aeruginosa-isolates-and-percentage-resistant-aminoglycosides-2011-2014.xlsx
France,2012,Pseudomonas aeruginosa,aminoglycosides,24.5,1259.0,European/2014/P aeruginosa/number-p-aeruginosa-isolates-and-percentage-resistant-aminoglycosides-2011-2014.xlsx
France,2013,Pseudomonas aeruginosa,aminoglycosides,15.5,1869.0,European/2014/P aeruginosa/number-p-aeruginosa-isolates-and-percentage-resistant-aminoglycosides-2011-2014.xlsx
France,2014,Pseudomonas aeruginosa,aminoglycosides,18.0,1787.0,European/2014/P aeruginosa/number-p-aeruginosa-isolates-and-percentage-resistant-aminoglycosides-2011-2014.xlsx
France,2015,Pseudomonas aeruginosa,aminoglycosides,12.8,1941.0,"European/2015/Pseudomonas, Tables 3-14 to 3-20.xlsx [Table 3.17]"
Germany,2010,Pseudomonas aeruginosa,aminoglycosides,10.2,315.0,European/2013/Downloadables/P aeruginosa/number-p-aeruginosa-isolates-and-percentage-resistant-aminoglycosides-2010-2013.xlsx
Germany,2011,Pseudomonas aeruginosa,aminoglycosides,11.7,386.0,European/2014/P aeruginosa/number-p-aeruginosa-isolates-and-percentage-resistant-aminoglycosides-2011-2014.xlsx
Germany,2012,Pseudomonas aeruginosa,aminoglycosides,10.6,436.0,European/2014/P aeruginosa/number-p-aeruginosa-isolates-and-percentage-resistant-aminoglycosides-2011-2014.xlsx
Germany,2013,Pseudomonas aeruginosa,aminoglycosides,7.6,609.0,European/2014/P aeruginosa/number-p-aeruginosa-isolates-and-percentage-resistant-aminoglycosides-2011-2014.xlsx
Germany,2014,Pseudomonas aeruginosa,aminoglycosides,5.9,643.0,European/2014/P aeruginosa/number-p-aeruginosa-isolates-and-percentage-resistant-aminoglycosides-2011-2014.xlsx
Germany,2015,Pseudomonas aeruginosa,aminoglycosides,7.3,936.0,"European/2015/Pseudomonas, Tables 3-14 to 3-20.xlsx [Table 3.17]"
Greece,2010,Pseudomonas aeruginosa,aminoglycosides,42.8,997.0,European/2013/Downloadables/P aeruginosa/number-p-aeruginosa-isolates-and-percentage-resistant-aminoglycosides-2010-2013.xlsx
Greece,2011,Pseudomonas aeruginosa,aminoglycosides,38.2,935.0,European/2014/P aeruginosa/number-p-aeruginosa-isolates-and-percentage-resistant-aminoglycosides-2011-2014.xlsx
Greece,2012,Pseudomonas aeruginosa,aminoglycosides,40.7,897.0,European/2014/P aeruginosa/number-p-aeruginosa-isolates-and-percentage-resistant-aminoglycosides-2011-2014.xlsx
Greece,2013,Pseudomonas aeruginosa,aminoglycosides,41.6,860.0,European/2014/P aeruginosa/number-p-aeruginosa-isolates-and-percentage-resistant-aminoglycosides-2011-2014.xlsx
Greece,2014,Pseudomonas aeruginosa,aminoglycosides,37.1,677.0,European/2014/P aeruginosa/number-p-aeruginosa-isolates-and-percentage-resistant-aminoglycosides-2011-2014.xlsx
Greece,2015,Pseudomonas aeruginosa,aminoglycosides,26.4,667.0,"European/2015/Pseudomonas, Tables 3-14 to 3-20.xlsx [Table 3.17]"
Hungary,2010,Pseudomonas aeruginosa,aminoglycosides,28.9,636.0,European/2013/Downloadables/P aeruginosa/number-p-aeruginosa-isolates-and-percentage-resistant-aminoglycosides-2010-2013.xlsx
Hungary,2011,Pseudomonas aeruginosa,aminoglycosides,18.0,605.0,European/2014/P aeruginosa/number-p-aeruginosa-isolates-and-percentage-resistant-aminoglycosides-2011-2014.xlsx
Hungary,2012,Pseudomonas aeruginosa,aminoglycosides,26.7,619.0,European/2014/P aeruginosa/number-p-aeruginosa-isolates-and-percentage-resistant-aminoglycosides-2011-2014.xlsx
Hungary,2013,Pseudomonas aeruginosa,aminoglycosides,25.0,664.0,European/2014/P aeruginosa/number-p-aeruginosa-isolates-and-percentage-resistant-aminoglycosides-2011-2014.xlsx
Hungary,2014,Pseudomonas aeruginosa,aminoglycosides,21.3,741.0,European/2014/P aeruginosa/number-p-aeruginosa-isolates-and-percentage-resistant-aminoglycosides-2011-2014.xlsx
Hungary,2015,Pseudomonas aeruginosa,aminoglycosides,20.5,766.0,"European/2015/Pseudomonas, Tables 3-14 to 3-20.xlsx [Table 3.17]"
Iceland,2010,Pseudomonas aeruginosa,aminoglycosides,0.0,12.0,European/2013/Downloadables/P aeruginosa/number-p-aeruginosa-isolates-and-percentage-resistant-aminoglycosides-2010-2013.xlsx
Iceland,2011,Pseudomonas aeruginosa,aminoglycosides,0.0,17.0,European/2014/P aeruginosa/number-p-aeruginosa-isolates-and-percentage-resistant-aminoglycosides-2011-2014.xlsx
Iceland,2012,Pseudomonas aeruginosa,aminoglycosides,0.0,10.0,European/2014/P aeruginosa/number-p-aeruginosa-isolates-and-percentage-resistant-aminoglycosides-2011-2014.xlsx
Iceland,2013,Pseudomonas aeruginosa,aminoglycosides,0.0,11.0,European/2014/P aeruginosa/number-p-aeruginosa-isolates-and-percentage-resistant-aminoglycosides-2011-2014.xlsx
Iceland,2014,Pseudomonas aeruginosa,aminoglycosides,0.0,11.0,European/2014/P aeruginosa/number-p-aeruginosa-isolates-and-percentage-resistant-aminoglycosides-2011-2014.xlsx
Iceland,2015,Pseudomonas aeruginosa,aminoglycosides,0.0,12.0,"European/2015/Pseudomonas, Tables 3-14 to 3-20.xlsx [Table 3.17]"
Ireland,2010,Pseudomonas aeruginosa,aminoglycosides,4.6,219.0,European/2013/Downloadables/P aeruginosa/number-p-aeruginosa-isolates-and-percentage-resistant-aminoglycosides-2010-2013.xlsx
Ireland,2011,Pseudomonas aeruginosa,aminoglycosides,3.9,181.0,European/2014/P aeruginosa/number-p-aeruginosa-isolates-and-percentage-resistant-aminoglycosides-2011-2014.xlsx
Ireland,2012,Pseudomonas aeruginosa,aminoglycosides,9.8,215.0,European/2014/P aeruginosa/number-p-aeruginosa-isolates-and-percentage-resistant-aminoglycosides-2011-2014.xlsx
Ireland,2013,Pseudomonas aeruginosa,aminoglycosides,10.7,205.0,European/2014/P aeruginosa/number-p-aeruginosa-isolates-and-percentage-resistant-aminoglycosides-2011-2014.xlsx
Ireland,2014,Pseudomonas aeruginosa,aminoglycosides,5.6,178.0,European/2014/P aeruginosa/number-p-aeruginosa-isolates-and-percentage-resistant-aminoglycosides-2011-2014.xlsx
Ireland,2015,Pseudomonas aeruginosa,aminoglycosides,4.1,195.0,"European/2015/Pseudomonas, Tables 3-14 to 3-20.xlsx [Table 3.17]"
Italy,2010,Pseudomonas aeruginosa,aminoglycosides,22.5,511.0,European/2013/Downloadables/P aeruginosa/number-p-aeruginosa-isolates-and-percentage-resistant-aminoglycosides-2010-2013.xlsx
Italy,2011,Pseudomonas aeruginosa,aminoglycosides,17.6,335.0,European/2014/P aeruginosa/number-p-aeruginosa-isolates-and-percentage-resistant-aminoglycosides-2011-2014.xlsx
Italy,2012,Pseudomonas aeruginosa,aminoglycosides,30.2,701.0,European/2014/P aeruginosa/number-p-aeruginosa-isolates-and-percentage-resistant-aminoglycosides-2011-2014.xlsx
Italy,2013,Pseudomonas aeruginosa,aminoglycosides,27.2,783.0,European/2014/P aeruginosa/number-p-aeruginosa-isolates-and-percentage-resistant-aminoglycosides-2011-2014.xlsx
Italy,2014,Pseudomonas aeruginosa,aminoglycosides,24.4,709.0,European/2014/P aeruginosa/number-p-aeruginosa-isolates-and-percentage-resistant-aminoglycosides-2011-2014.xlsx
Italy,2015,Pseudomonas aeruginosa,aminoglycosides,17.2,1050.0,"European/2015/Pseudomonas, Tables 3-14 to 3-20.xlsx [Table 3.17]"
Latvia,2010,Pseudomonas aeruginosa,aminoglycosides,28.6,21.0,European/2013/Downloadables/P aeruginosa/number-p-aeruginosa-isolates-and-percentage-resistant-aminoglycosides-2010-2013.xlsx
Latvia,2011,Pseudomonas aeruginosa,aminoglycosides,25.0,12.0,European/2014/P aeruginosa/number-p-aeruginosa-isolates-and-percentage-resistant-aminoglycosides-2011-2014.xlsx
Latvia,2012,Pseudomonas aeruginosa,aminoglycosides,22.2,18.0,European/2014/P aeruginosa/number-p-aeruginosa-isolates-and-percentage-resistant-aminoglycosides-2011-2014.xlsx
Latvia,2013,Pseudomonas aeruginosa,aminoglycosides,20.0,25.0,European/2014/P aeruginosa/number-p-aeruginosa-isolates-and-percentage-resistant-aminoglycosides-2011-2014.xlsx
Latvia,2014,Pseudomonas aeruginosa,aminoglycosides,5.6,18.0,European/2014/P aeruginosa/number-p-aeruginosa-isolates-and-percentage-resistant-aminoglycosides-2011-2014.xlsx
Latvia,2015,Pseudomonas aeruginosa,aminoglycosides,9.1,11.0,"European/2015/Pseudomonas, Tables 3-14 to 3-20.xlsx [Table 3.17]"
Lithuania,2010,Pseudomonas aeruginosa,aminoglycosides,12.9,31.0,European/2013/Downloadables/P aeruginosa/number-p-aeruginosa-isolates-and-percentage-resistant-aminoglycosides-2010-2013.xlsx
Lithuania,2011,Pseudomonas aeruginosa,aminoglycosides,13.3,30.0,European/2014/P aeruginosa/number-p-aeruginosa-isolates-and-percentage-resistant-aminoglycosides-2011-2014.xlsx
Lithuania,2012,Pseudomonas aeruginosa,aminoglycosides,14.3,28.0,European/2014/P aeruginosa/number-p-aeruginosa-isolates-and-percentage-resistant-aminoglycosides-2011-2014.xlsx
Lithuania,2013,Pseudomonas aeruginosa,aminoglycosides,13.5,37.0,European/2014/P aeruginosa/number-p-aeruginosa-isolates-and-percentage-resistant-aminoglycosides-2011-2014.xlsx
Lithuania,2014,Pseudomonas aeruginosa,aminoglycosides,25.8,31.0,European/2014/P aeruginosa/number-p-aeruginosa-isolates-and-percentage-resistant-aminoglycosides-2011-2014.xlsx
Lithuania,2015,Pseudomonas aeruginosa,aminoglycosides,24.4,41.0,"European/2015/Pseudomonas, Tables 3-14 to 3-20.xlsx [Table 3.17]"
Luxembourg,2010,Pseudomonas aeruginosa,aminoglycosides,9.4,32.0,European/2013/Downloadables/P aeruginosa/number-p-aeruginosa-isolates-and-percentage-resistant-aminoglycosides-2010-2013.xlsx
Luxembourg,2011,Pseudomonas aeruginosa,aminoglycosides,15.6,32.0,European/2014/P aeruginosa/number-p-aeruginosa-isolates-and-percentage-resistant-aminoglycosides-2011-2014.xlsx
Luxembourg,2012,Pseudomonas aeruginosa,aminoglycosides,6.5,31.0,European/2014/P aeruginosa/number-p-aeruginosa-isolates-and-percentage-resistant-aminoglycosides-2011-2014.xlsx
Luxembourg,2013,Pseudomonas aeruginosa,aminoglycosides,23.5,34.0,European/2014/P aeruginosa/number-p-aeruginosa-isolates-and-percentage-resistant-aminoglycosides-2011-2014.xlsx
Luxembourg,2014,Pseudomonas aeruginosa,aminoglycosides,7.3,41.0,European/2014/P aeruginosa/number-p-aeruginosa-isolates-and-percentage-resistant-aminoglycosides-2011-2014.xlsx
Luxembourg,2015,Pseudomonas aeruginosa,aminoglycosides,3.6,28.0,"European/2015/Pseudomonas, Tables 3-14 to 3-20.xlsx [Table 3.17]"
Malta,2010,Pseudomonas aeruginosa,aminoglycosides,31.0,42.0,European/2013/Downloadables/P aeruginosa/number-p-aeruginosa-isolates-and-percentage-resistant-aminoglycosides-2010-2013.xlsx
Malta,2011,Pseudomonas aeruginosa,aminoglycosides,33.3,42.0,European/2014/P aeruginosa/number-p-aeruginosa-isolates-and-percentage-resistant-aminoglycosides-2011-2014.xlsx
Malta,2012,Pseudomonas aeruginosa,aminoglycosides,6.5,31.0,European/2014/P aeruginosa/number-p-aeruginosa-isolates-and-percentage-resistant-aminoglycosides-2011-2014.xlsx
Malta,2013,Pseudomonas aeruginosa,aminoglycosides,0.0,25.0,European/2014/P aeruginosa/number-p-aeruginosa-isolates-and-percentage-resistant-aminoglycosides-2011-2014.xlsx
Malta,2014,Pseudomonas aeruginosa,aminoglycosides,13.2,38.0,European/2014/P aeruginosa/number-p-aeruginosa-isolates-and-percentage-resistant-aminoglycosides-2011-2014.xlsx
Malta,2015,Pseudomonas aeruginosa,aminoglycosides,16.0,25.0,"European/2015/Pseudomonas, Tables 3-14 to 3-20.xlsx [Table 3.17]"
Netherlands,2010,Pseudomonas aeruginosa,aminoglycosides,2.7,376.0,European/2013/Downloadables/P aeruginosa/number-p-aeruginosa-isolates-and-percentage-resistant-aminoglycosides-2010-2013.xlsx
Netherlands,2011,Pseudomonas aeruginosa,aminoglycosides,5.1,434.0,European/2014/P aeruginosa/number-p-aeruginosa-isolates-and-percentage-resistant-aminoglycosides-2011-2014.xlsx
Netherlands,2012,Pseudomonas aeruginosa,aminoglycosides,4.0,404.0,European/2014/P aeruginosa/number-p-aeruginosa-isolates-and-percentage-resistant-aminoglycosides-2011-2014.xlsx
Netherlands,2013,Pseudomonas aeruginosa,aminoglycosides,2.9,374.0,European/2014/P aeruginosa/number-p-aeruginosa-isolates-and-percentage-resistant-aminoglycosides-2011-2014.xlsx
Netherlands,2014,Pseudomonas aeruginosa,aminoglycosides,2.9,547.0,European/2014/P aeruginosa/number-p-aeruginosa-isolates-and-percentage-resistant-aminoglycosides-2011-2014.xlsx
Netherlands,2015,Pseudomonas aeruginosa,aminoglycosides,2.8,502.0,"European/2015/Pseudomonas, Tables 3-14 to 3-20.xlsx [Table 3.17]"
Norway,2010,Pseudomonas aeruginosa,aminoglycosides,0.6,167.0,European/2013/Downloadables/P aeruginosa/number-p-aeruginosa-isolates-and-percentage-resistant-aminoglycosides-2010-2013.xlsx
Norway,2011,Pseudomonas aeruginosa,aminoglycosides,0.0,147.0,European/2014/P aeruginosa/number-p-aeruginosa-isolates-and-percentage-resistant-aminoglycosides-2011-2014.xlsx
Norway,2012,Pseudomonas aeruginosa,aminoglycosides,2.0,197.0,European/2014/P aeruginosa/number-p-aeruginosa-isolates-and-percentage-resistant-aminoglycosides-2011-2014.xlsx
Norway,2013,Pseudomonas aeruginosa,aminoglycosides,1.5,194.0,European/2014/P aeruginosa/number-p-aeruginosa-isolates-and-percentage-resistant-aminoglycosides-2011-2014.xlsx
Norway,2014,Pseudomonas aeruginosa,aminoglycosides,1.3,240.0,European/2014/P aeruginosa/number-p-aeruginosa-isolates-and-percentage-resistant-aminoglycosides-2011-2014.xlsx
Norway,2015,Pseudomonas aeruginosa,aminoglycosides,0.9,219.0,"European/2015/Pseudomonas, Tables 3-14 to 3-20.xlsx [Table 3.17]"
Poland,2010,Pseudomonas aeruginosa,aminoglycosides,30.3,165.0,European/2013/Downloadables/P aeruginosa/number-p-aeruginosa-isolates-and-percentage-resistant-aminoglycosides-2010-2013.xlsx
Poland,2011,Pseudomonas aeruginosa,aminoglycosides,32.8,198.0,European/2014/P aeruginosa/number-p-aeruginosa-isolates-and-percentage-resistant-aminoglycosides-2011-2014.xlsx
Poland,2012,Pseudomonas aeruginosa,aminoglycosides,24.4,176.0,European/2014/P aeruginosa/number-p-aeruginosa-isolates-and-percentage-resistant-aminoglycosides-2011-2014.xlsx
Poland,2013,Pseudomonas aeruginosa,aminoglycosides,24.5,196.0,European/2014/P aeruginosa/number-p-aeruginosa-isolates-and-percentage-resistant-aminoglycosides-2011-2014.xlsx
Poland,2014,Pseudomonas aeruginosa,aminoglycosides,31.9,185.0,"European/2015/Pseudomonas, Tables 3-14 to 3-20.xlsx [Table 3.17]"
Poland,2015,Pseudomonas aeruginosa,aminoglycosides,30.6,258.0,"European/2015/Pseudomonas, Tables 3-14 to 3-20.xlsx [Table 3.17]"
Portugal,2010,Pseudomonas aeruginosa,aminoglycosides,14.1,547.0,European/2013/Downloadables/P aeruginosa/number-p-aeruginosa-isolates-and-percentage-resistant-aminoglycosides-2010-2013.xlsx
Portugal,2011,Pseudomonas aeruginosa,aminoglycosides,15.4,526.0,European/2014/P aeruginosa/number-p-aeruginosa-isolates-and-percentage-resistant-aminoglycosides-2011-2014.xlsx
Portugal,2012,Pseudomonas aeruginosa,aminoglycosides,14.7,586.0,European/2014/P aeruginosa/number-p-aeruginosa-isolates-and-percentage-resistant-aminoglycosides-2011-2014.xlsx
Portugal,2013,Pseudomonas aeruginosa,aminoglycosides,14.2,737.0,European/2014/P aeruginosa/number-p-aeruginosa-isolates-and-percentage-resistant-aminoglycosides-2011-2014.xlsx
Portugal,2014,Pseudomonas aeruginosa,aminoglycosides,17.6,1064.0,European/2014/P aeruginosa/number-p-aeruginosa-isolates-and-percentage-resistant-aminoglycosides-2011-2014.xlsx
Portugal,2015,Pseudomonas aeruginosa,aminoglycosides,13.5,1191.0,"European/2015/Pseudomonas, Tables 3-14 to 3-20.xlsx [Table 3.17]"
Romania,2010,Pseudomonas aeruginosa,aminoglycosides,50.0,10.0,European/2013/Downloadables/P aeruginosa/number-p-aeruginosa-isolates-and-percentage-resistant-aminoglycosides-2010-2013.xlsx
Romania,2011,Pseudomonas aeruginosa,aminoglycosides,60.0,10.0,European/2014/P aeruginosa/number-p-aeruginosa-isolates-and-percentage-resistant-aminoglycosides-2011-2014.xlsx
Romania,2012,Pseudomonas aeruginosa,aminoglycosides,51.1,45.0,European/2014/P aeruginosa/number-p-aeruginosa-isolates-and-percentage-resistant-aminoglycosides-2011-2014.xlsx
Romania,2013,Pseudomonas aeruginosa,aminoglycosides,51.2,86.0,European/2014/P aeruginosa/number-p-aeruginosa-isolates-and-percentage-resistant-aminoglycosides-2011-2014.xlsx
Romania,2014,Pseudomonas aeruginosa,aminoglycosides,63.4,93.0,European/2014/P aeruginosa/number-p-aeruginosa-isolates-and-percentage-resistant-aminoglycosides-2011-2014.xlsx
Romania,2015,Pseudomonas aeruginosa,aminoglycosides,63.3,90.0,"European/2015/Pseudomonas, Tables 3-14 to 3-20.xlsx [Table 3.17]"
Slovakia,2011,Pseudomonas aeruginosa,aminoglycosides,52.8,267.0,European/2014/P aeruginosa/number-p-aeruginosa-isolates-and-percentage-resistant-aminoglycosides-2011-2014.xlsx
Slovakia,2012,Pseudomonas aeruginosa,aminoglycosides,41.7,199.0,European/2014/P aeruginosa/number-p-aeruginosa-isolates-and-percentage-resistant-aminoglycosides-2011-2014.xlsx
Slovakia,2013,Pseudomonas aeruginosa,aminoglycosides,38.8,286.0,European/2014/P aeruginosa/number-p-aeruginosa-isolates-and-percentage-resistant-aminoglycosides-2011-2014.xlsx
Slovakia,2014,Pseudomonas aeruginosa,aminoglycosides,37.0,276.0,European/2014/P aeruginosa/number-p-aeruginosa-isolates-and-percentage-resistant-aminoglycosides-2011-2014.xlsx
Slovakia,2015,Pseudomonas aeruginosa,aminoglycosides,41.9,277.0,"European/2015/Pseudomonas, Tables 3-14 to 3-20.xlsx [Table 3.17]"
Slovenia,2010,Pseudomonas aeruginosa,aminoglycosides,8.4,95.0,European/2013/Downloadables/P aeruginosa/number-p-aeruginosa-isolates-and-percentage-resistant-aminoglycosides-2010-2013.xlsx
Slovenia,2011,Pseudomonas aeruginosa,aminoglycosides,8.5,118.0,European/2014/P aeruginosa/number-p-aeruginosa-isolates-and-percentage-resistant-aminoglycosides-2011-2014.xlsx
Slovenia,2012,Pseudomonas aeruginosa,aminoglycosides,9.7,134.0,European/2014/P aeruginosa/number-p-aeruginosa-isolates-and-percentage-resistant-aminoglycosides-2011-2014.xlsx
Slovenia,2013,Pseudomonas aeruginosa,aminoglycosides,7.5,133.0,European/2014/P aeruginosa/number-p-aeruginosa-isolates-and-percentage-resistant-aminoglycosides-2011-2014.xlsx
Slovenia,2014,Pseudomonas aeruginosa,aminoglycosides,17.0,112.0,European/2014/P aeruginosa/number-p-aeruginosa-isolates-and-percentage-resistant-aminoglycosides-2011-2014.xlsx
Slovenia,2015,Pseudomonas aeruginosa,aminoglycosides,9.2,141.0,"European/2015/Pseudomonas, Tables 3-14 to 3-20.xlsx [Table 3.17]"
Spain,2010,Pseudomonas aeruginosa,aminoglycosides,18.4,749.0,European/2013/Downloadables/P aeruginosa/number-p-aeruginosa-isolates-and-percentage-resistant-aminoglycosides-2010-2013.xlsx
Spain,2011,Pseudomonas aeruginosa,aminoglycosides,18.7,839.0,European/2014/P aeruginosa/number-p-aeruginosa-isolates-and-percentage-resistant-aminoglycosides-2011-2014.xlsx
Spain,2012,Pseudomonas aeruginosa,aminoglycosides,16.5,853.0,European/2014/P aeruginosa/number-p-aeruginosa-isolates-and-percentage-resistant-aminoglycosides-2011-2014.xlsx
Spain,2013,Pseudomonas aeruginosa,aminoglycosides,14.9,825.0,European/2014/P aeruginosa/number-p-aeruginosa-isolates-and-percentage-resistant-aminoglycosides-2011-2014.xlsx
Spain,2014,Pseudomonas aeruginosa,aminoglycosides,16.8,873.0,European/2014/P aeruginosa/number-p-aeruginosa-isolates-and-percentage-resistant-aminoglycosides-2011-2014.xlsx
Spain,2015,Pseudomonas aeruginosa,aminoglycosides,16.4,883.0,"European/2015/Pseudomonas, Tables 3-14 to 3-20.xlsx [Table 3.17]"
Sweden,2010,Pseudomonas aeruginosa,aminoglycosides,0.0,278.0,European/2013/Downloadables/P aeruginosa/number-p-aeruginosa-isolates-and-percentage-resistant-aminoglycosides-2010-2013.xlsx
Sweden,2011,Pseudomonas aeruginosa,aminoglycosides,1.5,331.0,European/2014/P aeruginosa/number-p-aeruginosa-isolates-and-percentage-resistant-aminoglycosides-2011-2014.xlsx
Sweden,2012,Pseudomonas aeruginosa,aminoglycosides,1.7,357.0,European/2014/P aeruginosa/number-p-aeruginosa-isolates-and-percentage-resistant-aminoglycosides-2011-2014.xlsx
Sweden,2013,Pseudomonas aeruginosa,aminoglycosides,2.9,519.0,European/2014/P aeruginosa/number-p-aeruginosa-isolates-and-percentage-resistant-aminoglycosides-2011-2014.xlsx
Sweden,2014,Pseudomonas aeruginosa,aminoglycosides,0.6,313.0,European/2014/P aeruginosa/number-p-aeruginosa-isolates-and-percentage-resistant-aminoglycosides-2011-2014.xlsx
Sweden,2015,Pseudomonas aeruginosa,aminoglycosides,1.3,387.0,"European/2015/Pseudomonas, Tables 3-14 to 3-20.xlsx [Table 3.17]"
United Kingdom,2010,Pseudomonas aeruginosa,aminoglycosides,1.9,575.0,European/2013/Downloadables/P aeruginosa/number-p-aeruginosa-isolates-and-percentage-resistant-aminoglycosides-2010-2013.xlsx
United Kingdom,2011,Pseudomonas aeruginosa,aminoglycosides,3.4,590.0,European/2014/P aeruginosa/number-p-aeruginosa-isolates-and-percentage-resistant-aminoglycosides-2011-2014.xlsx
United Kingdom,2012,Pseudomonas aeruginosa,aminoglycosides,2.2,667.0,European/2014/P aeruginosa/number-p-aeruginosa-isolates-and-percentage-resistant-aminoglycosides-2011-2014.xlsx
United Kingdom,2013,Pseudomonas aeruginosa,aminoglycosides,2.5,715.0,European/2014/P aeruginosa/number-p-aeruginosa-isolates-and-percentage-resistant-aminoglycosides-2011-2014.xlsx
United Kingdom,2014,Pseudomonas aeruginosa,aminoglycosides,1.9,641.0,European/2014/P aeruginosa/number-p-aeruginosa-isolates-and-percentage-resistant-aminoglycosides-2011-2014.xlsx
United Kingdom,2015,Pseudomonas aeruginosa,aminoglycosides,5.2,539.0,"European/2015/Pseudomonas, Tables 3-14 to 3-20.xlsx [Table 3.17]"
Austria,2010,Pseudomonas aeruginosa,carbapenems,14.4,473.0,European/2013/Downloadables/P aeruginosa/number-p-aeruginosa-isolates-and-percentage-resistant-carbapenems-2010-2013.xlsx
Austria,2011,Pseudomonas aeruginosa,carbapenems,13.6,538.0,European/2014/P aeruginosa/number-p-aeruginosa-isolates-and-percentage-resistant-carbapenems-2011-2014.xlsx
Austria,2012,Pseudomonas aeruginosa,carbapenems,14.6,562.0,European/2014/P aeruginosa/number-p-aeruginosa-isolates-and-percentage-resistant-carbapenems-2011-2014.xlsx
Austria,2013,Pseudomonas aeruginosa,carbapenems,12.3,616.0,European/2014/P aeruginosa/number-p-aeruginosa-isolates-and-percentage-resistant-carbapenems-2011-2014.xlsx
Austria,2014,Pseudomonas aeruginosa,carbapenems,12.7,636.0,European/2014/P aeruginosa/number-p-aeruginosa-isolates-and-percentage-resistant-carbapenems-2011-2014.xlsx
Austria,2015,Pseudomonas aeruginosa,carbapenems,12.2,680.0,"European/2015/Pseudomonas, Tables 3-14 to 3-20.xlsx [Table 3.18]"
Belgium,2010,Pseudomonas aeruginosa,carbapenems,4.6,130.0,European/2013/Downloadables/P aeruginosa/number-p-aeruginosa-isolates-and-percentage-resistant-carbapenems-2010-2013.xlsx
Belgium,2011,Pseudomonas aeruginosa,carbapenems,10.7,459.0,European/2014/P aeruginosa/number-p-aeruginosa-isolates-and-percentage-resistant-carbapenems-2011-2014.xlsx
Belgium,2012,Pseudomonas aeruginosa,carbapenems,9.7,391.0,European/2014/P aeruginosa/number-p-aeruginosa-isolates-and-percentage-resistant-carbapenems-2011-2014.xlsx
Belgium,2013,Pseudomonas aeruginosa,carbapenems,11.0,518.0,European/2014/P aeruginosa/number-p-aeruginosa-isolates-and-percentage-resistant-carbapenems-2011-2014.xlsx
Belgium,2014,Pseudomonas aeruginosa,carbapenems,10.2,344.0,European/2014/P aeruginosa/number-p-aeruginosa-isolates-and-percentage-resistant-carbapenems-2011-2014.xlsx
Belgium,2015,Pseudomonas aeruginosa,carbapenems,3.9,256.0,"European/2015/Pseudomonas, Tables 3-14 to 3-20.xlsx [Table 3.18]"
Bulgaria,2010,Pseudomonas aeruginosa,carbapenems,31.0,42.0,European/2013/Downloadables/P aeruginosa/number-p-aeruginosa-isolates-and-percentage-resistant-carbapenems-2010-2013.xlsx
Bulgaria,2011,Pseudomonas aeruginosa,carbapenems,29.2,48.0,European/2014/P aeruginosa/number-p-aeruginosa-isolates-and-percentage-resistant-carbapenems-2011-2014.xlsx
Bulgaria,2012,Pseudomonas aeruginosa,carbapenems,31.4,51.0,European/2014/P aeruginosa/number-p-aeruginosa-isolates-and-percentage-resistant-carbapenems-2011-2014.xlsx
Bulgaria,2013,Pseudomonas aeruginosa,carbapenems,13.6,59.0,European/2014/P aeruginosa/number-p-aeruginosa-isolates-and-percentage-resistant-carbapenems-2011-2014.xlsx
Bulgaria,2014,Pseudomonas aeruginosa,carbapenems,29.2,48.0,European/2014/P aeruginosa/number-p-aeruginosa-isolates-and-percentage-resistant-carbapenems-2011-2014.xlsx
Bulgaria,2015,Pseudomonas aeruginosa,carbapenems,25.5,55.0,"European/2015/Pseudomonas, Tables 3-14 to 3-20.xlsx [Table 3.18]"
Croatia,2010,Pseudomonas aeruginosa,carbapenems,28.6,210.0,European/2013/Downloadables/P aeruginosa/number-p-aeruginosa-isolates-and-percentage-resistant-carbapenems-2010-2013.xlsx
Croatia,2011,Pseudomonas aeruginosa,carbapenems,29.6,226.0,European/2014/P aeruginosa/number-p-aeruginosa-isolates-and-percentage-resistant-carbapenems-2011-2014.xlsx
Croatia,2012,Pseudomonas aeruginosa,carbapenems,26.2,195.0,European/2014/P aeruginosa/number-p-aeruginosa-isolates-and-percentage-resistant-carbapenems-2011-2014.xlsx
Croatia,2013,Pseudomonas aeruginosa,carbapenems,25.3,241.0,European/2014/P aeruginosa/number-p-aeruginosa-isolates-and-percentage-resistant-carbapenems-2011-2014.xlsx
Croatia,2014,Pseudomonas aeruginosa,carbapenems,35.3,232.0,European/2014/P aeruginosa/number-p-aeruginosa-isolates-and-percentage-resistant-carbapenems-2011-2014.xlsx
Croatia,2015,Pseudomonas aeruginosa,carbapenems,38.5,257.0,"European/2015/Pseudomonas, Tables 3-14 to 3-20.xlsx [Table 3.18]"
Cyprus,2010,Pseudomonas aeruginosa,carbapenems,29.2,48.0,European/2013/Downloadables/P aeruginosa/number-p-aeruginosa-isolates-and-percentage-resistant-carbapenems-2010-2013.xlsx
Cyprus,2011,Pseudomonas aeruginosa,carbapenems,43.1,51.0,European/2014/P aeruginosa/number-p-aeruginosa-isolates-and-percentage-resistant-carbapenems-2011-2014.xlsx
Cyprus,2012,Pseudomonas aeruginosa,carbapenems,19.2,52.0,European/2014/P aeruginosa/number-p-aeruginosa-isolates-and-percentage-resistant-carbapenems-2011-2014.xlsx
Cyprus,2013,Pseudomonas aeruginosa,carbapenems,19.1,47.0,European/2014/P aeruginosa/number-p-aeruginosa-isolates-and-percentage-resistant-carbapenems-2011-2014.xlsx
Cyprus,2014,Pseudomonas aeruginosa,carbapenems,33.3,42.0,European/2014/P aeruginosa/number-p-aeruginosa-isolates-and-percentage-resistant-carbapenems-2011-2014.xlsx
Cyprus,2015,Pseudomonas aeruginosa,carbapenems,20.9,43.0,"European/2015/Pseudomonas, Tables 3-14 to 3-20.xlsx [Table 3.18]"
Czech Republic,2010,Pseudomonas aeruginosa,carbapenems,16.5,510.0,European/2013/Downloadables/P aeruginosa/number-p-aeruginosa-isolates-and-percentage-resistant-carbapenems-2010-2013.xlsx
Czech Republic,2011,Pseudomonas aeruginosa,carbapenems,13.2,448.0,European/2014/P aeruginosa/number-p-aeruginosa-isolates-and-percentage-resistant-carbapenems-2011-2014.xlsx
Czech Republic,2012,Pseudomonas aeruginosa,carbapenems,15.1,489.0,European/2014/P aeruginosa/number-p-aeruginosa-isolates-and-percentage-resistant-carbapenems-2011-2014.xlsx
Czech Republic,2013,Pseudomonas aeruginosa,carbapenems,15.7,516.0,European/2014/P aeruginosa/number-p-aeruginosa-isolates-and-percentage-resistant-carbapenems-2011-2014.xlsx
Czech Republic,2014,Pseudomonas aeruginosa,carbapenems,14.1,448.0,European/2014/P aeruginosa/number-p-aeruginosa-isolates-and-percentage-resistant-carbapenems-2011-2014.xlsx
Czech Republic,2015,Pseudomonas aeruginosa,carbapenems,10.6,464.0,"European/2015/Pseudomonas, Tables 3-14 to 3-20.xlsx [Table 3.18]"
Denmark,2010,Pseudomonas aeruginosa,carbapenems,3.1,356.0,European/2013/Downloadables/P aeruginosa/number-p-aeruginosa-isolates-and-percentage-resistant-carbapenems-2010-2013.xlsx
Denmark,2011,Pseudomonas aeruginosa,carbapenems,5.5,403.0,European/2014/P aeruginosa/number-p-aeruginosa-isolates-and-percentage-resistant-carbapenems-2011-2014.xlsx
Denmark,2012,Pseudomonas aeruginosa,carbapenems,3.7,355.0,European/2014/P aeruginosa/number-p-aeruginosa-isolates-and-percentage-resistant-carbapenems-2011-2014.xlsx
Denmark,2013,Pseudomonas aeruginosa,carbapenems,2.9,410.0,European/2014/P aeruginosa/number-p-aeruginosa-isolates-and-percentage-resistant-carbapenems-2011-2014.xlsx
Denmark,2014,Pseudomonas aeruginosa,carbapenems,4.7,386.0,European/2014/P aeruginosa/number-p-aeruginosa-isolates-and-percentage-resistant-carbapenems-2011-2014.xlsx
Denmark,2015,Pseudomonas aeruginosa,carbapenems,4.6,437.0,"European/2015/Pseudomonas, Tables 3-14 to 3-20.xlsx [Table 3.18]"
Estonia,2010,Pseudomonas aeruginosa,carbapenems,21.4,42.0,European/2013/Downloadables/P aeruginosa/number-p-aeruginosa-isolates-and-percentage-resistant-carbapenems-2010-2013.xlsx
Estonia,2011,Pseudomonas aeruginosa,carbapenems,8.3,12.0,European/2014/P aeruginosa/number-p-aeruginosa-isolates-and-percentage-resistant-carbapenems-2011-2014.xlsx
Estonia,2012,Pseudomonas aeruginosa,carbapenems,12.5,32.0,European/2014/P aeruginosa/number-p-aeruginosa-isolates-and-percentage-resistant-carbapenems-2011-2014.xlsx
Estonia,2013,Pseudomonas aeruginosa,carbapenems,10.0,20.0,European/2014/P aeruginosa/number-p-aeruginosa-isolates-and-percentage-resistant-carbapenems-2011-2014.xlsx
Estonia,2014,Pseudomonas aeruginosa,carbapenems,15.4,39.0,European/2014/P aeruginosa/number-p-aeruginosa-isolates-and-percentage-resistant-carbapenems-2011-2014.xlsx
Estonia,2015,Pseudomonas aeruginosa,carbapenems,12.5,16.0,"European/2015/Pseudomonas, Tables 3-14 to 3-20.xlsx [Table 3.18]"
Finland,2010,Pseudomonas aeruginosa,carbapenems,9.8,275.0,European/2013/Downloadables/P aeruginosa/number-p-aeruginosa-isolates-and-percentage-resistant-carbapenems-2010-2013.xlsx
Finland,2011,Pseudomonas aeruginosa,carbapenems,10.8,269.0,European/2014/P aeruginosa/number-p-aeruginosa-isolates-and-percentage-resistant-carbapenems-2011-2014.xlsx
Finland,2012,Pseudomonas aeruginosa,carbapenems,6.1,327.0,European/2014/P aeruginosa/number-p-aeruginosa-isolates-and-percentage-resistant-carbapenems-2011-2014.xlsx
Finland,2013,Pseudomonas aeruginosa,carbapenems,10.4,326.0,European/2014/P aeruginosa/number-p-aeruginosa-isolates-and-percentage-resistant-carbapenems-2011-2014.xlsx
Finland,2014,Pseudomonas aeruginosa,carbapenems,7.2,307.0,European/2014/P aeruginosa/number-p-aeruginosa-isolates-and-percentage-resistant-carbapenems-2011-2014.xlsx
Finland,2015,Pseudomonas aeruginosa,carbapenems,4.7,341.0,"European/2015/Pseudomonas, Tables 3-14 to 3-20.xlsx [Table 3.18]"
France,2010,Pseudomonas aeruginosa,carbapenems,17.8,1186.0,European/2013/Downloadables/P aeruginosa/number-p-aeruginosa-isolates-and-percentage-resistant-carbapenems-2010-2013.xlsx
France,2011,Pseudomonas aeruginosa,carbapenems,20.0,1622.0,European/2014/P aeruginosa/number-p-aeruginosa-isolates-and-percentage-resistant-carbapenems-2011-2014.xlsx
France,2012,Pseudomonas aeruginosa,carbapenems,18.0,1722.0,European/2014/P aeruginosa/number-p-aeruginosa-isolates-and-percentage-resistant-carbapenems-2011-2014.xlsx
France,2013,Pseudomonas aeruginosa,carbapenems,17.2,1862.0,European/2014/P aeruginosa/number-p-aeruginosa-isolates-and-percentage-resistant-carbapenems-2011-2014.xlsx
France,2014,Pseudomonas aeruginosa,carbapenems,18.7,1780.0,European/2014/P aeruginosa/number-p-aeruginosa-isolates-and-percentage-resistant-carbapenems-2011-2014.xlsx
France,2015,Pseudomonas aeruginosa,carbapenems,16.4,1925.0,"European/2015/Pseudomonas, Tables 3-14 to 3-20.xlsx [Table 3.18]"
Germany,2010,Pseudomonas aeruginosa,carbapenems,12.5,311.0,European/2013/Downloadables/P aeruginosa/number-p-aeruginosa-isolates-and-percentage-resistant-carbapenems-2010-2013.xlsx
Germany,2011,Pseudomonas aeruginosa,carbapenems,9.8,386.0,European/2014/P aeruginosa/number-p-aeruginosa-isolates-and-percentage-resistant-carbapenems-2011-2014.xlsx
Germany,2012,Pseudomonas aeruginosa,carbapenems,10.7,438.0,European/2014/P aeruginosa/number-p-aeruginosa-isolates-and-percentage-resistant-carbapenems-2011-2014.xlsx
Germany,2013,Pseudomonas aeruginosa,carbapenems,15.3,609.0,European/2014/P aeruginosa/number-p-aeruginosa-isolates-and-percentage-resistant-carbapenems-2011-2014.xlsx
Germany,2014,Pseudomonas aeruginosa,carbapenems,17.0,642.0,European/2014/P aeruginosa/number-p-aeruginosa-isolates-and-percentage-resistant-carbapenems-2011-2014.xlsx
Germany,2015,Pseudomonas aeruginosa,carbapenems,15.0,941.0,"European/2015/Pseudomonas, Tables 3-14 to 3-20.xlsx [Table 3.18]"
Greece,2010,Pseudomonas aeruginosa,carbapenems,43.1,999.0,European/2013/Downloadables/P aeruginosa/number-p-aeruginosa-isolates-and-percentage-resistant-carbapenems-2010-2013.xlsx
Greece,2011,Pseudomonas aeruginosa,carbapenems,54.0,900.0,European/2014/P aeruginosa/number-p-aeruginosa-isolates-and-percentage-resistant-carbapenems-2011-2014.xlsx
Greece,2012,Pseudomonas aeruginosa,carbapenems,47.7,907.0,European/2014/P aeruginosa/number-p-aeruginosa-isolates-and-percentage-resistant-carbapenems-2011-2014.xlsx
Greece,2013,Pseudomonas aeruginosa,carbapenems,49.3,877.0,European/2014/P aeruginosa/number-p-aeruginosa-isolates-and-percentage-resistant-carbapenems-2011-2014.xlsx
Greece,2014,Pseudomonas aeruginosa,carbapenems,42.9,699.0,European/2014/P aeruginosa/number-p-aeruginosa-isolates-and-percentage-resistant-carbapenems-2011-2014.xlsx
Greece,2015,Pseudomonas aeruginosa,carbapenems,40.4,675.0,"European/2015/Pseudomonas, Tables 3-14 to 3-20.xlsx [Table 3.18]"
Hungary,2010,Pseudomonas aeruginosa,carbapenems,24.9,635.0,European/2013/Downloadables/P aeruginosa/number-p-aeruginosa-isolates-and-percentage-resistant-carbapenems-2010-2013.xlsx
Hungary,2011,Pseudomonas aeruginosa,carbapenems,21.2,604.0,European/2014/P aeruginosa/number-p-aeruginosa-isolates-and-percentage-resistant-carbapenems-2011-2014.xlsx
Hungary,2012,Pseudomonas aeruginosa,carbapenems,27.5,619.0,European/2014/P aeruginosa/number-p-aeruginosa-isolates-and-percentage-resistant-carbapenems-2011-2014.xlsx
Hungary,2013,Pseudomonas aeruginosa,carbapenems,30.2,668.0,European/2014/P aeruginosa/number-p-aeruginosa-isolates-and-percentage-resistant-carbapenems-2011-2014.xlsx
Hungary,2014,Pseudomonas aeruginosa,carbapenems,33.5,744.0,European/2014/P aeruginosa/number-p-aeruginosa-isolates-and-percentage-resistant-carbapenems-2011-2014.xlsx
Hungary,2015,Pseudomonas aeruginosa,carbapenems,35.8,770.0,"European/2015/Pseudomonas, Tables 3-14 to 3-20.xlsx [Table 3.18]"
Iceland,2010,Pseudomonas aeruginosa,carbapenems,0.0,12.0,European/2013/Downloadables/P aeruginosa/number-p-aeruginosa-isolates-and-percentage-resistant-carbapenems-2010-2013.xlsx
Iceland,2011,Pseudomonas aeruginosa,carbapenems,5.9,17.0,European/2014/P aeruginosa/number-p-aeruginosa-isolates-and-percentage-resistant-carbapenems-2011-2014.xlsx
Iceland,2012,Pseudomonas aeruginosa,carbapenems,10.0,10.0,European/2014/P aeruginosa/number-p-aeruginosa-isolates-and-percentage-resistant-carbapenems-2011-2014.xlsx
Iceland,2013,Pseudomonas aeruginosa,carbapenems,9.1,11.0,European/2014/P aeruginosa/number-p-aeruginosa-isolates-and-percentage-resistant-carbapenems-2011-2014.xlsx
Iceland,2014,Pseudomonas aeruginosa,carbapenems,9.1,11.0,European/2014/P aeruginosa/number-p-aeruginosa-isolates-and-percentage-resistant-carbapenems-2011-2014.xlsx
Iceland,2015,Pseudomonas aeruginosa,carbapenems,0.0,12.0,"European/2015/Pseudomonas, Tables 3-14 to 3-20.xlsx [Table 3.18]"
Ireland,2010,Pseudomonas aeruginosa,carbapenems,6.5,216.0,European/2013/Downloadables/P aeruginosa/number-p-aeruginosa-isolates-and-percentage-resistant-carbapenems-2010-2013.xlsx
Ireland,2011,Pseudomonas aeruginosa,carbapenems,6.1,180.0,European/2014/P aeruginosa/number-p-aeruginosa-isolates-and-percentage-resistant-carbapenems-2011-2014.xlsx
Ireland,2012,Pseudomonas aeruginosa,carbapenems,11.3,213.0,European/2014/P aeruginosa/number-p-aeruginosa-isolates-and-percentage-resistant-carbapenems-2011-2014.xlsx
Ireland,2013,Pseudomonas aeruginosa,carbapenems,9.3,204.0,European/2014/P aeruginosa/number-p-aeruginosa-isolates-and-percentage-resistant-carbapenems-2011-2014.xlsx
Ireland,2014,Pseudomonas aeruginosa,carbapenems,8.5,177.0,European/2014/P aeruginosa/number-p-aeruginosa-isolates-and-percentage-resistant-carbapenems-2011-2014.xlsx
Ireland,2015,Pseudomonas aeruginosa,carbapenems,9.2,195.0,"European/2015/Pseudomonas, Tables 3-14 to 3-20.xlsx [Table 3.18]"
Italy,2010,Pseudomonas aeruginosa,carbapenems,22.0,509.0,European/2013/Downloadables/P aeruginosa/number-p-aeruginosa-isolates-and-percentage-resistant-carbapenems-2010-2013.xlsx
Italy,2011,Pseudomonas aeruginosa,carbapenems,20.6,316.0,European/2014/P aeruginosa/number-p-aeruginosa-isolates-and-percentage-resistant-carbapenems-2011-2014.xlsx
Italy,2012,Pseudomonas aeruginosa,carbapenems,25.1,682.0,European/2014/P aeruginosa/number-p-aeruginosa-isolates-and-percentage-resistant-carbapenems-2011-2014.xlsx
Italy,2013,Pseudomonas aeruginosa,carbapenems,25.9,788.0,European/2014/P aeruginosa/number-p-aeruginosa-isolates-and-percentage-resistant-carbapenems-2011-2014.xlsx
Italy,2014,Pseudomonas aeruginosa,carbapenems,25.1,753.0,European/2014/P aeruginosa/number-p-aeruginosa-isolates-and-percentage-resistant-carbapenems-2011-2014.xlsx
Italy,2015,Pseudomonas aeruginosa,carbapenems,23.0,1082.0,"European/2015/Pseudomonas, Tables 3-14 to 3-20.xlsx [Table 3.18]"
Latvia,2010,Pseudomonas aeruginosa,carbapenems,14.3,21.0,European/2013/Downloadables/P aeruginosa/number-p-aeruginosa-isolates-and-percentage-resistant-carbapenems-2010-2013.xlsx
Latvia,2011,Pseudomonas aeruginosa,carbapenems,8.3,12.0,European/2014/P aeruginosa/number-p-aeruginosa-isolates-and-percentage-resistant-carbapenems-2011-2014.xlsx
Latvia,2012,Pseudomonas aeruginosa,carbapenems,11.1,18.0,European/2014/P aeruginosa/number-p-aeruginosa-isolates-and-percentage-resistant-carbapenems-2011-2014.xlsx
Latvia,2013,Pseudomonas aeruginosa,carbapenems,28.0,25.0,European/2014/P aeruginosa/number-p-aeruginosa-isolates-and-percentage-resistant-carbapenems-2011-2014.xlsx
Latvia,2014,Pseudomonas aeruginosa,carbapenems,16.7,18.0,European/2014/P aeruginosa/number-p-aeruginosa-isolates-and-percentage-resistant-carbapenems-2011-2014.xlsx
Latvia,2015,Pseudomonas aeruginosa,carbapenems,15.4,13.0,"European/2015/Pseudomonas, Tables 3-14 to 3-20.xlsx [Table 3.18]"
Lithuania,2010,Pseudomonas aeruginosa,carbapenems,26.7,30.0,European/2013/Downloadables/P aeruginosa/number-p-aeruginosa-isolates-and-percentage-resistant-carbapenems-2010-2013.xlsx
Lithuania,2011,Pseudomonas aeruginosa,carbapenems,20.0,30.0,European/2014/P aeruginosa/number-p-aeruginosa-isolates-and-percentage-resistant-carbapenems-2011-2014.xlsx
Lithuania,2012,Pseudomonas aeruginosa,carbapenems,17.9,28.0,European/2014/P aeruginosa/number-p-aeruginosa-isolates-and-percentage-resistant-carbapenems-2011-2014.xlsx
Lithuania,2013,Pseudomonas aeruginosa,carbapenems,18.9,37.0,European/2014/P aeruginosa/number-p-aeruginosa-isolates-and-percentage-resistant-carbapenems-2011-2014.xlsx
Lithuania,2014,Pseudomonas aeruginosa,carbapenems,29.0,31.0,European/2014/P aeruginosa/number-p-aeruginosa-isolates-and-percentage-resistant-carbapenems-2011-2014.xlsx
Lithuania,2015,Pseudomonas aeruginosa,carbapenems,26.8,41.0,"European/2015/Pseudomonas, Tables 3-14 to 3-20.xlsx [Table 3.18]"
Luxembourg,2010,Pseudomonas aeruginosa,carbapenems,9.4,32.0,European/2013/Downloadables/P aeruginosa/number-p-aeruginosa-isolates-and-percentage-resistant-carbapenems-2010-2013.xlsx
Luxembourg,2011,Pseudomonas aeruginosa,carbapenems,15.6,32.0,European/2014/P aeruginosa/number-p-aeruginosa-isolates-and-percentage-resistant-carbapenems-2011-2014.xlsx
Luxembourg,2012,Pseudomonas aeruginosa,carbapenems,6.5,31.0,European/2014/P aeruginosa/number-p-aeruginosa-isolates-and-percentage-resistant-carbapenems-2011-2014.xlsx
Luxembourg,2013,Pseudomonas aeruginosa,carbapenems,17.6,34.0,European/2014/P aeruginosa/number-p-aeruginosa-isolates-and-percentage-resistant-carbapenems-2011-2014.xlsx
Luxembourg,2014,Pseudomonas aeruginosa,carbapenems,4.8,42.0,European/2014/P aeruginosa/number-p-aeruginosa-isolates-and-percentage-resistant-carbapenems-2011-2014.xlsx
Luxembourg,2015,Pseudomonas aeruginosa,carbapenems,8.3,24.0,"European/2015/Pseudomonas, Tables 3-14 to 3-20.xlsx [Table 3.18]"
Malta,2010,Pseudomonas aeruginosa,carbapenems,23.8,42.0,European/2013/Downloadables/P aeruginosa/number-p-aeruginosa-isolates-and-percentage-resistant-carbapenems-2010-2013.xlsx
Malta,2011,Pseudomonas aeruginosa,carbapenems,23.8,42.0,European/2014/P aeruginosa/number-p-aeruginosa-isolates-and-percentage-resistant-carbapenems-2011-2014.xlsx
Malta,2012,Pseudomonas aeruginosa,carbapenems,3.2,31.0,European/2014/P aeruginosa/number-p-aeruginosa-isolates-and-percentage-resistant-carbapenems-2011-2014.xlsx
Malta,2013,Pseudomonas aeruginosa,carbapenems,16.0,25.0,European/2014/P aeruginosa/number-p-aeruginosa-isolates-and-percentage-resistant-carbapenems-2011-2014.xlsx
Malta,2014,Pseudomonas aeruginosa,carbapenems,15.8,38.0,European/2014/P aeruginosa/number-p-aeruginosa-isolates-and-percentage-resistant-carbapenems-2011-2014.xlsx
Malta,2015,Pseudomonas aeruginosa,carbapenems,16.0,25.0,"European/2015/Pseudomonas, Tables 3-14 to 3-20.xlsx [Table 3.18]"
Netherlands,2010,Pseudomonas aeruginosa,carbapenems,2.7,371.0,European/2013/Downloadables/P aeruginosa/number-p-aeruginosa-isolates-and-percentage-resistant-carbapenems-2010-2013.xlsx
Netherlands,2011,Pseudomonas aeruginosa,carbapenems,3.5,431.0,European/2014/P aeruginosa/number-p-aeruginosa-isolates-and-percentage-resistant-carbapenems-2011-2014.xlsx
Netherlands,2012,Pseudomonas aeruginosa,carbapenems,3.3,397.0,European/2014/P aeruginosa/number-p-aeruginosa-isolates-and-percentage-resistant-carbapenems-2011-2014.xlsx
Netherlands,2013,Pseudomonas aeruginosa,carbapenems,3.5,375.0,European/2014/P aeruginosa/number-p-aeruginosa-isolates-and-percentage-resistant-carbapenems-2011-2014.xlsx
Netherlands,2014,Pseudomonas aeruginosa,carbapenems,4.4,543.0,European/2014/P aeruginosa/number-p-aeruginosa-isolates-and-percentage-resistant-carbapenems-2011-2014.xlsx
Netherlands,2015,Pseudomonas aeruginosa,carbapenems,4.0,500.0,"European/2015/Pseudomonas, Tables 3-14 to 3-20.xlsx [Table 3.18]"
Norway,2010,Pseudomonas aeruginosa,carbapenems,1.2,168.0,European/2013/Downloadables/P aeruginosa/number-p-aeruginosa-isolates-and-percentage-resistant-carbapenems-2010-2013.xlsx
Norway,2011,Pseudomonas aeruginosa,carbapenems,4.1,148.0,European/2014/P aeruginosa/number-p-aeruginosa-isolates-and-percentage-resistant-carbapenems-2011-2014.xlsx
Norway,2012,Pseudomonas aeruginosa,carbapenems,6.7,208.0,European/2014/P aeruginosa/number-p-aeruginosa-isolates-and-percentage-resistant-carbapenems-2011-2014.xlsx
Norway,2013,Pseudomonas aeruginosa,carbapenems,5.8,206.0,European/2014/P aeruginosa/number-p-aeruginosa-isolates-and-percentage-resistant-carbapenems-2011-2014.xlsx
Norway,2014,Pseudomonas aeruginosa,carbapenems,5.9,256.0,European/2014/P aeruginosa/number-p-aeruginosa-isolates-and-percentage-resistant-carbapenems-2011-2014.xlsx
Norway,2015,Pseudomonas aeruginosa,carbapenems,5.7,228.0,"European/2015/Pseudomonas, Tables 3-14 to 3-20.xlsx [Table 3.18]"
Poland,2010,Pseudomonas aeruginosa,carbapenems,24.6,167.0,European/2013/Downloadables/P aeruginosa/number-p-aeruginosa-isolates-and-percentage-resistant-carbapenems-2010-2013.xlsx
Poland,2011,Pseudomonas aeruginosa,carbapenems,24.5,184.0,European/2014/P aeruginosa/number-p-aeruginosa-isolates-and-percentage-resistant-carbapenems-2011-2014.xlsx
Poland,2012,Pseudomonas aeruginosa,carbapenems,22.8,171.0,European/2014/P aeruginosa/number-p-aeruginosa-isolates-and-percentage-resistant-carbapenems-2011-2014.xlsx
Poland,2013,Pseudomonas aeruginosa,carbapenems,32.3,189.0,European/2014/P aeruginosa/number-p-aeruginosa-isolates-and-percentage-resistant-carbapenems-2011-2014.xlsx
Poland,2014,Pseudomonas aeruginosa,carbapenems,27.6,185.0,"European/2015/Pseudomonas, Tables 3-14 to 3-20.xlsx [Table 3.18]"
Poland,2015,Pseudomonas aeruginosa,carbapenems,37.0,254.0,"European/2015/Pseudomonas, Tables 3-14 to 3-20.xlsx [Table 3.18]"
Portugal,2010,Pseudomonas aeruginosa,carbapenems,16.1,534.0,European/2013/Downloadables/P aeruginosa/number-p-aeruginosa-isolates-and-percentage-resistant-carbapenems-2010-2013.xlsx
Portugal,2011,Pseudomonas aeruginosa,carbapenems,19.8,505.0,European/2014/P aeruginosa/number-p-aeruginosa-isolates-and-percentage-resistant-carbapenems-2011-2014.xlsx
Portugal,2012,Pseudomonas aeruginosa,carbapenems,20.4,568.0,European/2014/P aeruginosa/number-p-aeruginosa-isolates-and-percentage-resistant-carbapenems-2011-2014.xlsx
Portugal,2013,Pseudomonas aeruginosa,carbapenems,20.6,733.0,European/2014/P aeruginosa/number-p-aeruginosa-isolates-and-percentage-resistant-carbapenems-2011-2014.xlsx
Portugal,2014,Pseudomonas aeruginosa,carbapenems,22.5,1064.0,European/2014/P aeruginosa/number-p-aeruginosa-isolates-and-percentage-resistant-carbapenems-2011-2014.xlsx
Portugal,2015,Pseudomonas aeruginosa,carbapenems,19.8,1191.0,"European/2015/Pseudomonas, Tables 3-14 to 3-20.xlsx [Table 3.18]"
Romania,2010,Pseudomonas aeruginosa,carbapenems,70.0,10.0,European/2013/Downloadables/P aeruginosa/number-p-aeruginosa-isolates-and-percentage-resistant-carbapenems-2010-2013.xlsx
Romania,2011,Pseudomonas aeruginosa,carbapenems,60.0,10.0,European/2014/P aeruginosa/number-p-aeruginosa-isolates-and-percentage-resistant-carbapenems-2011-2014.xlsx
Romania,2012,Pseudomonas aeruginosa,carbapenems,57.8,45.0,European/2014/P aeruginosa/number-p-aeruginosa-isolates-and-percentage-resistant-carbapenems-2011-2014.xlsx
Romania,2013,Pseudomonas aeruginosa,carbapenems,60.5,86.0,European/2014/P aeruginosa/number-p-aeruginosa-isolates-and-percentage-resistant-carbapenems-2011-2014.xlsx
Romania,2014,Pseudomonas aeruginosa,carbapenems,58.5,94.0,European/2014/P aeruginosa/number-p-aeruginosa-isolates-and-percentage-resistant-carbapenems-2011-2014.xlsx
Romania,2015,Pseudomonas aeruginosa,carbapenems,66.3,92.0,"European/2015/Pseudomonas, Tables 3-14 to 3-20.xlsx [Table 3.18]"
Slovakia,2011,Pseudomonas aeruginosa,carbapenems,30.5,249.0,European/2014/P aeruginosa/number-p-aeruginosa-isolates-and-percentage-resistant-carbapenems-2011-2014.xlsx
Slovakia,2012,Pseudomonas aeruginosa,carbapenems,40.8,179.0,European/2014/P aeruginosa/number-p-aeruginosa-isolates-and-percentage-resistant-carbapenems-2011-2014.xlsx
Slovakia,2013,Pseudomonas aeruginosa,carbapenems,58.9,214.0,European/2014/P aeruginosa/number-p-aeruginosa-isolates-and-percentage-resistant-carbapenems-2011-2014.xlsx
Slovakia,2014,Pseudomonas aeruginosa,carbapenems,38.4,250.0,European/2014/P aeruginosa/number-p-aeruginosa-isolates-and-percentage-resistant-carbapenems-2011-2014.xlsx
Slovakia,2015,Pseudomonas aeruginosa,carbapenems,51.9,262.0,"European/2015/Pseudomonas, Tables 3-14 to 3-20.xlsx [Table 3.18]"
Slovenia,2010,Pseudomonas aeruginosa,carbapenems,19.1,89.0,European/2013/Downloadables/P aeruginosa/number-p-aeruginosa-isolates-and-percentage-resistant-carbapenems-2010-2013.xlsx
Slovenia,2011,Pseudomonas aeruginosa,carbapenems,23.7,118.0,European/2014/P aeruginosa/number-p-aeruginosa-isolates-and-percentage-resistant-carbapenems-2011-2014.xlsx
Slovenia,2012,Pseudomonas aeruginosa,carbapenems,21.6,134.0,European/2014/P aeruginosa/number-p-aeruginosa-isolates-and-percentage-resistant-carbapenems-2011-2014.xlsx
Slovenia,2013,Pseudomonas aeruginosa,carbapenems,25.6,133.0,European/2014/P aeruginosa/number-p-aeruginosa-isolates-and-percentage-resistant-carbapenems-2011-2014.xlsx
Slovenia,2014,Pseudomonas aeruginosa,carbapenems,31.3,112.0,European/2014/P aeruginosa/number-p-aeruginosa-isolates-and-percentage-resistant-carbapenems-2011-2014.xlsx
Slovenia,2015,Pseudomonas aeruginosa,carbapenems,15.6,141.0,"European/2015/Pseudomonas, Tables 3-14 to 3-20.xlsx [Table 3.18]"
Spain,2010,Pseudomonas aeruginosa,carbapenems,17.8,749.0,European/2013/Downloadables/P aeruginosa/number-p-aeruginosa-isolates-and-percentage-resistant-carbapenems-2010-2013.xlsx
Spain,2011,Pseudomonas aeruginosa,carbapenems,16.3,839.0,European/2014/P aeruginosa/number-p-aeruginosa-isolates-and-percentage-resistant-carbapenems-2011-2014.xlsx
Spain,2012,Pseudomonas aeruginosa,carbapenems,16.4,853.0,European/2014/P aeruginosa/number-p-aeruginosa-isolates-and-percentage-resistant-carbapenems-2011-2014.xlsx
Spain,2013,Pseudomonas aeruginosa,carbapenems,17.6,825.0,European/2014/P aeruginosa/number-p-aeruginosa-isolates-and-percentage-resistant-carbapenems-2011-2014.xlsx
Spain,2014,Pseudomonas aeruginosa,carbapenems,18.5,872.0,European/2014/P aeruginosa/number-p-aeruginosa-isolates-and-percentage-resistant-carbapenems-2011-2014.xlsx
Spain,2015,Pseudomonas aeruginosa,carbapenems,22.7,872.0,"European/2015/Pseudomonas, Tables 3-14 to 3-20.xlsx [Table 3.18]"
Sweden,2010,Pseudomonas aeruginosa,carbapenems,4.5,337.0,European/2013/Downloadables/P aeruginosa/number-p-aeruginosa-isolates-and-percentage-resistant-carbapenems-2010-2013.xlsx
Sweden,2011,Pseudomonas aeruginosa,carbapenems,8.0,487.0,European/2014/P aeruginosa/number-p-aeruginosa-isolates-and-percentage-resistant-carbapenems-2011-2014.xlsx
Sweden,2012,Pseudomonas aeruginosa,carbapenems,5.3,357.0,European/2014/P aeruginosa/number-p-aeruginosa-isolates-and-percentage-resistant-carbapenems-2011-2014.xlsx
Sweden,2013,Pseudomonas aeruginosa,carbapenems,7.2,517.0,European/2014/P aeruginosa/number-p-aeruginosa-isolates-and-percentage-resistant-carbapenems-2011-2014.xlsx
Sweden,2014,Pseudomonas aeruginosa,carbapenems,7.1,408.0,European/2014/P aeruginosa/number-p-aeruginosa-isolates-and-percentage-resistant-carbapenems-2011-2014.xlsx
Sweden,2015,Pseudomonas aeruginosa,carbapenems,6.5,398.0,"European/2015/Pseudomonas, Tables 3-14 to 3-20.xlsx [Table 3.18]"
United Kingdom,2010,Pseudomonas aeruginosa,carbapenems,6.5,493.0,European/2013/Downloadables/P aeruginosa/number-p-aeruginosa-isolates-and-percentage-resistant-carbapenems-2010-2013.xlsx
United Kingdom,2011,Pseudomonas aeruginosa,carbapenems,5.6,540.0,European/2014/P aeruginosa/number-p-aeruginosa-isolates-and-percentage-resistant-carbapenems-2011-2014.xlsx
United Kingdom,2012,Pseudomonas aeruginosa,carbapenems,6.3,603.0,European/2014/P aeruginosa/number-p-aeruginosa-isolates-and-percentage-resistant-carbapenems-2011-2014.xlsx
United Kingdom,2013,Pseudomonas aeruginosa,carbapenems,5.2,671.0,European/2014/P aeruginosa/number-p-aeruginosa-isolates-and-percentage-resistant-carbapenems-2011-2014.xlsx
United Kingdom,2014,Pseudomonas aeruginosa,carbapenems,6.3,590.0,European/2014/P aeruginosa/number-p-aeruginosa-isolates-and-percentage-resistant-carbapenems-2011-2014.xlsx
United Kingdom,2015,Pseudomonas aeruginosa,carbapenems,2.4,499.0,"European/2015/Pseudomonas, Tables 3-14 to 3-20.xlsx [Table 3.18]"
Austria,2010,Pseudomonas aeruginosa,ceftazidime,7.6,461.0,European/2013/Downloadables/P aeruginosa/number-p-aeruginosa-isolates-and-percentage-resistant-ceftazidime-2010-2013.xlsx
Austria,2011,Pseudomonas aeruginosa,ceftazidime,10.6,498.0,European/2014/P aeruginosa/number-p-aeruginosa-isolates-and-percentage-resistant-ceftazidime-2011-2014.xlsx
Austria,2012,Pseudomonas aeruginosa,ceftazidime,14.0,572.0,European/2014/P aeruginosa/number-p-aeruginosa-isolates-and-percentage-resistant-ceftazidime-2011-2014.xlsx
Austria,2013,Pseudomonas aeruginosa,ceftazidime,9.5,608.0,European/2014/P aeruginosa/number-p-aeruginosa-isolates-and-percentage-resistant-ceftazidime-2011-2014.xlsx
Austria,2014,Pseudomonas aeruginosa,ceftazidime,8.7,631.0,European/2014/P aeruginosa/number-p-aeruginosa-isolates-and-percentage-resistant-ceftazidime-2011-2014.xlsx
Austria,2015,Pseudomonas aeruginosa,ceftazidime,9.9,577.0,"European/2015/Pseudomonas, Tables 3-14 to 3-20.xlsx [Table 3.16]"
Belgium,2010,Pseudomonas aeruginosa,ceftazidime,6.7,120.0,European/2013/Downloadables/P aeruginosa/number-p-aeruginosa-isolates-and-percentage-resistant-ceftazidime-2010-2013.xlsx
Belgium,2011,Pseudomonas aeruginosa,ceftazidime,8.9,417.0,European/2014/P aeruginosa/number-p-aeruginosa-isolates-and-percentage-resistant-ceftazidime-2011-2014.xlsx
Belgium,2012,Pseudomonas aeruginosa,ceftazidime,8.3,326.0,European/2014/P aeruginosa/number-p-aeruginosa-isolates-and-percentage-resistant-ceftazidime-2011-2014.xlsx
Belgium,2013,Pseudomonas aeruginosa,ceftazidime,9.4,459.0,European/2014/P aeruginosa/number-p-aeruginosa-isolates-and-percentage-resistant-ceftazidime-2011-2014.xlsx
Belgium,2014,Pseudomonas aeruginosa,ceftazidime,8.9,316.0,European/2014/P aeruginosa/number-p-aeruginosa-isolates-and-percentage-resistant-ceftazidime-2011-2014.xlsx
Belgium,2015,Pseudomonas aeruginosa,ceftazidime,6.2,226.0,"European/2015/Pseudomonas, Tables 3-14 to 3-20.xlsx [Table 3.16]"
Bulgaria,2010,Pseudomonas aeruginosa,ceftazidime,18.9,37.0,European/2013/Downloadables/P aeruginosa/number-p-aeruginosa-isolates-and-percentage-resistant-ceftazidime-2010-2013.xlsx
Bulgaria,2011,Pseudomonas aeruginosa,ceftazidime,30.8,39.0,European/2014/P aeruginosa/number-p-aeruginosa-isolates-and-percentage-resistant-ceftazidime-2011-2014.xlsx
Bulgaria,2012,Pseudomonas aeruginosa,ceftazidime,34.6,52.0,European/2014/P aeruginosa/number-p-aeruginosa-isolates-and-percentage-resistant-ceftazidime-2011-2014.xlsx
Bulgaria,2013,Pseudomonas aeruginosa,ceftazidime,12.5,56.0,European/2014/P aeruginosa/number-p-aeruginosa-isolates-and-percentage-resistant-ceftazidime-2011-2014.xlsx
Bulgaria,2014,Pseudomonas aeruginosa,ceftazidime,29.8,47.0,European/2014/P aeruginosa/number-p-aeruginosa-isolates-and-percentage-resistant-ceftazidime-2011-2014.xlsx
Bulgaria,2015,Pseudomonas aeruginosa,ceftazidime,26.9,52.0,"European/2015/Pseudomonas, Tables 3-14 to 3-20.xlsx [Table 3.16]"
Croatia,2010,Pseudomonas aeruginosa,ceftazidime,11.2,197.0,European/2013/Downloadables/P aeruginosa/number-p-aeruginosa-isolates-and-percentage-resistant-ceftazidime-2010-2013.xlsx
Croatia,2011,Pseudomonas aeruginosa,ceftazidime,17.7,215.0,European/2014/P aeruginosa/number-p-aeruginosa-isolates-and-percentage-resistant-ceftazidime-2011-2014.xlsx
Croatia,2012,Pseudomonas aeruginosa,ceftazidime,11.6,189.0,European/2014/P aeruginosa/number-p-aeruginosa-isolates-and-percentage-resistant-ceftazidime-2011-2014.xlsx
Croatia,2013,Pseudomonas aeruginosa,ceftazidime,18.8,239.0,European/2014/P aeruginosa/number-p-aeruginosa-isolates-and-percentage-resistant-ceftazidime-2011-2014.xlsx
Croatia,2014,Pseudomonas aeruginosa,ceftazidime,24.2,227.0,European/2014/P aeruginosa/number-p-aeruginosa-isolates-and-percentage-resistant-ceftazidime-2011-2014.xlsx
Croatia,2015,Pseudomonas aeruginosa,ceftazidime,18.5,248.0,"European/2015/Pseudomonas, Tables 3-14 to 3-20.xlsx [Table 3.16]"
Cyprus,2010,Pseudomonas aeruginosa,ceftazidime,16.7,48.0,European/2013/Downloadables/P aeruginosa/number-p-aeruginosa-isolates-and-percentage-resistant-ceftazidime-2010-2013.xlsx
Cyprus,2011,Pseudomonas aeruginosa,ceftazidime,23.5,51.0,European/2014/P aeruginosa/number-p-aeruginosa-isolates-and-percentage-resistant-ceftazidime-2011-2014.xlsx
Cyprus,2012,Pseudomonas aeruginosa,ceftazidime,15.4,52.0,European/2014/P aeruginosa/number-p-aeruginosa-isolates-and-percentage-resistant-ceftazidime-2011-2014.xlsx
Cyprus,2013,Pseudomonas aeruginosa,ceftazidime,12.8,47.0,European/2014/P aeruginosa/number-p-aeruginosa-isolates-and-percentage-resistant-ceftazidime-2011-2014.xlsx
Cyprus,2014,Pseudomonas aeruginosa,ceftazidime,23.8,42.0,European/2014/P aeruginosa/number-p-aeruginosa-isolates-and-percentage-resistant-ceftazidime-2011-2014.xlsx
Cyprus,2015,Pseudomonas aeruginosa,ceftazidime,4.7,43.0,"European/2015/Pseudomonas, Tables 3-14 to 3-20.xlsx [Table 3.16]"
Czech Republic,2010,Pseudomonas aeruginosa,ceftazidime,28.5,509.0,European/2013/Downloadables/P aeruginosa/number-p-aeruginosa-isolates-and-percentage-resistant-ceftazidime-2010-2013.xlsx
Czech Republic,2011,Pseudomonas aeruginosa,ceftazidime,20.3,448.0,European/2014/P aeruginosa/number-p-aeruginosa-isolates-and-percentage-resistant-ceftazidime-2011-2014.xlsx
Czech Republic,2012,Pseudomonas aeruginosa,ceftazidime,20.4,489.0,European/2014/P aeruginosa/number-p-aeruginosa-isolates-and-percentage-resistant-ceftazidime-2011-2014.xlsx
Czech Republic,2013,Pseudomonas aeruginosa,ceftazidime,22.9,516.0,European/2014/P aeruginosa/number-p-aeruginosa-isolates-and-percentage-resistant-ceftazidime-2011-2014.xlsx
Czech Republic,2014,Pseudomonas aeruginosa,ceftazidime,21.5,446.0,European/2014/P aeruginosa/number-p-aeruginosa-isolates-and-percentage-resistant-ceftazidime-2011-2014.xlsx
Czech Republic,2015,Pseudomonas aeruginosa,ceftazidime,19.6,464.0,"European/2015/Pseudomonas, Tables 3-14 to 3-20.xlsx [Table 3.16]"
Denmark,2010,Pseudomonas aeruginosa,ceftazidime,2.8,358.0,European/2013/Downloadables/P aeruginosa/number-p-aeruginosa-isolates-and-percentage-resistant-ceftazidime-2010-2013.xlsx
Denmark,2011,Pseudomonas aeruginosa,ceftazidime,5.2,402.0,European/2014/P aeruginosa/number-p-aeruginosa-isolates-and-percentage-resistant-ceftazidime-2011-2014.xlsx
Denmark,2012,Pseudomonas aeruginosa,ceftazidime,4.9,325.0,European/2014/P aeruginosa/number-p-aeruginosa-isolates-and-percentage-resistant-ceftazidime-2011-2014.xlsx
Denmark,2013,Pseudomonas aeruginosa,ceftazidime,3.1,357.0,European/2014/P aeruginosa/number-p-aeruginosa-isolates-and-percentage-resistant-ceftazidime-2011-2014.xlsx
Denmark,2014,Pseudomonas aeruginosa,ceftazidime,3.9,386.0,European/2014/P aeruginosa/number-p-aeruginosa-isolates-and-percentage-resistant-ceftazidime-2011-2014.xlsx
Denmark,2015,Pseudomonas aeruginosa,ceftazidime,3.6,439.0,"European/2015/Pseudomonas, Tables 3-14 to 3-20.xlsx [Table 3.16]"
Estonia,2012,Pseudomonas aeruginosa,ceftazidime,17.2,29.0,European/2014/P aeruginosa/number-p-aeruginosa-isolates-and-percentage-resistant-ceftazidime-2011-2014.xlsx
Estonia,2013,Pseudomonas aeruginosa,ceftazidime,0.0,19.0,European/2014/P aeruginosa/number-p-aeruginosa-isolates-and-percentage-resistant-ceftazidime-2011-2014.xlsx
Estonia,2014,Pseudomonas aeruginosa,ceftazidime,7.1,28.0,European/2014/P aeruginosa/number-p-aeruginosa-isolates-and-percentage-resistant-ceftazidime-2011-2014.xlsx
Estonia,2015,Pseudomonas aeruginosa,ceftazidime,14.3,7.0,"European/2015/Pseudomonas, Tables 3-14 to 3-20.xlsx [Table 3.16]"
Finland,2010,Pseudomonas aeruginosa,ceftazidime,2.8,281.0,European/2013/Downloadables/P aeruginosa/number-p-aeruginosa-isolates-and-percentage-resistant-ceftazidime-2010-2013.xlsx
Finland,2011,Pseudomonas aeruginosa,ceftazidime,9.3,215.0,European/2014/P aeruginosa/number-p-aeruginosa-isolates-and-percentage-resistant-ceftazidime-2011-2014.xlsx
Finland,2012,Pseudomonas aeruginosa,ceftazidime,5.0,317.0,European/2014/P aeruginosa/number-p-aeruginosa-isolates-and-percentage-resistant-ceftazidime-2011-2014.xlsx
Finland,2013,Pseudomonas aeruginosa,ceftazidime,5.0,321.0,European/2014/P aeruginosa/number-p-aeruginosa-isolates-and-percentage-resistant-ceftazidime-2011-2014.xlsx
Finland,2014,Pseudomonas aeruginosa,ceftazidime,6.2,307.0,European/2014/P aeruginosa/number-p-aeruginosa-isolates-and-percentage-resistant-ceftazidime-2011-2014.xlsx
Finland,2015,Pseudomonas aeruginosa,ceftazidime,6.9,334.0,"European/2015/Pseudomonas, Tables 3-14 to 3-20.xlsx [Table 3.16]"
France,2010,Pseudomonas aeruginosa,ceftazidime,12.7,1009.0,European/2013/Downloadables/P aeruginosa/number-p-aeruginosa-isolates-and-percentage-resistant-ceftazidime-2010-2013.xlsx
France,2011,Pseudomonas aeruginosa,ceftazidime,16.0,1466.0,European/2014/P aeruginosa/number-p-aeruginosa-isolates-and-percentage-resistant-ceftazidime-2011-2014.xlsx
France,2012,Pseudomonas aeruginosa,ceftazidime,14.1,1607.0,European/2014/P aeruginosa/number-p-aeruginosa-isolates-and-percentage-resistant-ceftazidime-2011-2014.xlsx
France,2013,Pseudomonas aeruginosa,ceftazidime,11.5,1868.0,European/2014/P aeruginosa/number-p-aeruginosa-isolates-and-percentage-resistant-ceftazidime-2011-2014.xlsx
France,2014,Pseudomonas aeruginosa,ceftazidime,12.0,1778.0,European/2014/P aeruginosa/number-p-aeruginosa-isolates-and-percentage-resistant-ceftazidime-2011-2014.xlsx
France,2015,Pseudomonas aeruginosa,ceftazidime,11.6,1919.0,"European/2015/Pseudomonas, Tables 3-14 to 3-20.xlsx [Table 3.16]"
Germany,2010,Pseudomonas aeruginosa,ceftazidime,8.1,309.0,European/2013/Downloadables/P aeruginosa/number-p-aeruginosa-isolates-and-percentage-resistant-ceftazidime-2010-2013.xlsx
Germany,2011,Pseudomonas aeruginosa,ceftazidime,9.1,386.0,European/2014/P aeruginosa/number-p-aeruginosa-isolates-and-percentage-resistant-ceftazidime-2011-2014.xlsx
Germany,2012,Pseudomonas aeruginosa,ceftazidime,9.6,437.0,European/2014/P aeruginosa/number-p-aeruginosa-isolates-and-percentage-resistant-ceftazidime-2011-2014.xlsx
Germany,2013,Pseudomonas aeruginosa,ceftazidime,10.0,607.0,European/2014/P aeruginosa/number-p-aeruginosa-isolates-and-percentage-resistant-ceftazidime-2011-2014.xlsx
Germany,2014,Pseudomonas aeruginosa,ceftazidime,9.9,638.0,European/2014/P aeruginosa/number-p-aeruginosa-isolates-and-percentage-resistant-ceftazidime-2011-2014.xlsx
Germany,2015,Pseudomonas aeruginosa,ceftazidime,9.1,938.0,"European/2015/Pseudomonas, Tables 3-14 to 3-20.xlsx [Table 3.16]"
Greece,2010,Pseudomonas aeruginosa,ceftazidime,40.2,967.0,European/2013/Downloadables/P aeruginosa/number-p-aeruginosa-isolates-and-percentage-resistant-ceftazidime-2010-2013.xlsx
Greece,2011,Pseudomonas aeruginosa,ceftazidime,37.4,930.0,European/2014/P aeruginosa/number-p-aeruginosa-isolates-and-percentage-resistant-ceftazidime-2011-2014.xlsx
Greece,2012,Pseudomonas aeruginosa,ceftazidime,31.0,883.0,European/2014/P aeruginosa/number-p-aeruginosa-isolates-and-percentage-resistant-ceftazidime-2011-2014.xlsx
Greece,2013,Pseudomonas aeruginosa,ceftazidime,27.9,849.0,European/2014/P aeruginosa/number-p-aeruginosa-isolates-and-percentage-resistant-ceftazidime-2011-2014.xlsx
Greece,2014,Pseudomonas aeruginosa,ceftazidime,26.7,649.0,European/2014/P aeruginosa/number-p-aeruginosa-isolates-and-percentage-resistant-ceftazidime-2011-2014.xlsx
Greece,2015,Pseudomonas aeruginosa,ceftazidime,19.4,660.0,"European/2015/Pseudomonas, Tables 3-14 to 3-20.xlsx [Table 3.16]"
Hungary,2010,Pseudomonas aeruginosa,ceftazidime,10.6,635.0,European/2013/Downloadables/P aeruginosa/number-p-aeruginosa-isolates-and-percentage-resistant-ceftazidime-2010-2013.xlsx
Hungary,2011,Pseudomonas aeruginosa,ceftazidime,11.9,604.0,European/2014/P aeruginosa/number-p-aeruginosa-isolates-and-percentage-resistant-ceftazidime-2011-2014.xlsx
Hungary,2012,Pseudomonas aeruginosa,ceftazidime,18.1,608.0,European/2014/P aeruginosa/number-p-aeruginosa-isolates-and-percentage-resistant-ceftazidime-2011-2014.xlsx
Hungary,2013,Pseudomonas aeruginosa,ceftazidime,20.8,662.0,European/2014/P aeruginosa/number-p-aeruginosa-isolates-and-percentage-resistant-ceftazidime-2011-2014.xlsx
Hungary,2014,Pseudomonas aeruginosa,ceftazidime,24.1,739.0,European/2014/P aeruginosa/number-p-aeruginosa-isolates-and-percentage-resistant-ceftazidime-2011-2014.xlsx
Hungary,2015,Pseudomonas aeruginosa,ceftazidime,24.2,763.0,"European/2015/Pseudomonas, Tables 3-14 to 3-20.xlsx [Table 3.16]"
Iceland,2010,Pseudomonas aeruginosa,ceftazidime,8.3,12.0,European/2013/Downloadables/P aeruginosa/number-p-aeruginosa-isolates-and-percentage-resistant-ceftazidime-2010-2013.xlsx
Iceland,2011,Pseudomonas aeruginosa,ceftazidime,5.9,17.0,European/2014/P aeruginosa/number-p-aeruginosa-isolates-and-percentage-resistant-ceftazidime-2011-2014.xlsx
Iceland,2012,Pseudomonas aeruginosa,ceftazidime,10.0,10.0,European/2014/P aeruginosa/number-p-aeruginosa-isolates-and-percentage-resistant-ceftazidime-2011-2014.xlsx
Iceland,2013,Pseudomonas aeruginosa,ceftazidime,0.0,11.0,European/2014/P aeruginosa/number-p-aeruginosa-isolates-and-percentage-resistant-ceftazidime-2011-2014.xlsx
Iceland,2014,Pseudomonas aeruginosa,ceftazidime,9.1,11.0,European/2014/P aeruginosa/number-p-aeruginosa-isolates-and-percentage-resistant-ceftazidime-2011-2014.xlsx
Iceland,2015,Pseudomonas aeruginosa,ceftazidime,0.0,11.0,"European/2015/Pseudomonas, Tables 3-14 to 3-20.xlsx [Table 3.16]"
Ireland,2010,Pseudomonas aeruginosa,ceftazidime,6.0,216.0,European/2013/Downloadables/P aeruginosa/number-p-aeruginosa-isolates-and-percentage-resistant-ceftazidime-2010-2013.xlsx
Ireland,2011,Pseudomonas aeruginosa,ceftazidime,4.4,181.0,European/2014/P aeruginosa/number-p-aeruginosa-isolates-and-percentage-resistant-ceftazidime-2011-2014.xlsx
Ireland,2012,Pseudomonas aeruginosa,ceftazidime,14.3,210.0,European/2014/P aeruginosa/number-p-aeruginosa-isolates-and-percentage-resistant-ceftazidime-2011-2014.xlsx
Ireland,2013,Pseudomonas aeruginosa,ceftazidime,7.8,204.0,European/2014/P aeruginosa/number-p-aeruginosa-isolates-and-percentage-resistant-ceftazidime-2011-2014.xlsx
Ireland,2014,Pseudomonas aeruginosa,ceftazidime,8.0,175.0,European/2014/P aeruginosa/number-p-aeruginosa-isolates-and-percentage-resistant-ceftazidime-2011-2014.xlsx
Ireland,2015,Pseudomonas aeruginosa,ceftazidime,7.2,195.0,"European/2015/Pseudomonas, Tables 3-14 to 3-20.xlsx [Table 3.16]"
Italy,2010,Pseudomonas aeruginosa,ceftazidime,17.7,407.0,European/2013/Downloadables/P aeruginosa/number-p-aeruginosa-isolates-and-percentage-resistant-ceftazidime-2010-2013.xlsx
Italy,2011,Pseudomonas aeruginosa,ceftazidime,16.2,303.0,European/2014/P aeruginosa/number-p-aeruginosa-isolates-and-percentage-resistant-ceftazidime-2011-2014.xlsx
Italy,2012,Pseudomonas aeruginosa,ceftazidime,25.5,603.0,European/2014/P aeruginosa/number-p-aeruginosa-isolates-and-percentage-resistant-ceftazidime-2011-2014.xlsx
Italy,2013,Pseudomonas aeruginosa,ceftazidime,23.7,722.0,European/2014/P aeruginosa/number-p-aeruginosa-isolates-and-percentage-resistant-ceftazidime-2011-2014.xlsx
Italy,2014,Pseudomonas aeruginosa,ceftazidime,24.9,683.0,European/2014/P aeruginosa/number-p-aeruginosa-isolates-and-percentage-resistant-ceftazidime-2011-2014.xlsx
Italy,2015,Pseudomonas aeruginosa,ceftazidime,21.7,1068.0,"European/2015/Pseudomonas, Tables 3-14 to 3-20.xlsx [Table 3.16]"
Latvia,2010,Pseudomonas aeruginosa,ceftazidime,9.5,21.0,European/2013/Downloadables/P aeruginosa/number-p-aeruginosa-isolates-and-percentage-resistant-ceftazidime-2010-2013.xlsx
Latvia,2011,Pseudomonas aeruginosa,ceftazidime,9.1,11.0,European/2014/P aeruginosa/number-p-aeruginosa-isolates-and-percentage-resistant-ceftazidime-2011-2014.xlsx
Latvia,2012,Pseudomonas aeruginosa,ceftazidime,22.2,18.0,European/2014/P aeruginosa/number-p-aeruginosa-isolates-and-percentage-resistant-ceftazidime-2011-2014.xlsx
Latvia,2013,Pseudomonas aeruginosa,ceftazidime,24.0,25.0,European/2014/P aeruginosa/number-p-aeruginosa-isolates-and-percentage-resistant-ceftazidime-2011-2014.xlsx
Latvia,2014,Pseudomonas aeruginosa,ceftazidime,66.7,3.0,"European/2015/Pseudomonas, Tables 3-14 to 3-20.xlsx [Table 3.16]"
Latvia,2015,Pseudomonas aeruginosa,ceftazidime,23.1,13.0,"European/2015/Pseudomonas, Tables 3-14 to 3-20.xlsx [Table 3.16]"
Lithuania,2010,Pseudomonas aeruginosa,ceftazidime,9.7,31.0,European/2013/Downloadables/P aeruginosa/number-p-aeruginosa-isolates-and-percentage-resistant-ceftazidime-2010-2013.xlsx
Lithuania,2011,Pseudomonas aeruginosa,ceftazidime,20.7,29.0,European/2014/P aeruginosa/number-p-aeruginosa-isolates-and-percentage-resistant-ceftazidime-2011-2014.xlsx
Lithuania,2012,Pseudomonas aeruginosa,ceftazidime,7.1,28.0,European/2014/P aeruginosa/number-p-aeruginosa-isolates-and-percentage-resistant-ceftazidime-2011-2014.xlsx
Lithuania,2013,Pseudomonas aeruginosa,ceftazidime,8.1,37.0,European/2014/P aeruginosa/number-p-aeruginosa-isolates-and-percentage-resistant-ceftazidime-2011-2014.xlsx
Lithuania,2014,Pseudomonas aeruginosa,ceftazidime,16.7,30.0,European/2014/P aeruginosa/number-p-aeruginosa-isolates-and-percentage-resistant-ceftazidime-2011-2014.xlsx
Lithuania,2015,Pseudomonas aeruginosa,ceftazidime,19.5,41.0,"European/2015/Pseudomonas, Tables 3-14 to 3-20.xlsx [Table 3.16]"
Luxembourg,2010,Pseudomonas aeruginosa,ceftazidime,0.0,32.0,European/2013/Downloadables/P aeruginosa/number-p-aeruginosa-isolates-and-percentage-resistant-ceftazidime-2010-2013.xlsx
Luxembourg,2011,Pseudomonas aeruginosa,ceftazidime,9.4,32.0,European/2014/P aeruginosa/number-p-aeruginosa-isolates-and-percentage-resistant-ceftazidime-2011-2014.xlsx
Luxembourg,2012,Pseudomonas aeruginosa,ceftazidime,3.2,31.0,European/2014/P aeruginosa/number-p-aeruginosa-isolates-and-percentage-resistant-ceftazidime-2011-2014.xlsx
Luxembourg,2013,Pseudomonas aeruginosa,ceftazidime,11.8,34.0,European/2014/P aeruginosa/number-p-aeruginosa-isolates-and-percentage-resistant-ceftazidime-2011-2014.xlsx
Luxembourg,2014,Pseudomonas aeruginosa,ceftazidime,2.4,41.0,European/2014/P aeruginosa/number-p-aeruginosa-isolates-and-percentage-resistant-ceftazidime-2011-2014.xlsx
Luxembourg,2015,Pseudomonas aeruginosa,ceftazidime,7.1,28.0,"European/2015/Pseudomonas, Tables 3-14 to 3-20.xlsx [Table 3.16]"
Malta,2010,Pseudomonas aeruginosa,ceftazidime,14.3,42.0,European/2013/Downloadables/P aeruginosa/number-p-aeruginosa-isolates-and-percentage-resistant-ceftazidime-2010-2013.xlsx
Malta,2011,Pseudomonas aeruginosa,ceftazidime,11.9,42.0,European/2014/P aeruginosa/number-p-aeruginosa-isolates-and-percentage-resistant-ceftazidime-2011-2014.xlsx
Malta,2012,Pseudomonas aeruginosa,ceftazidime,6.5,31.0,European/2014/P aeruginosa/number-p-aeruginosa-isolates-and-percentage-resistant-ceftazidime-2011-2014.xlsx
Malta,2013,Pseudomonas aeruginosa,ceftazidime,8.0,25.0,European/2014/P aeruginosa/number-p-aeruginosa-isolates-and-percentage-resistant-ceftazidime-2011-2014.xlsx
Malta,2014,Pseudomonas aeruginosa,ceftazidime,5.3,38.0,European/2014/P aeruginosa/number-p-aeruginosa-isolates-and-percentage-resistant-ceftazidime-2011-2014.xlsx
Malta,2015,Pseudomonas aeruginosa,ceftazidime,8.0,25.0,"European/2015/Pseudomonas, Tables 3-14 to 3-20.xlsx [Table 3.16]"
Netherlands,2010,Pseudomonas aeruginosa,ceftazidime,2.7,372.0,European/2013/Downloadables/P aeruginosa/number-p-aeruginosa-isolates-and-percentage-resistant-ceftazidime-2010-2013.xlsx
Netherlands,2011,Pseudomonas aeruginosa,ceftazidime,4.6,434.0,European/2014/P aeruginosa/number-p-aeruginosa-isolates-and-percentage-resistant-ceftazidime-2011-2014.xlsx
Netherlands,2012,Pseudomonas aeruginosa,ceftazidime,2.8,398.0,European/2014/P aeruginosa/number-p-aeruginosa-isolates-and-percentage-resistant-ceftazidime-2011-2014.xlsx
Netherlands,2013,Pseudomonas aeruginosa,ceftazidime,3.8,371.0,European/2014/P aeruginosa/number-p-aeruginosa-isolates-and-percentage-resistant-ceftazidime-2011-2014.xlsx
Netherlands,2014,Pseudomonas aeruginosa,ceftazidime,4.9,534.0,European/2014/P aeruginosa/number-p-aeruginosa-isolates-and-percentage-resistant-ceftazidime-2011-2014.xlsx
Netherlands,2015,Pseudomonas aeruginosa,ceftazidime,4.4,502.0,"European/2015/Pseudomonas, Tables 3-14 to 3-20.xlsx [Table 3.16]"
Norway,2010,Pseudomonas aeruginosa,ceftazidime,2.5,162.0,European/2013/Downloadables/P aeruginosa/number-p-aeruginosa-isolates-and-percentage-resistant-ceftazidime-2010-2013.xlsx
Norway,2011,Pseudomonas aeruginosa,ceftazidime,3.4,146.0,European/2014/P aeruginosa/number-p-aeruginosa-isolates-and-percentage-resistant-ceftazidime-2011-2014.xlsx
Norway,2012,Pseudomonas aeruginosa,ceftazidime,6.4,202.0,European/2014/P aeruginosa/number-p-aeruginosa-isolates-and-percentage-resistant-ceftazidime-2011-2014.xlsx
Norway,2013,Pseudomonas aeruginosa,ceftazidime,6.2,193.0,European/2014/P aeruginosa/number-p-aeruginosa-isolates-and-percentage-resistant-ceftazidime-2011-2014.xlsx
Norway,2014,Pseudomonas aeruginosa,ceftazidime,5.2,251.0,European/2014/P aeruginosa/number-p-aeruginosa-isolates-and-percentage-resistant-ceftazidime-2011-2014.xlsx
Norway,2015,Pseudomonas aeruginosa,ceftazidime,5.6,216.0,"European/2015/Pseudomonas, Tables 3-14 to 3-20.xlsx [Table 3.16]"
Poland,2010,Pseudomonas aeruginosa,ceftazidime,21.9,151.0,European/2013/Downloadables/P aeruginosa/number-p-aeruginosa-isolates-and-percentage-resistant-ceftazidime-2010-2013.xlsx
Poland,2011,Pseudomonas aeruginosa,ceftazidime,23.2,142.0,European/2014/P aeruginosa/number-p-aeruginosa-isolates-and-percentage-resistant-ceftazidime-2011-2014.xlsx
Poland,2012,Pseudomonas aeruginosa,ceftazidime,23.7,156.0,European/2014/P aeruginosa/number-p-aeruginosa-isolates-and-percentage-resistant-ceftazidime-2011-2014.xlsx
Poland,2013,Pseudomonas aeruginosa,ceftazidime,22.4,49.0,European/2014/P aeruginosa/number-p-aeruginosa-isolates-and-percentage-resistant-ceftazidime-2011-2014.xlsx
Poland,2014,Pseudomonas aeruginosa,ceftazidime,21.9,183.0,"European/2015/Pseudomonas, Tables 3-14 to 3-20.xlsx [Table 3.16]"
Poland,2015,Pseudomonas aeruginosa,ceftazidime,27.8,259.0,"European/2015/Pseudomonas, Tables 3-14 to 3-20.xlsx [Table 3.16]"
Portugal,2010,Pseudomonas aeruginosa,ceftazidime,12.2,547.0,European/2013/Downloadables/P aeruginosa/number-p-aeruginosa-isolates-and-percentage-resistant-ceftazidime-2010-2013.xlsx
Portugal,2011,Pseudomonas aeruginosa,ceftazidime,15.2,526.0,European/2014/P aeruginosa/number-p-aeruginosa-isolates-and-percentage-resistant-ceftazidime-2011-2014.xlsx
Portugal,2012,Pseudomonas aeruginosa,ceftazidime,15.3,587.0,European/2014/P aeruginosa/number-p-aeruginosa-isolates-and-percentage-resistant-ceftazidime-2011-2014.xlsx
Portugal,2013,Pseudomonas aeruginosa,ceftazidime,15.5,737.0,European/2014/P aeruginosa/number-p-aeruginosa-isolates-and-percentage-resistant-ceftazidime-2011-2014.xlsx
Portugal,2014,Pseudomonas aeruginosa,ceftazidime,22.0,1061.0,European/2014/P aeruginosa/number-p-aeruginosa-isolates-and-percentage-resistant-ceftazidime-2011-2014.xlsx
Portugal,2015,Pseudomonas aeruginosa,ceftazidime,19.2,1185.0,"European/2015/Pseudomonas, Tables 3-14 to 3-20.xlsx [Table 3.16]"
Romania,2010,Pseudomonas aeruginosa,ceftazidime,60.0,10.0,European/2013/Downloadables/P aeruginosa/number-p-aeruginosa-isolates-and-percentage-resistant-ceftazidime-2010-2013.xlsx
Romania,2012,Pseudomonas aeruginosa,ceftazidime,51.3,39.0,European/2014/P aeruginosa/number-p-aeruginosa-isolates-and-percentage-resistant-ceftazidime-2011-2014.xlsx
Romania,2013,Pseudomonas aeruginosa,ceftazidime,43.8,64.0,European/2014/P aeruginosa/number-p-aeruginosa-isolates-and-percentage-resistant-ceftazidime-2011-2014.xlsx
Romania,2014,Pseudomonas aeruginosa,ceftazidime,59.1,88.0,European/2014/P aeruginosa/number-p-aeruginosa-isolates-and-percentage-resistant-ceftazidime-2011-2014.xlsx
Romania,2015,Pseudomonas aeruginosa,ceftazidime,65.9,85.0,"European/2015/Pseudomonas, Tables 3-14 to 3-20.xlsx [Table 3.16]"
Slovakia,2011,Pseudomonas aeruginosa,ceftazidime,25.2,250.0,European/2014/P aeruginosa/number-p-aeruginosa-isolates-and-percentage-resistant-ceftazidime-2011-2014.xlsx
Slovakia,2012,Pseudomonas aeruginosa,ceftazidime,35.1,154.0,European/2014/P aeruginosa/number-p-aeruginosa-isolates-and-percentage-resistant-ceftazidime-2011-2014.xlsx
Slovakia,2013,Pseudomonas aeruginosa,ceftazidime,30.9,285.0,European/2014/P aeruginosa/number-p-aeruginosa-isolates-and-percentage-resistant-ceftazidime-2011-2014.xlsx
Slovakia,2014,Pseudomonas aeruginosa,ceftazidime,29.5,261.0,European/2014/P aeruginosa/number-p-aeruginosa-isolates-and-percentage-resistant-ceftazidime-2011-2014.xlsx
Slovakia,2015,Pseudomonas aeruginosa,ceftazidime,34.8,247.0,"European/2015/Pseudomonas, Tables 3-14 to 3-20.xlsx [Table 3.16]"
Slovenia,2010,Pseudomonas aeruginosa,ceftazidime,5.3,95.0,European/2013/Downloadables/P aeruginosa/number-p-aeruginosa-isolates-and-percentage-resistant-ceftazidime-2010-2013.xlsx
Slovenia,2011,Pseudomonas aeruginosa,ceftazidime,7.6,118.0,European/2014/P aeruginosa/number-p-aeruginosa-isolates-and-percentage-resistant-ceftazidime-2011-2014.xlsx
Slovenia,2012,Pseudomonas aeruginosa,ceftazidime,6.7,134.0,European/2014/P aeruginosa/number-p-aeruginosa-isolates-and-percentage-resistant-ceftazidime-2011-2014.xlsx
Slovenia,2013,Pseudomonas aeruginosa,ceftazidime,13.5,133.0,European/2014/P aeruginosa/number-p-aeruginosa-isolates-and-percentage-resistant-ceftazidime-2011-2014.xlsx
Slovenia,2014,Pseudomonas aeruginosa,ceftazidime,20.5,112.0,European/2014/P aeruginosa/number-p-aeruginosa-isolates-and-percentage-resistant-ceftazidime-2011-2014.xlsx
Slovenia,2015,Pseudomonas aeruginosa,ceftazidime,9.9,141.0,"European/2015/Pseudomonas, Tables 3-14 to 3-20.xlsx [Table 3.16]"
Spain,2010,Pseudomonas aeruginosa,ceftazidime,7.5,749.0,European/2013/Downloadables/P aeruginosa/number-p-aeruginosa-isolates-and-percentage-resistant-ceftazidime-2010-2013.xlsx
Spain,2011,Pseudomonas aeruginosa,ceftazidime,8.9,836.0,European/2014/P aeruginosa/number-p-aeruginosa-isolates-and-percentage-resistant-ceftazidime-2011-2014.xlsx
Spain,2012,Pseudomonas aeruginosa,ceftazidime,8.9,839.0,European/2014/P aeruginosa/number-p-aeruginosa-isolates-and-percentage-resistant-ceftazidime-2011-2014.xlsx
Spain,2013,Pseudomonas aeruginosa,ceftazidime,9.0,825.0,European/2014/P aeruginosa/number-p-aeruginosa-isolates-and-percentage-resistant-ceftazidime-2011-2014.xlsx
Spain,2014,Pseudomonas aeruginosa,ceftazidime,9.6,864.0,European/2014/P aeruginosa/number-p-aeruginosa-isolates-and-percentage-resistant-ceftazidime-2011-2014.xlsx
Spain,2015,Pseudomonas aeruginosa,ceftazidime,10.4,816.0,"European/2015/Pseudomonas, Tables 3-14 to 3-20.xlsx [Table 3.16]"
Sweden,2010,Pseudomonas aeruginosa,ceftazidime,2.9,311.0,European/2013/Downloadables/P aeruginosa/number-p-aeruginosa-isolates-and-percentage-resistant-ceftazidime-2010-2013.xlsx
Sweden,2011,Pseudomonas aeruginosa,ceftazidime,5.1,475.0,European/2014/P aeruginosa/number-p-aeruginosa-isolates-and-percentage-resistant-ceftazidime-2011-2014.xlsx
Sweden,2012,Pseudomonas aeruginosa,ceftazidime,6.2,357.0,European/2014/P aeruginosa/number-p-aeruginosa-isolates-and-percentage-resistant-ceftazidime-2011-2014.xlsx
Sweden,2013,Pseudomonas aeruginosa,ceftazidime,6.8,531.0,European/2014/P aeruginosa/number-p-aeruginosa-isolates-and-percentage-resistant-ceftazidime-2011-2014.xlsx
Sweden,2014,Pseudomonas aeruginosa,ceftazidime,5.5,433.0,European/2014/P aeruginosa/number-p-aeruginosa-isolates-and-percentage-resistant-ceftazidime-2011-2014.xlsx
Sweden,2015,Pseudomonas aeruginosa,ceftazidime,4.5,379.0,"European/2015/Pseudomonas, Tables 3-14 to 3-20.xlsx [Table 3.16]"
United Kingdom,2010,Pseudomonas aeruginosa,ceftazidime,4.9,533.0,European/2013/Downloadables/P aeruginosa/number-p-aeruginosa-isolates-and-percentage-resistant-ceftazidime-2010-2013.xlsx
United Kingdom,2011,Pseudomonas aeruginosa,ceftazidime,4.8,578.0,European/2014/P aeruginosa/number-p-aeruginosa-isolates-and-percentage-resistant-ceftazidime-2011-2014.xlsx
United Kingdom,2012,Pseudomonas aeruginosa,ceftazidime,3.9,634.0,European/2014/P aeruginosa/number-p-aeruginosa-isolates-and-percentage-resistant-ceftazidime-2011-2014.xlsx
United Kingdom,2013,Pseudomonas aeruginosa,ceftazidime,3.7,695.0,European/2014/P aeruginosa/number-p-aeruginosa-isolates-and-percentage-resistant-ceftazidime-2011-2014.xlsx
United Kingdom,2014,Pseudomonas aeruginosa,ceftazidime,4.6,588.0,European/2014/P aeruginosa/number-p-aeruginosa-isolates-and-percentage-resistant-ceftazidime-2011-2014.xlsx
United Kingdom,2015,Pseudomonas aeruginosa,ceftazidime,6.1,472.0,"European/2015/Pseudomonas, Tables 3-14 to 3-20.xlsx [Table 3.16]"
Austria,2010,Pseudomonas aeruginosa,combined resistance,9.1,503.0,European/2013/Downloadables/P aeruginosa/number-p-aeruginosa-isolates-and-percentage-combined-resistance-2010-2013.xlsx
Austria,2011,Pseudomonas aeruginosa,combined resistance,10.8,537.0,European/2014/P aeruginosa/number-p-aeruginosa-isolates-and-percentage-combined-resistance-2011-2014.xlsx
Austria,2012,Pseudomonas aeruginosa,combined resistance,10.8,595.0,European/2014/P aeruginosa/number-p-aeruginosa-isolates-and-percentage-combined-resistance-2011-2014.xlsx
Austria,2013,Pseudomonas aeruginosa,combined resistance,8.3,617.0,European/2014/P aeruginosa/number-p-aeruginosa-isolates-and-percentage-combined-resistance-2011-2014.xlsx
Austria,2014,Pseudomonas aeruginosa,combined resistance,7.1,638.0,European/2014/P aeruginosa/number-p-aeruginosa-isolates-and-percentage-combined-resistance-2011-2014.xlsx
Belgium,2010,Pseudomonas aeruginosa,combined resistance,5.0,121.0,European/2013/Downloadables/P aeruginosa/number-p-aeruginosa-isolates-and-percentage-combined-resistance-2010-2013.xlsx
Belgium,2011,Pseudomonas aeruginosa,combined resistance,10.8,424.0,European/2014/P aeruginosa/number-p-aeruginosa-isolates-and-percentage-combined-resistance-2011-2014.xlsx
Belgium,2012,Pseudomonas aeruginosa,combined resistance,8.7,346.0,European/2014/P aeruginosa/number-p-aeruginosa-isolates-and-percentage-combined-resistance-2011-2014.xlsx
Belgium,2013,Pseudomonas aeruginosa,combined resistance,11.3,487.0,European/2014/P aeruginosa/number-p-aeruginosa-isolates-and-percentage-combined-resistance-2011-2014.xlsx
Belgium,2014,Pseudomonas aeruginosa,combined resistance,8.2,317.0,European/2014/P aeruginosa/number-p-aeruginosa-isolates-and-percentage-combined-resistance-2011-2014.xlsx
Bulgaria,2010,Pseudomonas aeruginosa,combined resistance,16.7,42.0,European/2013/Downloadables/P aeruginosa/number-p-aeruginosa-isolates-and-percentage-combined-resistance-2010-2013.xlsx
Bulgaria,2011,Pseudomonas aeruginosa,combined resistance,25.0,48.0,European/2014/P aeruginosa/number-p-aeruginosa-isolates-and-percentage-combined-resistance-2011-2014.xlsx
Bulgaria,2012,Pseudomonas aeruginosa,combined resistance,34.6,52.0,European/2014/P aeruginosa/number-p-aeruginosa-isolates-and-percentage-combined-resistance-2011-2014.xlsx
Bulgaria,2013,Pseudomonas aeruginosa,combined resistance,8.3,60.0,European/2014/P aeruginosa/number-p-aeruginosa-isolates-and-percentage-combined-resistance-2011-2014.xlsx
Bulgaria,2014,Pseudomonas aeruginosa,combined resistance,29.2,48.0,European/2014/P aeruginosa/number-p-aeruginosa-isolates-and-percentage-combined-resistance-2011-2014.xlsx
Croatia,2010,Pseudomonas aeruginosa,combined resistance,19.0,210.0,European/2013/Downloadables/P aeruginosa/number-p-aeruginosa-isolates-and-percentage-combined-resistance-2010-2013.xlsx
Croatia,2011,Pseudomonas aeruginosa,combined resistance,26.9,227.0,European/2014/P aeruginosa/number-p-aeruginosa-isolates-and-percentage-combined-resistance-2011-2014.xlsx
Croatia,2012,Pseudomonas aeruginosa,combined resistance,20.3,197.0,European/2014/P aeruginosa/number-p-aeruginosa-isolates-and-percentage-combined-resistance-2011-2014.xlsx
Croatia,2013,Pseudomonas aeruginosa,combined resistance,18.4,245.0,European/2014/P aeruginosa/number-p-aeruginosa-isolates-and-percentage-combined-resistance-2011-2014.xlsx
Croatia,2014,Pseudomonas aeruginosa,combined resistance,31.5,232.0,European/2014/P aeruginosa/number-p-aeruginosa-isolates-and-percentage-combined-resistance-2011-2014.xlsx
Cyprus,2010,Pseudomonas aeruginosa,combined resistance,14.6,48.0,European/2013/Downloadables/P aeruginosa/number-p-aeruginosa-isolates-and-percentage-combined-resistance-2010-2013.xlsx
Cyprus,2011,Pseudomonas aeruginosa,combined resistance,19.6,51.0,European/2014/P aeruginosa/number-p-aeruginosa-isolates-and-percentage-combined-resistance-2011-2014.xlsx
Cyprus,2012,Pseudomonas aeruginosa,combined resistance,17.3,52.0,European/2014/P aeruginosa/number-p-aeruginosa-isolates-and-percentage-combined-resistance-2011-2014.xlsx
Cyprus,2013,Pseudomonas aeruginosa,combined resistance,4.3,47.0,European/2014/P aeruginosa/number-p-aeruginosa-isolates-and-percentage-combined-resistance-2011-2014.xlsx
Cyprus,2014,Pseudomonas aeruginosa,combined resistance,16.7,42.0,European/2014/P aeruginosa/number-p-aeruginosa-isolates-and-percentage-combined-resistance-2011-2014.xlsx
Czech Republic,2010,Pseudomonas aeruginosa,combined resistance,29.4,510.0,European/2013/Downloadables/P aeruginosa/number-p-aeruginosa-isolates-and-percentage-combined-resistance-2010-2013.xlsx
Czech Republic,2011,Pseudomonas aeruginosa,combined resistance,21.2,448.0,European/2014/P aeruginosa/number-p-aeruginosa-isolates-and-percentage-combined-resistance-2011-2014.xlsx
Czech Republic,2012,Pseudomonas aeruginosa,combined resistance,21.7,489.0,European/2014/P aeruginosa/number-p-aeruginosa-isolates-and-percentage-combined-resistance-2011-2014.xlsx
Czech Republic,2013,Pseudomonas aeruginosa,combined resistance,23.3,516.0,European/2014/P aeruginosa/number-p-aeruginosa-isolates-and-percentage-combined-resistance-2011-2014.xlsx
Czech Republic,2014,Pseudomonas aeruginosa,combined resistance,20.2,446.0,European/2014/P aeruginosa/number-p-aeruginosa-isolates-and-percentage-combined-resistance-2011-2014.xlsx
Denmark,2010,Pseudomonas aeruginosa,combined resistance,1.9,360.0,European/2013/Downloadables/P aeruginosa/number-p-aeruginosa-isolates-and-percentage-combined-resistance-2010-2013.xlsx
Denmark,2011,Pseudomonas aeruginosa,combined resistance,3.2,404.0,European/2014/P aeruginosa/number-p-aeruginosa-isolates-and-percentage-combined-resistance-2011-2014.xlsx
Denmark,2012,Pseudomonas aeruginosa,combined resistance,1.8,388.0,European/2014/P aeruginosa/number-p-aeruginosa-isolates-and-percentage-combined-resistance-2011-2014.xlsx
Denmark,2013,Pseudomonas aeruginosa,combined resistance,1.7,414.0,European/2014/P aeruginosa/number-p-aeruginosa-isolates-and-percentage-combined-resistance-2011-2014.xlsx
Denmark,2014,Pseudomonas aeruginosa,combined resistance,1.5,388.0,European/2014/P aeruginosa/number-p-aeruginosa-isolates-and-percentage-combined-resistance-2011-2014.xlsx
Estonia,2010,Pseudomonas aeruginosa,combined resistance,20.0,10.0,European/2013/Downloadables/P aeruginosa/number-p-aeruginosa-isolates-and-percentage-combined-resistance-2010-2013.xlsx
Estonia,2011,Pseudomonas aeruginosa,combined resistance,0.0,13.0,European/2014/P aeruginosa/number-p-aeruginosa-isolates-and-percentage-combined-resistance-2011-2014.xlsx
Estonia,2012,Pseudomonas aeruginosa,combined resistance,9.1,33.0,European/2014/P aeruginosa/number-p-aeruginosa-isolates-and-percentage-combined-resistance-2011-2014.xlsx
Estonia,2013,Pseudomonas aeruginosa,combined resistance,0.0,21.0,European/2014/P aeruginosa/number-p-aeruginosa-isolates-and-percentage-combined-resistance-2011-2014.xlsx
Estonia,2014,Pseudomonas aeruginosa,combined resistance,0.0,40.0,European/2014/P aeruginosa/number-p-aeruginosa-isolates-and-percentage-combined-resistance-2011-2014.xlsx
Finland,2010,Pseudomonas aeruginosa,combined resistance,5.3,281.0,European/2013/Downloadables/P aeruginosa/number-p-aeruginosa-isolates-and-percentage-combined-resistance-2010-2013.xlsx
Finland,2011,Pseudomonas aeruginosa,combined resistance,7.7,233.0,European/2014/P aeruginosa/number-p-aeruginosa-isolates-and-percentage-combined-resistance-2011-2014.xlsx
Finland,2012,Pseudomonas aeruginosa,combined resistance,4.6,327.0,European/2014/P aeruginosa/number-p-aeruginosa-isolates-and-percentage-combined-resistance-2011-2014.xlsx
Finland,2013,Pseudomonas aeruginosa,combined resistance,4.6,326.0,European/2014/P aeruginosa/number-p-aeruginosa-isolates-and-percentage-combined-resistance-2011-2014.xlsx
Finland,2014,Pseudomonas aeruginosa,combined resistance,3.9,306.0,European/2014/P aeruginosa/number-p-aeruginosa-isolates-and-percentage-combined-resistance-2011-2014.xlsx
France,2010,Pseudomonas aeruginosa,combined resistance,14.7,1191.0,European/2013/Downloadables/P aeruginosa/number-p-aeruginosa-isolates-and-percentage-combined-resistance-2010-2013.xlsx
France,2011,Pseudomonas aeruginosa,combined resistance,19.0,1621.0,European/2014/P aeruginosa/number-p-aeruginosa-isolates-and-percentage-combined-resistance-2011-2014.xlsx
France,2012,Pseudomonas aeruginosa,combined resistance,14.7,1723.0,European/2014/P aeruginosa/number-p-aeruginosa-isolates-and-percentage-combined-resistance-2011-2014.xlsx
France,2013,Pseudomonas aeruginosa,combined resistance,12.6,1869.0,European/2014/P aeruginosa/number-p-aeruginosa-isolates-and-percentage-combined-resistance-2011-2014.xlsx
France,2014,Pseudomonas aeruginosa,combined resistance,13.7,1784.0,European/2014/P aeruginosa/number-p-aeruginosa-isolates-and-percentage-combined-resistance-2011-2014.xlsx
Germany,2010,Pseudomonas aeruginosa,combined resistance,9.5,315.0,European/2013/Downloadables/P aeruginosa/number-p-aeruginosa-isolates-and-percentage-combined-resistance-2010-2013.xlsx
Germany,2011,Pseudomonas aeruginosa,combined resistance,7.2,387.0,European/2014/P aeruginosa/number-p-aeruginosa-isolates-and-percentage-combined-resistance-2011-2014.xlsx
Germany,2012,Pseudomonas aeruginosa,combined resistance,8.4,438.0,European/2014/P aeruginosa/number-p-aeruginosa-isolates-and-percentage-combined-resistance-2011-2014.xlsx
Germany,2013,Pseudomonas aeruginosa,combined resistance,9.2,609.0,European/2014/P aeruginosa/number-p-aeruginosa-isolates-and-percentage-combined-resistance-2011-2014.xlsx
Germany,2014,Pseudomonas aeruginosa,combined resistance,8.9,643.0,European/2014/P aeruginosa/number-p-aeruginosa-isolates-and-percentage-combined-resistance-2011-2014.xlsx
Greece,2010,Pseudomonas aeruginosa,combined resistance,42.5,982.0,European/2013/Downloadables/P aeruginosa/number-p-aeruginosa-isolates-and-percentage-combined-resistance-2010-2013.xlsx
Greece,2011,Pseudomonas aeruginosa,combined resistance,38.4,935.0,European/2014/P aeruginosa/number-p-aeruginosa-isolates-and-percentage-combined-resistance-2011-2014.xlsx
Greece,2012,Pseudomonas aeruginosa,combined resistance,40.2,898.0,European/2014/P aeruginosa/number-p-aeruginosa-isolates-and-percentage-combined-resistance-2011-2014.xlsx
Greece,2013,Pseudomonas aeruginosa,combined resistance,39.3,859.0,European/2014/P aeruginosa/number-p-aeruginosa-isolates-and-percentage-combined-resistance-2011-2014.xlsx
Greece,2014,Pseudomonas aeruginosa,combined resistance,36.4,679.0,European/2014/P aeruginosa/number-p-aeruginosa-isolates-and-percentage-combined-resistance-2011-2014.xlsx
Hungary,2010,Pseudomonas aeruginosa,combined resistance,17.8,636.0,European/2013/Downloadables/P aeruginosa/number-p-aeruginosa-isolates-and-percentage-combined-resistance-2010-2013.xlsx
Hungary,2011,Pseudomonas aeruginosa,combined resistance,12.4,604.0,European/2014/P aeruginosa/number-p-aeruginosa-isolates-and-percentage-combined-resistance-2011-2014.xlsx
Hungary,2012,Pseudomonas aeruginosa,combined resistance,17.6,619.0,European/2014/P aeruginosa/number-p-aeruginosa-isolates-and-percentage-combined-resistance-2011-2014.xlsx
Hungary,2013,Pseudomonas aeruginosa,combined resistance,18.9,668.0,European/2014/P aeruginosa/number-p-aeruginosa-isolates-and-percentage-combined-resistance-2011-2014.xlsx
Hungary,2014,Pseudomonas aeruginosa,combined resistance,21.8,746.0,European/2014/P aeruginosa/number-p-aeruginosa-isolates-and-percentage-combined-resistance-2011-2014.xlsx
Iceland,2010,Pseudomonas aeruginosa,combined resistance,8.3,12.0,European/2013/Downloadables/P aeruginosa/number-p-aeruginosa-isolates-and-percentage-combined-resistance-2010-2013.xlsx
Iceland,2011,Pseudomonas aeruginosa,combined resistance,5.9,17.0,European/2014/P aeruginosa/number-p-aeruginosa-isolates-and-percentage-combined-resistance-2011-2014.xlsx
Iceland,2012,Pseudomonas aeruginosa,combined resistance,10.0,10.0,European/2014/P aeruginosa/number-p-aeruginosa-isolates-and-percentage-combined-resistance-2011-2014.xlsx
Iceland,2013,Pseudomonas aeruginosa,combined resistance,0.0,11.0,European/2014/P aeruginosa/number-p-aeruginosa-isolates-and-percentage-combined-resistance-2011-2014.xlsx
Iceland,2014,Pseudomonas aeruginosa,combined resistance,0.0,11.0,European/2014/P aeruginosa/number-p-aeruginosa-isolates-and-percentage-combined-resistance-2011-2014.xlsx
Ireland,2010,Pseudomonas aeruginosa,combined resistance,5.0,219.0,European/2013/Downloadables/P aeruginosa/number-p-aeruginosa-isolates-and-percentage-combined-resistance-2010-2013.xlsx
Ireland,2011,Pseudomonas aeruginosa,combined resistance,3.3,181.0,European/2014/P aeruginosa/number-p-aeruginosa-isolates-and-percentage-combined-resistance-2011-2014.xlsx
Ireland,2012,Pseudomonas aeruginosa,combined resistance,10.2,215.0,European/2014/P aeruginosa/number-p-aeruginosa-isolates-and-percentage-combined-resistance-2011-2014.xlsx
Ireland,2013,Pseudomonas aeruginosa,combined resistance,7.3,205.0,European/2014/P aeruginosa/number-p-aeruginosa-isolates-and-percentage-combined-resistance-2011-2014.xlsx
Ireland,2014,Pseudomonas aeruginosa,combined resistance,5.6,178.0,European/2014/P aeruginosa/number-p-aeruginosa-isolates-and-percentage-combined-resistance-2011-2014.xlsx
Italy,2010,Pseudomonas aeruginosa,combined resistance,21.1,469.0,European/2013/Downloadables/P aeruginosa/number-p-aeruginosa-isolates-and-percentage-combined-resistance-2010-2013.xlsx
Italy,2011,Pseudomonas aeruginosa,combined resistance,16.9,319.0,European/2014/P aeruginosa/number-p-aeruginosa-isolates-and-percentage-combined-resistance-2011-2014.xlsx
Italy,2012,Pseudomonas aeruginosa,combined resistance,23.9,648.0,European/2014/P aeruginosa/number-p-aeruginosa-isolates-and-percentage-combined-resistance-2011-2014.xlsx
Italy,2013,Pseudomonas aeruginosa,combined resistance,24.5,779.0,European/2014/P aeruginosa/number-p-aeruginosa-isolates-and-percentage-combined-resistance-2011-2014.xlsx
Italy,2014,Pseudomonas aeruginosa,combined resistance,23.0,748.0,European/2014/P aeruginosa/number-p-aeruginosa-isolates-and-percentage-combined-resistance-2011-2014.xlsx
Latvia,2010,Pseudomonas aeruginosa,combined resistance,9.5,21.0,European/2013/Downloadables/P aeruginosa/number-p-aeruginosa-isolates-and-percentage-combined-resistance-2010-2013.xlsx
Latvia,2011,Pseudomonas aeruginosa,combined resistance,8.3,12.0,European/2014/P aeruginosa/number-p-aeruginosa-isolates-and-percentage-combined-resistance-2011-2014.xlsx
Latvia,2012,Pseudomonas aeruginosa,combined resistance,11.1,18.0,European/2014/P aeruginosa/number-p-aeruginosa-isolates-and-percentage-combined-resistance-2011-2014.xlsx
Latvia,2013,Pseudomonas aeruginosa,combined resistance,24.0,25.0,European/2014/P aeruginosa/number-p-aeruginosa-isolates-and-percentage-combined-resistance-2011-2014.xlsx
Latvia,2014,Pseudomonas aeruginosa,combined resistance,11.1,18.0,European/2014/P aeruginosa/number-p-aeruginosa-isolates-and-percentage-combined-resistance-2011-2014.xlsx
Lithuania,2010,Pseudomonas aeruginosa,combined resistance,9.7,31.0,European/2013/Downloadables/P aeruginosa/number-p-aeruginosa-isolates-and-percentage-combined-resistance-2010-2013.xlsx
Lithuania,2011,Pseudomonas aeruginosa,combined resistance,10.0,30.0,European/2014/P aeruginosa/number-p-aeruginosa-isolates-and-percentage-combined-resistance-2011-2014.xlsx
Lithuania,2012,Pseudomonas aeruginosa,combined resistance,14.3,28.0,European/2014/P aeruginosa/number-p-aeruginosa-isolates-and-percentage-combined-resistance-2011-2014.xlsx
Lithuania,2013,Pseudomonas aeruginosa,combined resistance,8.1,37.0,European/2014/P aeruginosa/number-p-aeruginosa-isolates-and-percentage-combined-resistance-2011-2014.xlsx
Lithuania,2014,Pseudomonas aeruginosa,combined resistance,25.8,31.0,European/2014/P aeruginosa/number-p-aeruginosa-isolates-and-percentage-combined-resistance-2011-2014.xlsx
Luxembourg,2010,Pseudomonas aeruginosa,combined resistance,9.4,32.0,European/2013/Downloadables/P aeruginosa/number-p-aeruginosa-isolates-and-percentage-combined-resistance-2010-2013.xlsx
Luxembourg,2011,Pseudomonas aeruginosa,combined resistance,15.6,32.0,European/2014/P aeruginosa/number-p-aeruginosa-isolates-and-percentage-combined-resistance-2011-2014.xlsx
Luxembourg,2012,Pseudomonas aeruginosa,combined resistance,6.5,31.0,European/2014/P aeruginosa/number-p-aeruginosa-isolates-and-percentage-combined-resistance-2011-2014.xlsx
Luxembourg,2013,Pseudomonas aeruginosa,combined resistance,5.9,34.0,European/2014/P aeruginosa/number-p-aeruginosa-isolates-and-percentage-combined-resistance-2011-2014.xlsx
Luxembourg,2014,Pseudomonas aeruginosa,combined resistance,4.9,41.0,European/2014/P aeruginosa/number-p-aeruginosa-isolates-and-percentage-combined-resistance-2011-2014.xlsx
Malta,2010,Pseudomonas aeruginosa,combined resistance,28.6,42.0,European/2013/Downloadables/P aeruginosa/number-p-aeruginosa-isolates-and-percentage-combined-resistance-2010-2013.xlsx
Malta,2011,Pseudomonas aeruginosa,combined resistance,23.8,42.0,European/2014/P aeruginosa/number-p-aeruginosa-isolates-and-percentage-combined-resistance-2011-2014.xlsx
Malta,2012,Pseudomonas aeruginosa,combined resistance,0.0,31.0,European/2014/P aeruginosa/number-p-aeruginosa-isolates-and-percentage-combined-resistance-2011-2014.xlsx
Malta,2013,Pseudomonas aeruginosa,combined resistance,8.0,25.0,European/2014/P aeruginosa/number-p-aeruginosa-isolates-and-percentage-combined-resistance-2011-2014.xlsx
Malta,2014,Pseudomonas aeruginosa,combined resistance,7.9,38.0,European/2014/P aeruginosa/number-p-aeruginosa-isolates-and-percentage-combined-resistance-2011-2014.xlsx
Netherlands,2010,Pseudomonas aeruginosa,combined resistance,1.1,375.0,European/2013/Downloadables/P aeruginosa/number-p-aeruginosa-isolates-and-percentage-combined-resistance-2010-2013.xlsx
Netherlands,2011,Pseudomonas aeruginosa,combined resistance,3.0,434.0,European/2014/P aeruginosa/number-p-aeruginosa-isolates-and-percentage-combined-resistance-2011-2014.xlsx
Netherlands,2012,Pseudomonas aeruginosa,combined resistance,2.5,402.0,European/2014/P aeruginosa/number-p-aeruginosa-isolates-and-percentage-combined-resistance-2011-2014.xlsx
Netherlands,2013,Pseudomonas aeruginosa,combined resistance,2.4,375.0,European/2014/P aeruginosa/number-p-aeruginosa-isolates-and-percentage-combined-resistance-2011-2014.xlsx
Netherlands,2014,Pseudomonas aeruginosa,combined resistance,2.8,544.0,European/2014/P aeruginosa/number-p-aeruginosa-isolates-and-percentage-combined-resistance-2011-2014.xlsx
Norway,2010,Pseudomonas aeruginosa,combined resistance,0.6,167.0,European/2013/Downloadables/P aeruginosa/number-p-aeruginosa-isolates-and-percentage-combined-resistance-2010-2013.xlsx
Norway,2011,Pseudomonas aeruginosa,combined resistance,1.4,148.0,European/2014/P aeruginosa/number-p-aeruginosa-isolates-and-percentage-combined-resistance-2011-2014.xlsx
Norway,2012,Pseudomonas aeruginosa,combined resistance,3.3,209.0,European/2014/P aeruginosa/number-p-aeruginosa-isolates-and-percentage-combined-resistance-2011-2014.xlsx
Norway,2013,Pseudomonas aeruginosa,combined resistance,3.4,205.0,European/2014/P aeruginosa/number-p-aeruginosa-isolates-and-percentage-combined-resistance-2011-2014.xlsx
Norway,2014,Pseudomonas aeruginosa,combined resistance,1.6,257.0,European/2014/P aeruginosa/number-p-aeruginosa-isolates-and-percentage-combined-resistance-2011-2014.xlsx
Poland,2010,Pseudomonas aeruginosa,combined resistance,25.2,163.0,European/2013/Downloadables/P aeruginosa/number-p-aeruginosa-isolates-and-percentage-combined-resistance-2010-2013.xlsx
Poland,2011,Pseudomonas aeruginosa,combined resistance,26.2,195.0,European/2014/P aeruginosa/number-p-aeruginosa-isolates-and-percentage-combined-resistance-2011-2014.xlsx
Poland,2012,Pseudomonas aeruginosa,combined resistance,21.6,176.0,European/2014/P aeruginosa/number-p-aeruginosa-isolates-and-percentage-combined-resistance-2011-2014.xlsx
Poland,2013,Pseudomonas aeruginosa,combined resistance,14.3,189.0,European/2014/P aeruginosa/number-p-aeruginosa-isolates-and-percentage-combined-resistance-2011-2014.xlsx
Portugal,2010,Pseudomonas aeruginosa,combined resistance,14.1,548.0,European/2013/Downloadables/P aeruginosa/number-p-aeruginosa-isolates-and-percentage-combined-resistance-2010-2013.xlsx
Portugal,2011,Pseudomonas aeruginosa,combined resistance,16.2,525.0,European/2014/P aeruginosa/number-p-aeruginosa-isolates-and-percentage-combined-resistance-2011-2014.xlsx
Portugal,2012,Pseudomonas aeruginosa,combined resistance,18.1,587.0,European/2014/P aeruginosa/number-p-aeruginosa-isolates-and-percentage-combined-resistance-2011-2014.xlsx
Portugal,2013,Pseudomonas aeruginosa,combined resistance,11.9,737.0,European/2014/P aeruginosa/number-p-aeruginosa-isolates-and-percentage-combined-resistance-2011-2014.xlsx
Portugal,2014,Pseudomonas aeruginosa,combined resistance,20.6,1064.0,European/2014/P aeruginosa/number-p-aeruginosa-isolates-and-percentage-combined-resistance-2011-2014.xlsx
Romania,2010,Pseudomonas aeruginosa,combined resistance,50.0,10.0,European/2013/Downloadables/P aeruginosa/number-p-aeruginosa-isolates-and-percentage-combined-resistance-2010-2013.xlsx
Romania,2011,Pseudomonas aeruginosa,combined resistance,60.0,10.0,European/2014/P aeruginosa/number-p-aeruginosa-isolates-and-percentage-combined-resistance-2011-2014.xlsx
Romania,2012,Pseudomonas aeruginosa,combined resistance,48.9,45.0,European/2014/P aeruginosa/number-p-aeruginosa-isolates-and-percentage-combined-resistance-2011-2014.xlsx
Romania,2013,Pseudomonas aeruginosa,combined resistance,49.4,83.0,European/2014/P aeruginosa/number-p-aeruginosa-isolates-and-percentage-combined-resistance-2011-2014.xlsx
Romania,2014,Pseudomonas aeruginosa,combined resistance,59.6,94.0,European/2014/P aeruginosa/number-p-aeruginosa-isolates-and-percentage-combined-resistance-2011-2014.xlsx
Slovakia,2011,Pseudomonas aeruginosa,combined resistance,40.1,267.0,European/2014/P aeruginosa/number-p-aeruginosa-isolates-and-percentage-combined-resistance-2011-2014.xlsx
Slovakia,2012,Pseudomonas aeruginosa,combined resistance,39.2,199.0,European/2014/P aeruginosa/number-p-aeruginosa-isolates-and-percentage-combined-resistance-2011-2014.xlsx
Slovakia,2013,Pseudomonas aeruginosa,combined resistance,36.1,285.0,European/2014/P aeruginosa/number-p-aeruginosa-isolates-and-percentage-combined-resistance-2011-2014.xlsx
Slovakia,2014,Pseudomonas aeruginosa,combined resistance,37.3,268.0,European/2014/P aeruginosa/number-p-aeruginosa-isolates-and-percentage-combined-resistance-2011-2014.xlsx
Slovenia,2010,Pseudomonas aeruginosa,combined resistance,9.5,95.0,European/2013/Downloadables/P aeruginosa/number-p-aeruginosa-isolates-and-percentage-combined-resistance-2010-2013.xlsx
Slovenia,2011,Pseudomonas aeruginosa,combined resistance,10.2,118.0,European/2014/P aeruginosa/number-p-aeruginosa-isolates-and-percentage-combined-resistance-2011-2014.xlsx
Slovenia,2012,Pseudomonas aeruginosa,combined resistance,9.7,134.0,European/2014/P aeruginosa/number-p-aeruginosa-isolates-and-percentage-combined-resistance-2011-2014.xlsx
Slovenia,2013,Pseudomonas aeruginosa,combined resistance,11.3,133.0,European/2014/P aeruginosa/number-p-aeruginosa-isolates-and-percentage-combined-resistance-2011-2014.xlsx
Slovenia,2014,Pseudomonas aeruginosa,combined resistance,19.6,112.0,European/2014/P aeruginosa/number-p-aeruginosa-isolates-and-percentage-combined-resistance-2011-2014.xlsx
Spain,2010,Pseudomonas aeruginosa,combined resistance,12.3,749.0,European/2013/Downloadables/P aeruginosa/number-p-aeruginosa-isolates-and-percentage-combined-resistance-2010-2013.xlsx
Spain,2011,Pseudomonas aeruginosa,combined resistance,12.6,839.0,European/2014/P aeruginosa/number-p-aeruginosa-isolates-and-percentage-combined-resistance-2011-2014.xlsx
Spain,2012,Pseudomonas aeruginosa,combined resistance,10.8,853.0,European/2014/P aeruginosa/number-p-aeruginosa-isolates-and-percentage-combined-resistance-2011-2014.xlsx
Spain,2013,Pseudomonas aeruginosa,combined resistance,12.2,825.0,European/2014/P aeruginosa/number-p-aeruginosa-isolates-and-percentage-combined-resistance-2011-2014.xlsx
Spain,2014,Pseudomonas aeruginosa,combined resistance,12.4,873.0,European/2014/P aeruginosa/number-p-aeruginosa-isolates-and-percentage-combined-resistance-2011-2014.xlsx
Sweden,2010,Pseudomonas aeruginosa,combined resistance,0.3,329.0,European/2013/Downloadables/P aeruginosa/number-p-aeruginosa-isolates-and-percentage-combined-resistance-2010-2013.xlsx
Sweden,2011,Pseudomonas aeruginosa,combined resistance,2.1,476.0,European/2014/P aeruginosa/number-p-aeruginosa-isolates-and-percentage-combined-resistance-2011-2014.xlsx
Sweden,2012,Pseudomonas aeruginosa,combined resistance,2.8,357.0,European/2014/P aeruginosa/number-p-aeruginosa-isolates-and-percentage-combined-resistance-2011-2014.xlsx
Sweden,2013,Pseudomonas aeruginosa,combined resistance,4.1,531.0,European/2014/P aeruginosa/number-p-aeruginosa-isolates-and-percentage-combined-resistance-2011-2014.xlsx
Sweden,2014,Pseudomonas aeruginosa,combined resistance,1.6,436.0,European/2014/P aeruginosa/number-p-aeruginosa-isolates-and-percentage-combined-resistance-2011-2014.xlsx
United Kingdom,2010,Pseudomonas aeruginosa,combined resistance,2.1,566.0,European/2013/Downloadables/P aeruginosa/number-p-aeruginosa-isolates-and-percentage-combined-resistance-2010-2013.xlsx
United Kingdom,2011,Pseudomonas aeruginosa,combined resistance,2.6,587.0,European/2014/P aeruginosa/number-p-aeruginosa-isolates-and-percentage-combined-resistance-2011-2014.xlsx
United Kingdom,2012,Pseudomonas aeruginosa,combined resistance,1.7,666.0,European/2014/P aeruginosa/number-p-aeruginosa-isolates-and-percentage-combined-resistance-2011-2014.xlsx
United Kingdom,2013,Pseudomonas aeruginosa,combined resistance,2.4,711.0,European/2014/P aeruginosa/number-p-aeruginosa-isolates-and-percentage-combined-resistance-2011-2014.xlsx
United Kingdom,2014,Pseudomonas aeruginosa,combined resistance,1.6,627.0,European/2014/P aeruginosa/number-p-aeruginosa-isolates-and-percentage-combined-resistance-2011-2014.xlsx
Austria,2010,Pseudomonas aeruginosa,fluoroquinolones,15.6,500.0,European/2013/Downloadables/P aeruginosa/number-p-aeruginosa-isolates-and-percentage-resistant-fluoroquinolones-2010-2013.xlsx
Austria,2011,Pseudomonas aeruginosa,fluoroquinolones,18.6,511.0,European/2014/P aeruginosa/number-p-aeruginosa-isolates-and-percentage-resistant-fluoroquinolones-2011-2014.xlsx
Austria,2012,Pseudomonas aeruginosa,fluoroquinolones,14.4,487.0,European/2014/P aeruginosa/number-p-aeruginosa-isolates-and-percentage-resistant-fluoroquinolones-2011-2014.xlsx
Austria,2013,Pseudomonas aeruginosa,fluoroquinolones,15.2,533.0,European/2014/P aeruginosa/number-p-aeruginosa-isolates-and-percentage-resistant-fluoroquinolones-2011-2014.xlsx
Austria,2014,Pseudomonas aeruginosa,fluoroquinolones,10.9,599.0,European/2014/P aeruginosa/number-p-aeruginosa-isolates-and-percentage-resistant-fluoroquinolones-2011-2014.xlsx
Austria,2015,Pseudomonas aeruginosa,fluoroquinolones,10.3,659.0,"European/2015/Pseudomonas, Tables 3-14 to 3-20.xlsx [Table 3.15]"
Belgium,2010,Pseudomonas aeruginosa,fluoroquinolones,12.4,121.0,European/2013/Downloadables/P aeruginosa/number-p-aeruginosa-isolates-and-percentage-resistant-fluoroquinolones-2010-2013.xlsx
Belgium,2011,Pseudomonas aeruginosa,fluoroquinolones,21.2,397.0,European/2014/P aeruginosa/number-p-aeruginosa-isolates-and-percentage-resistant-fluoroquinolones-2011-2014.xlsx
Belgium,2012,Pseudomonas aeruginosa,fluoroquinolones,18.2,329.0,European/2014/P aeruginosa/number-p-aeruginosa-isolates-and-percentage-resistant-fluoroquinolones-2011-2014.xlsx
Belgium,2013,Pseudomonas aeruginosa,fluoroquinolones,16.9,486.0,European/2014/P aeruginosa/number-p-aeruginosa-isolates-and-percentage-resistant-fluoroquinolones-2011-2014.xlsx
Belgium,2014,Pseudomonas aeruginosa,fluoroquinolones,12.6,309.0,European/2014/P aeruginosa/number-p-aeruginosa-isolates-and-percentage-resistant-fluoroquinolones-2011-2014.xlsx
Belgium,2015,Pseudomonas aeruginosa,fluoroquinolones,11.1,261.0,"European/2015/Pseudomonas, Tables 3-14 to 3-20.xlsx [Table 3.15]"
Bulgaria,2010,Pseudomonas aeruginosa,fluoroquinolones,21.4,42.0,European/2013/Downloadables/P aeruginosa/number-p-aeruginosa-isolates-and-percentage-resistant-fluoroquinolones-2010-2013.xlsx
Bulgaria,2011,Pseudomonas aeruginosa,fluoroquinolones,29.8,47.0,European/2014/P aeruginosa/number-p-aeruginosa-isolates-and-percentage-resistant-fluoroquinolones-2011-2014.xlsx
Bulgaria,2012,Pseudomonas aeruginosa,fluoroquinolones,32.7,52.0,European/2014/P aeruginosa/number-p-aeruginosa-isolates-and-percentage-resistant-fluoroquinolones-2011-2014.xlsx
Bulgaria,2013,Pseudomonas aeruginosa,fluoroquinolones,18.3,60.0,European/2014/P aeruginosa/number-p-aeruginosa-isolates-and-percentage-resistant-fluoroquinolones-2011-2014.xlsx
Bulgaria,2014,Pseudomonas aeruginosa,fluoroquinolones,27.1,48.0,European/2014/P aeruginosa/number-p-aeruginosa-isolates-and-percentage-resistant-fluoroquinolones-2011-2014.xlsx
Bulgaria,2015,Pseudomonas aeruginosa,fluoroquinolones,36.4,55.0,"European/2015/Pseudomonas, Tables 3-14 to 3-20.xlsx [Table 3.15]"
Croatia,2010,Pseudomonas aeruginosa,fluoroquinolones,26.4,208.0,European/2013/Downloadables/P aeruginosa/number-p-aeruginosa-isolates-and-percentage-resistant-fluoroquinolones-2010-2013.xlsx
Croatia,2011,Pseudomonas aeruginosa,fluoroquinolones,35.1,225.0,European/2014/P aeruginosa/number-p-aeruginosa-isolates-and-percentage-resistant-fluoroquinolones-2011-2014.xlsx
Croatia,2012,Pseudomonas aeruginosa,fluoroquinolones,23.7,194.0,European/2014/P aeruginosa/number-p-aeruginosa-isolates-and-percentage-resistant-fluoroquinolones-2011-2014.xlsx
Croatia,2013,Pseudomonas aeruginosa,fluoroquinolones,21.7,240.0,European/2014/P aeruginosa/number-p-aeruginosa-isolates-and-percentage-resistant-fluoroquinolones-2011-2014.xlsx
Croatia,2014,Pseudomonas aeruginosa,fluoroquinolones,30.0,230.0,European/2014/P aeruginosa/number-p-aeruginosa-isolates-and-percentage-resistant-fluoroquinolones-2011-2014.xlsx
Croatia,2015,Pseudomonas aeruginosa,fluoroquinolones,35.2,256.0,"European/2015/Pseudomonas, Tables 3-14 to 3-20.xlsx [Table 3.15]"
Cyprus,2010,Pseudomonas aeruginosa,fluoroquinolones,17.0,47.0,European/2013/Downloadables/P aeruginosa/number-p-aeruginosa-isolates-and-percentage-resistant-fluoroquinolones-2010-2013.xlsx
Cyprus,2011,Pseudomonas aeruginosa,fluoroquinolones,13.7,51.0,European/2014/P aeruginosa/number-p-aeruginosa-isolates-and-percentage-resistant-fluoroquinolones-2011-2014.xlsx
Cyprus,2012,Pseudomonas aeruginosa,fluoroquinolones,15.4,52.0,European/2014/P aeruginosa/number-p-aeruginosa-isolates-and-percentage-resistant-fluoroquinolones-2011-2014.xlsx
Cyprus,2013,Pseudomonas aeruginosa,fluoroquinolones,10.6,47.0,European/2014/P aeruginosa/number-p-aeruginosa-isolates-and-percentage-resistant-fluoroquinolones-2011-2014.xlsx
Cyprus,2014,Pseudomonas aeruginosa,fluoroquinolones,16.7,42.0,European/2014/P aeruginosa/number-p-aeruginosa-isolates-and-percentage-resistant-fluoroquinolones-2011-2014.xlsx
Cyprus,2015,Pseudomonas aeruginosa,fluoroquinolones,11.6,43.0,"European/2015/Pseudomonas, Tables 3-14 to 3-20.xlsx [Table 3.15]"
Czech Republic,2010,Pseudomonas aeruginosa,fluoroquinolones,40.8,510.0,European/2013/Downloadables/P aeruginosa/number-p-aeruginosa-isolates-and-percentage-resistant-fluoroquinolones-2010-2013.xlsx
Czech Republic,2011,Pseudomonas aeruginosa,fluoroquinolones,33.9,448.0,European/2014/P aeruginosa/number-p-aeruginosa-isolates-and-percentage-resistant-fluoroquinolones-2011-2014.xlsx
Czech Republic,2012,Pseudomonas aeruginosa,fluoroquinolones,30.9,489.0,European/2014/P aeruginosa/number-p-aeruginosa-isolates-and-percentage-resistant-fluoroquinolones-2011-2014.xlsx
Czech Republic,2013,Pseudomonas aeruginosa,fluoroquinolones,33.7,516.0,European/2014/P aeruginosa/number-p-aeruginosa-isolates-and-percentage-resistant-fluoroquinolones-2011-2014.xlsx
Czech Republic,2014,Pseudomonas aeruginosa,fluoroquinolones,32.7,447.0,European/2014/P aeruginosa/number-p-aeruginosa-isolates-and-percentage-resistant-fluoroquinolones-2011-2014.xlsx
Czech Republic,2015,Pseudomonas aeruginosa,fluoroquinolones,30.0,464.0,"European/2015/Pseudomonas, Tables 3-14 to 3-20.xlsx [Table 3.15]"
Denmark,2010,Pseudomonas aeruginosa,fluoroquinolones,6.1,360.0,European/2013/Downloadables/P aeruginosa/number-p-aeruginosa-isolates-and-percentage-resistant-fluoroquinolones-2010-2013.xlsx
Denmark,2011,Pseudomonas aeruginosa,fluoroquinolones,6.9,403.0,European/2014/P aeruginosa/number-p-aeruginosa-isolates-and-percentage-resistant-fluoroquinolones-2011-2014.xlsx
Denmark,2012,Pseudomonas aeruginosa,fluoroquinolones,4.1,389.0,European/2014/P aeruginosa/number-p-aeruginosa-isolates-and-percentage-resistant-fluoroquinolones-2011-2014.xlsx
Denmark,2013,Pseudomonas aeruginosa,fluoroquinolones,3.2,408.0,European/2014/P aeruginosa/number-p-aeruginosa-isolates-and-percentage-resistant-fluoroquinolones-2011-2014.xlsx
Denmark,2014,Pseudomonas aeruginosa,fluoroquinolones,3.6,388.0,European/2014/P aeruginosa/number-p-aeruginosa-isolates-and-percentage-resistant-fluoroquinolones-2011-2014.xlsx
Denmark,2015,Pseudomonas aeruginosa,fluoroquinolones,5.0,420.0,"European/2015/Pseudomonas, Tables 3-14 to 3-20.xlsx [Table 3.15]"
Estonia,2010,Pseudomonas aeruginosa,fluoroquinolones,20.0,10.0,European/2013/Downloadables/P aeruginosa/number-p-aeruginosa-isolates-and-percentage-resistant-fluoroquinolones-2010-2013.xlsx
Estonia,2011,Pseudomonas aeruginosa,fluoroquinolones,6.3,16.0,European/2014/P aeruginosa/number-p-aeruginosa-isolates-and-percentage-resistant-fluoroquinolones-2011-2014.xlsx
Estonia,2012,Pseudomonas aeruginosa,fluoroquinolones,15.6,32.0,European/2014/P aeruginosa/number-p-aeruginosa-isolates-and-percentage-resistant-fluoroquinolones-2011-2014.xlsx
Estonia,2013,Pseudomonas aeruginosa,fluoroquinolones,25.0,20.0,European/2014/P aeruginosa/number-p-aeruginosa-isolates-and-percentage-resistant-fluoroquinolones-2011-2014.xlsx
Estonia,2014,Pseudomonas aeruginosa,fluoroquinolones,10.3,39.0,European/2014/P aeruginosa/number-p-aeruginosa-isolates-and-percentage-resistant-fluoroquinolones-2011-2014.xlsx
Estonia,2015,Pseudomonas aeruginosa,fluoroquinolones,0.0,18.0,"European/2015/Pseudomonas, Tables 3-14 to 3-20.xlsx [Table 3.15]"
Finland,2010,Pseudomonas aeruginosa,fluoroquinolones,11.1,280.0,European/2013/Downloadables/P aeruginosa/number-p-aeruginosa-isolates-and-percentage-resistant-fluoroquinolones-2010-2013.xlsx
Finland,2011,Pseudomonas aeruginosa,fluoroquinolones,15.5,233.0,European/2014/P aeruginosa/number-p-aeruginosa-isolates-and-percentage-resistant-fluoroquinolones-2011-2014.xlsx
Finland,2012,Pseudomonas aeruginosa,fluoroquinolones,8.0,327.0,European/2014/P aeruginosa/number-p-aeruginosa-isolates-and-percentage-resistant-fluoroquinolones-2011-2014.xlsx
Finland,2013,Pseudomonas aeruginosa,fluoroquinolones,11.4,316.0,European/2014/P aeruginosa/number-p-aeruginosa-isolates-and-percentage-resistant-fluoroquinolones-2011-2014.xlsx
Finland,2014,Pseudomonas aeruginosa,fluoroquinolones,10.0,289.0,European/2014/P aeruginosa/number-p-aeruginosa-isolates-and-percentage-resistant-fluoroquinolones-2011-2014.xlsx
Finland,2015,Pseudomonas aeruginosa,fluoroquinolones,8.9,302.0,"European/2015/Pseudomonas, Tables 3-14 to 3-20.xlsx [Table 3.15]"
France,2010,Pseudomonas aeruginosa,fluoroquinolones,22.8,1181.0,European/2013/Downloadables/P aeruginosa/number-p-aeruginosa-isolates-and-percentage-resistant-fluoroquinolones-2010-2013.xlsx
France,2011,Pseudomonas aeruginosa,fluoroquinolones,27.0,1554.0,European/2014/P aeruginosa/number-p-aeruginosa-isolates-and-percentage-resistant-fluoroquinolones-2011-2014.xlsx
France,2012,Pseudomonas aeruginosa,fluoroquinolones,22.2,1723.0,European/2014/P aeruginosa/number-p-aeruginosa-isolates-and-percentage-resistant-fluoroquinolones-2011-2014.xlsx
France,2013,Pseudomonas aeruginosa,fluoroquinolones,21.2,1863.0,European/2014/P aeruginosa/number-p-aeruginosa-isolates-and-percentage-resistant-fluoroquinolones-2011-2014.xlsx
France,2014,Pseudomonas aeruginosa,fluoroquinolones,20.6,1779.0,European/2014/P aeruginosa/number-p-aeruginosa-isolates-and-percentage-resistant-fluoroquinolones-2011-2014.xlsx
France,2015,Pseudomonas aeruginosa,fluoroquinolones,19.1,1939.0,"European/2015/Pseudomonas, Tables 3-14 to 3-20.xlsx [Table 3.15]"
Germany,2010,Pseudomonas aeruginosa,fluoroquinolones,18.4,315.0,European/2013/Downloadables/P aeruginosa/number-p-aeruginosa-isolates-and-percentage-resistant-fluoroquinolones-2010-2013.xlsx
Germany,2011,Pseudomonas aeruginosa,fluoroquinolones,18.2,385.0,European/2014/P aeruginosa/number-p-aeruginosa-isolates-and-percentage-resistant-fluoroquinolones-2011-2014.xlsx
Germany,2012,Pseudomonas aeruginosa,fluoroquinolones,19.6,434.0,European/2014/P aeruginosa/number-p-aeruginosa-isolates-and-percentage-resistant-fluoroquinolones-2011-2014.xlsx
Germany,2013,Pseudomonas aeruginosa,fluoroquinolones,16.3,607.0,European/2014/P aeruginosa/number-p-aeruginosa-isolates-and-percentage-resistant-fluoroquinolones-2011-2014.xlsx
Germany,2014,Pseudomonas aeruginosa,fluoroquinolones,13.0,623.0,European/2014/P aeruginosa/number-p-aeruginosa-isolates-and-percentage-resistant-fluoroquinolones-2011-2014.xlsx
Germany,2015,Pseudomonas aeruginosa,fluoroquinolones,14.4,940.0,"European/2015/Pseudomonas, Tables 3-14 to 3-20.xlsx [Table 3.15]"
Greece,2010,Pseudomonas aeruginosa,fluoroquinolones,45.7,985.0,European/2013/Downloadables/P aeruginosa/number-p-aeruginosa-isolates-and-percentage-resistant-fluoroquinolones-2010-2013.xlsx
Greece,2011,Pseudomonas aeruginosa,fluoroquinolones,38.8,933.0,European/2014/P aeruginosa/number-p-aeruginosa-isolates-and-percentage-resistant-fluoroquinolones-2011-2014.xlsx
Greece,2012,Pseudomonas aeruginosa,fluoroquinolones,44.3,864.0,European/2014/P aeruginosa/number-p-aeruginosa-isolates-and-percentage-resistant-fluoroquinolones-2011-2014.xlsx
Greece,2013,Pseudomonas aeruginosa,fluoroquinolones,43.5,853.0,European/2014/P aeruginosa/number-p-aeruginosa-isolates-and-percentage-resistant-fluoroquinolones-2011-2014.xlsx
Greece,2014,Pseudomonas aeruginosa,fluoroquinolones,37.7,676.0,European/2014/P aeruginosa/number-p-aeruginosa-isolates-and-percentage-resistant-fluoroquinolones-2011-2014.xlsx
Greece,2015,Pseudomonas aeruginosa,fluoroquinolones,34.1,662.0,"European/2015/Pseudomonas, Tables 3-14 to 3-20.xlsx [Table 3.15]"
Hungary,2010,Pseudomonas aeruginosa,fluoroquinolones,26.7,629.0,European/2013/Downloadables/P aeruginosa/number-p-aeruginosa-isolates-and-percentage-resistant-fluoroquinolones-2010-2013.xlsx
Hungary,2011,Pseudomonas aeruginosa,fluoroquinolones,20.4,599.0,European/2014/P aeruginosa/number-p-aeruginosa-isolates-and-percentage-resistant-fluoroquinolones-2011-2014.xlsx
Hungary,2012,Pseudomonas aeruginosa,fluoroquinolones,22.3,618.0,European/2014/P aeruginosa/number-p-aeruginosa-isolates-and-percentage-resistant-fluoroquinolones-2011-2014.xlsx
Hungary,2013,Pseudomonas aeruginosa,fluoroquinolones,23.4,667.0,European/2014/P aeruginosa/number-p-aeruginosa-isolates-and-percentage-resistant-fluoroquinolones-2011-2014.xlsx
Hungary,2014,Pseudomonas aeruginosa,fluoroquinolones,24.6,743.0,European/2014/P aeruginosa/number-p-aeruginosa-isolates-and-percentage-resistant-fluoroquinolones-2011-2014.xlsx
Hungary,2015,Pseudomonas aeruginosa,fluoroquinolones,24.7,769.0,"European/2015/Pseudomonas, Tables 3-14 to 3-20.xlsx [Table 3.15]"
Iceland,2010,Pseudomonas aeruginosa,fluoroquinolones,16.7,12.0,European/2013/Downloadables/P aeruginosa/number-p-aeruginosa-isolates-and-percentage-resistant-fluoroquinolones-2010-2013.xlsx
Iceland,2011,Pseudomonas aeruginosa,fluoroquinolones,6.3,16.0,European/2014/P aeruginosa/number-p-aeruginosa-isolates-and-percentage-resistant-fluoroquinolones-2011-2014.xlsx
Iceland,2012,Pseudomonas aeruginosa,fluoroquinolones,10.0,10.0,European/2014/P aeruginosa/number-p-aeruginosa-isolates-and-percentage-resistant-fluoroquinolones-2011-2014.xlsx
Iceland,2013,Pseudomonas aeruginosa,fluoroquinolones,0.0,11.0,European/2014/P aeruginosa/number-p-aeruginosa-isolates-and-percentage-resistant-fluoroquinolones-2011-2014.xlsx
Iceland,2014,Pseudomonas aeruginosa,fluoroquinolones,0.0,11.0,European/2014/P aeruginosa/number-p-aeruginosa-isolates-and-percentage-resistant-fluoroquinolones-2011-2014.xlsx
Iceland,2015,Pseudomonas aeruginosa,fluoroquinolones,8.3,12.0,"European/2015/Pseudomonas, Tables 3-14 to 3-20.xlsx [Table 3.15]"
Ireland,2010,Pseudomonas aeruginosa,fluoroquinolones,10.6,218.0,European/2013/Downloadables/P aeruginosa/number-p-aeruginosa-isolates-and-percentage-resistant-fluoroquinolones-2010-2013.xlsx
Ireland,2011,Pseudomonas aeruginosa,fluoroquinolones,6.1,179.0,European/2014/P aeruginosa/number-p-aeruginosa-isolates-and-percentage-resistant-fluoroquinolones-2011-2014.xlsx
Ireland,2012,Pseudomonas aeruginosa,fluoroquinolones,14.9,215.0,European/2014/P aeruginosa/number-p-aeruginosa-isolates-and-percentage-resistant-fluoroquinolones-2011-2014.xlsx
Ireland,2013,Pseudomonas aeruginosa,fluoroquinolones,12.2,205.0,European/2014/P aeruginosa/number-p-aeruginosa-isolates-and-percentage-resistant-fluoroquinolones-2011-2014.xlsx
Ireland,2014,Pseudomonas aeruginosa,fluoroquinolones,8.4,178.0,European/2014/P aeruginosa/number-p-aeruginosa-isolates-and-percentage-resistant-fluoroquinolones-2011-2014.xlsx
Ireland,2015,Pseudomonas aeruginosa,fluoroquinolones,9.8,194.0,"European/2015/Pseudomonas, Tables 3-14 to 3-20.xlsx [Table 3.15]"
Italy,2010,Pseudomonas aeruginosa,fluoroquinolones,31.0,467.0,European/2013/Downloadables/P aeruginosa/number-p-aeruginosa-isolates-and-percentage-resistant-fluoroquinolones-2010-2013.xlsx
Italy,2011,Pseudomonas aeruginosa,fluoroquinolones,26.1,318.0,European/2014/P aeruginosa/number-p-aeruginosa-isolates-and-percentage-resistant-fluoroquinolones-2011-2014.xlsx
Italy,2012,Pseudomonas aeruginosa,fluoroquinolones,31.4,675.0,European/2014/P aeruginosa/number-p-aeruginosa-isolates-and-percentage-resistant-fluoroquinolones-2011-2014.xlsx
Italy,2013,Pseudomonas aeruginosa,fluoroquinolones,28.7,773.0,European/2014/P aeruginosa/number-p-aeruginosa-isolates-and-percentage-resistant-fluoroquinolones-2011-2014.xlsx
Italy,2014,Pseudomonas aeruginosa,fluoroquinolones,28.3,739.0,European/2014/P aeruginosa/number-p-aeruginosa-isolates-and-percentage-resistant-fluoroquinolones-2011-2014.xlsx
Italy,2015,Pseudomonas aeruginosa,fluoroquinolones,24.6,1080.0,"European/2015/Pseudomonas, Tables 3-14 to 3-20.xlsx [Table 3.15]"
Latvia,2010,Pseudomonas aeruginosa,fluoroquinolones,19.0,21.0,European/2013/Downloadables/P aeruginosa/number-p-aeruginosa-isolates-and-percentage-resistant-fluoroquinolones-2010-2013.xlsx
Latvia,2011,Pseudomonas aeruginosa,fluoroquinolones,25.0,12.0,European/2014/P aeruginosa/number-p-aeruginosa-isolates-and-percentage-resistant-fluoroquinolones-2011-2014.xlsx
Latvia,2012,Pseudomonas aeruginosa,fluoroquinolones,22.2,18.0,European/2014/P aeruginosa/number-p-aeruginosa-isolates-and-percentage-resistant-fluoroquinolones-2011-2014.xlsx
Latvia,2013,Pseudomonas aeruginosa,fluoroquinolones,24.0,25.0,European/2014/P aeruginosa/number-p-aeruginosa-isolates-and-percentage-resistant-fluoroquinolones-2011-2014.xlsx
Latvia,2014,Pseudomonas aeruginosa,fluoroquinolones,16.7,18.0,European/2014/P aeruginosa/number-p-aeruginosa-isolates-and-percentage-resistant-fluoroquinolones-2011-2014.xlsx
Latvia,2015,Pseudomonas aeruginosa,fluoroquinolones,23.1,13.0,"European/2015/Pseudomonas, Tables 3-14 to 3-20.xlsx [Table 3.15]"
Lithuania,2010,Pseudomonas aeruginosa,fluoroquinolones,16.1,31.0,European/2013/Downloadables/P aeruginosa/number-p-aeruginosa-isolates-and-percentage-resistant-fluoroquinolones-2010-2013.xlsx
Lithuania,2011,Pseudomonas aeruginosa,fluoroquinolones,16.7,30.0,European/2014/P aeruginosa/number-p-aeruginosa-isolates-and-percentage-resistant-fluoroquinolones-2011-2014.xlsx
Lithuania,2012,Pseudomonas aeruginosa,fluoroquinolones,10.7,28.0,European/2014/P aeruginosa/number-p-aeruginosa-isolates-and-percentage-resistant-fluoroquinolones-2011-2014.xlsx
Lithuania,2013,Pseudomonas aeruginosa,fluoroquinolones,10.8,37.0,European/2014/P aeruginosa/number-p-aeruginosa-isolates-and-percentage-resistant-fluoroquinolones-2011-2014.xlsx
Lithuania,2014,Pseudomonas aeruginosa,fluoroquinolones,25.8,31.0,European/2014/P aeruginosa/number-p-aeruginosa-isolates-and-percentage-resistant-fluoroquinolones-2011-2014.xlsx
Lithuania,2015,Pseudomonas aeruginosa,fluoroquinolones,26.8,41.0,"European/2015/Pseudomonas, Tables 3-14 to 3-20.xlsx [Table 3.15]"
Luxembourg,2010,Pseudomonas aeruginosa,fluoroquinolones,21.9,32.0,European/2013/Downloadables/P aeruginosa/number-p-aeruginosa-isolates-and-percentage-resistant-fluoroquinolones-2010-2013.xlsx
Luxembourg,2011,Pseudomonas aeruginosa,fluoroquinolones,18.8,32.0,European/2014/P aeruginosa/number-p-aeruginosa-isolates-and-percentage-resistant-fluoroquinolones-2011-2014.xlsx
Luxembourg,2012,Pseudomonas aeruginosa,fluoroquinolones,19.4,31.0,European/2014/P aeruginosa/number-p-aeruginosa-isolates-and-percentage-resistant-fluoroquinolones-2011-2014.xlsx
Luxembourg,2013,Pseudomonas aeruginosa,fluoroquinolones,20.6,34.0,European/2014/P aeruginosa/number-p-aeruginosa-isolates-and-percentage-resistant-fluoroquinolones-2011-2014.xlsx
Luxembourg,2014,Pseudomonas aeruginosa,fluoroquinolones,9.8,41.0,European/2014/P aeruginosa/number-p-aeruginosa-isolates-and-percentage-resistant-fluoroquinolones-2011-2014.xlsx
Luxembourg,2015,Pseudomonas aeruginosa,fluoroquinolones,17.9,28.0,"European/2015/Pseudomonas, Tables 3-14 to 3-20.xlsx [Table 3.15]"
Malta,2010,Pseudomonas aeruginosa,fluoroquinolones,23.8,42.0,European/2013/Downloadables/P aeruginosa/number-p-aeruginosa-isolates-and-percentage-resistant-fluoroquinolones-2010-2013.xlsx
Malta,2011,Pseudomonas aeruginosa,fluoroquinolones,19.0,42.0,European/2014/P aeruginosa/number-p-aeruginosa-isolates-and-percentage-resistant-fluoroquinolones-2011-2014.xlsx
Malta,2012,Pseudomonas aeruginosa,fluoroquinolones,0.0,31.0,European/2014/P aeruginosa/number-p-aeruginosa-isolates-and-percentage-resistant-fluoroquinolones-2011-2014.xlsx
Malta,2013,Pseudomonas aeruginosa,fluoroquinolones,8.0,25.0,European/2014/P aeruginosa/number-p-aeruginosa-isolates-and-percentage-resistant-fluoroquinolones-2011-2014.xlsx
Malta,2014,Pseudomonas aeruginosa,fluoroquinolones,5.3,38.0,European/2014/P aeruginosa/number-p-aeruginosa-isolates-and-percentage-resistant-fluoroquinolones-2011-2014.xlsx
Malta,2015,Pseudomonas aeruginosa,fluoroquinolones,12.0,25.0,"European/2015/Pseudomonas, Tables 3-14 to 3-20.xlsx [Table 3.15]"
Netherlands,2010,Pseudomonas aeruginosa,fluoroquinolones,4.3,375.0,European/2013/Downloadables/P aeruginosa/number-p-aeruginosa-isolates-and-percentage-resistant-fluoroquinolones-2010-2013.xlsx
Netherlands,2011,Pseudomonas aeruginosa,fluoroquinolones,7.1,434.0,European/2014/P aeruginosa/number-p-aeruginosa-isolates-and-percentage-resistant-fluoroquinolones-2011-2014.xlsx
Netherlands,2012,Pseudomonas aeruginosa,fluoroquinolones,6.1,395.0,European/2014/P aeruginosa/number-p-aeruginosa-isolates-and-percentage-resistant-fluoroquinolones-2011-2014.xlsx
Netherlands,2013,Pseudomonas aeruginosa,fluoroquinolones,6.2,370.0,European/2014/P aeruginosa/number-p-aeruginosa-isolates-and-percentage-resistant-fluoroquinolones-2011-2014.xlsx
Netherlands,2014,Pseudomonas aeruginosa,fluoroquinolones,6.7,541.0,European/2014/P aeruginosa/number-p-aeruginosa-isolates-and-percentage-resistant-fluoroquinolones-2011-2014.xlsx
Netherlands,2015,Pseudomonas aeruginosa,fluoroquinolones,5.8,502.0,"European/2015/Pseudomonas, Tables 3-14 to 3-20.xlsx [Table 3.15]"
Norway,2010,Pseudomonas aeruginosa,fluoroquinolones,3.6,165.0,European/2013/Downloadables/P aeruginosa/number-p-aeruginosa-isolates-and-percentage-resistant-fluoroquinolones-2010-2013.xlsx
Norway,2011,Pseudomonas aeruginosa,fluoroquinolones,5.4,147.0,European/2014/P aeruginosa/number-p-aeruginosa-isolates-and-percentage-resistant-fluoroquinolones-2011-2014.xlsx
Norway,2012,Pseudomonas aeruginosa,fluoroquinolones,5.7,209.0,European/2014/P aeruginosa/number-p-aeruginosa-isolates-and-percentage-resistant-fluoroquinolones-2011-2014.xlsx
Norway,2013,Pseudomonas aeruginosa,fluoroquinolones,8.8,205.0,European/2014/P aeruginosa/number-p-aeruginosa-isolates-and-percentage-resistant-fluoroquinolones-2011-2014.xlsx
Norway,2014,Pseudomonas aeruginosa,fluoroquinolones,3.1,257.0,European/2014/P aeruginosa/number-p-aeruginosa-isolates-and-percentage-resistant-fluoroquinolones-2011-2014.xlsx
Norway,2015,Pseudomonas aeruginosa,fluoroquinolones,5.2,230.0,"European/2015/Pseudomonas, Tables 3-14 to 3-20.xlsx [Table 3.15]"
Poland,2010,Pseudomonas aeruginosa,fluoroquinolones,27.8,158.0,European/2013/Downloadables/P aeruginosa/number-p-aeruginosa-isolates-and-percentage-resistant-fluoroquinolones-2010-2013.xlsx
Poland,2011,Pseudomonas aeruginosa,fluoroquinolones,30.4,194.0,European/2014/P aeruginosa/number-p-aeruginosa-isolates-and-percentage-resistant-fluoroquinolones-2011-2014.xlsx
Poland,2012,Pseudomonas aeruginosa,fluoroquinolones,26.9,175.0,European/2014/P aeruginosa/number-p-aeruginosa-isolates-and-percentage-resistant-fluoroquinolones-2011-2014.xlsx
Poland,2013,Pseudomonas aeruginosa,fluoroquinolones,29.4,194.0,European/2014/P aeruginosa/number-p-aeruginosa-isolates-and-percentage-resistant-fluoroquinolones-2011-2014.xlsx
Poland,2014,Pseudomonas aeruginosa,fluoroquinolones,35.3,184.0,"European/2015/Pseudomonas, Tables 3-14 to 3-20.xlsx [Table 3.15]"
Poland,2015,Pseudomonas aeruginosa,fluoroquinolones,36.2,257.0,"European/2015/Pseudomonas, Tables 3-14 to 3-20.xlsx [Table 3.15]"
Portugal,2010,Pseudomonas aeruginosa,fluoroquinolones,20.3,533.0,European/2013/Downloadables/P aeruginosa/number-p-aeruginosa-isolates-and-percentage-resistant-fluoroquinolones-2010-2013.xlsx
Portugal,2011,Pseudomonas aeruginosa,fluoroquinolones,25.6,516.0,European/2014/P aeruginosa/number-p-aeruginosa-isolates-and-percentage-resistant-fluoroquinolones-2011-2014.xlsx
Portugal,2012,Pseudomonas aeruginosa,fluoroquinolones,25.6,587.0,European/2014/P aeruginosa/number-p-aeruginosa-isolates-and-percentage-resistant-fluoroquinolones-2011-2014.xlsx
Portugal,2013,Pseudomonas aeruginosa,fluoroquinolones,23.9,735.0,European/2014/P aeruginosa/number-p-aeruginosa-isolates-and-percentage-resistant-fluoroquinolones-2011-2014.xlsx
Portugal,2014,Pseudomonas aeruginosa,fluoroquinolones,26.3,1062.0,European/2014/P aeruginosa/number-p-aeruginosa-isolates-and-percentage-resistant-fluoroquinolones-2011-2014.xlsx
Portugal,2015,Pseudomonas aeruginosa,fluoroquinolones,22.7,1185.0,"European/2015/Pseudomonas, Tables 3-14 to 3-20.xlsx [Table 3.15]"
Romania,2012,Pseudomonas aeruginosa,fluoroquinolones,53.3,45.0,European/2014/P aeruginosa/number-p-aeruginosa-isolates-and-percentage-resistant-fluoroquinolones-2011-2014.xlsx
Romania,2013,Pseudomonas aeruginosa,fluoroquinolones,45.2,84.0,European/2014/P aeruginosa/number-p-aeruginosa-isolates-and-percentage-resistant-fluoroquinolones-2011-2014.xlsx
Romania,2014,Pseudomonas aeruginosa,fluoroquinolones,55.4,92.0,European/2014/P aeruginosa/number-p-aeruginosa-isolates-and-percentage-resistant-fluoroquinolones-2011-2014.xlsx
Romania,2015,Pseudomonas aeruginosa,fluoroquinolones,62.0,92.0,"European/2015/Pseudomonas, Tables 3-14 to 3-20.xlsx [Table 3.15]"
Slovakia,2011,Pseudomonas aeruginosa,fluoroquinolones,58.6,266.0,European/2014/P aeruginosa/number-p-aeruginosa-isolates-and-percentage-resistant-fluoroquinolones-2011-2014.xlsx
Slovakia,2012,Pseudomonas aeruginosa,fluoroquinolones,56.3,199.0,European/2014/P aeruginosa/number-p-aeruginosa-isolates-and-percentage-resistant-fluoroquinolones-2011-2014.xlsx
Slovakia,2013,Pseudomonas aeruginosa,fluoroquinolones,53.1,286.0,European/2014/P aeruginosa/number-p-aeruginosa-isolates-and-percentage-resistant-fluoroquinolones-2011-2014.xlsx
Slovakia,2014,Pseudomonas aeruginosa,fluoroquinolones,45.5,275.0,European/2014/P aeruginosa/number-p-aeruginosa-isolates-and-percentage-resistant-fluoroquinolones-2011-2014.xlsx
Slovakia,2015,Pseudomonas aeruginosa,fluoroquinolones,52.2,278.0,"European/2015/Pseudomonas, Tables 3-14 to 3-20.xlsx [Table 3.15]"
Slovenia,2010,Pseudomonas aeruginosa,fluoroquinolones,9.5,95.0,European/2013/Downloadables/P aeruginosa/number-p-aeruginosa-isolates-and-percentage-resistant-fluoroquinolones-2010-2013.xlsx
Slovenia,2011,Pseudomonas aeruginosa,fluoroquinolones,9.3,118.0,European/2014/P aeruginosa/number-p-aeruginosa-isolates-and-percentage-resistant-fluoroquinolones-2011-2014.xlsx
Slovenia,2012,Pseudomonas aeruginosa,fluoroquinolones,14.9,134.0,European/2014/P aeruginosa/number-p-aeruginosa-isolates-and-percentage-resistant-fluoroquinolones-2011-2014.xlsx
Slovenia,2013,Pseudomonas aeruginosa,fluoroquinolones,11.3,133.0,European/2014/P aeruginosa/number-p-aeruginosa-isolates-and-percentage-resistant-fluoroquinolones-2011-2014.xlsx
Slovenia,2014,Pseudomonas aeruginosa,fluoroquinolones,22.3,112.0,European/2014/P aeruginosa/number-p-aeruginosa-isolates-and-percentage-resistant-fluoroquinolones-2011-2014.xlsx
Slovenia,2015,Pseudomonas aeruginosa,fluoroquinolones,14.2,141.0,"European/2015/Pseudomonas, Tables 3-14 to 3-20.xlsx [Table 3.15]"
Spain,2010,Pseudomonas aeruginosa,fluoroquinolones,24.8,749.0,European/2013/Downloadables/P aeruginosa/number-p-aeruginosa-isolates-and-percentage-resistant-fluoroquinolones-2010-2013.xlsx
Spain,2011,Pseudomonas aeruginosa,fluoroquinolones,24.2,838.0,European/2014/P aeruginosa/number-p-aeruginosa-isolates-and-percentage-resistant-fluoroquinolones-2011-2014.xlsx
Spain,2012,Pseudomonas aeruginosa,fluoroquinolones,21.0,848.0,European/2014/P aeruginosa/number-p-aeruginosa-isolates-and-percentage-resistant-fluoroquinolones-2011-2014.xlsx
Spain,2013,Pseudomonas aeruginosa,fluoroquinolones,22.7,825.0,European/2014/P aeruginosa/number-p-aeruginosa-isolates-and-percentage-resistant-fluoroquinolones-2011-2014.xlsx
Spain,2014,Pseudomonas aeruginosa,fluoroquinolones,24.6,873.0,European/2014/P aeruginosa/number-p-aeruginosa-isolates-and-percentage-resistant-fluoroquinolones-2011-2014.xlsx
Spain,2015,Pseudomonas aeruginosa,fluoroquinolones,23.0,881.0,"European/2015/Pseudomonas, Tables 3-14 to 3-20.xlsx [Table 3.15]"
Sweden,2010,Pseudomonas aeruginosa,fluoroquinolones,6.3,317.0,European/2013/Downloadables/P aeruginosa/number-p-aeruginosa-isolates-and-percentage-resistant-fluoroquinolones-2010-2013.xlsx
Sweden,2011,Pseudomonas aeruginosa,fluoroquinolones,5.2,441.0,European/2014/P aeruginosa/number-p-aeruginosa-isolates-and-percentage-resistant-fluoroquinolones-2011-2014.xlsx
Sweden,2012,Pseudomonas aeruginosa,fluoroquinolones,6.7,357.0,European/2014/P aeruginosa/number-p-aeruginosa-isolates-and-percentage-resistant-fluoroquinolones-2011-2014.xlsx
Sweden,2013,Pseudomonas aeruginosa,fluoroquinolones,6.0,531.0,European/2014/P aeruginosa/number-p-aeruginosa-isolates-and-percentage-resistant-fluoroquinolones-2011-2014.xlsx
Sweden,2014,Pseudomonas aeruginosa,fluoroquinolones,7.7,338.0,European/2014/P aeruginosa/number-p-aeruginosa-isolates-and-percentage-resistant-fluoroquinolones-2011-2014.xlsx
Sweden,2015,Pseudomonas aeruginosa,fluoroquinolones,4.7,382.0,"European/2015/Pseudomonas, Tables 3-14 to 3-20.xlsx [Table 3.15]"
United Kingdom,2010,Pseudomonas aeruginosa,fluoroquinolones,6.7,568.0,European/2013/Downloadables/P aeruginosa/number-p-aeruginosa-isolates-and-percentage-resistant-fluoroquinolones-2010-2013.xlsx
United Kingdom,2011,Pseudomonas aeruginosa,fluoroquinolones,6.2,585.0,European/2014/P aeruginosa/number-p-aeruginosa-isolates-and-percentage-resistant-fluoroquinolones-2011-2014.xlsx
United Kingdom,2012,Pseudomonas aeruginosa,fluoroquinolones,4.8,664.0,European/2014/P aeruginosa/number-p-aeruginosa-isolates-and-percentage-resistant-fluoroquinolones-2011-2014.xlsx
United Kingdom,2013,Pseudomonas aeruginosa,fluoroquinolones,5.8,711.0,European/2014/P aeruginosa/number-p-aeruginosa-isolates-and-percentage-resistant-fluoroquinolones-2011-2014.xlsx
United Kingdom,2014,Pseudomonas aeruginosa,fluoroquinolones,5.4,629.0,European/2014/P aeruginosa/number-p-aeruginosa-isolates-and-percentage-resistant-fluoroquinolones-2011-2014.xlsx
United Kingdom,2015,Pseudomonas aeruginosa,fluoroquinolones,8.8,522.0,"European/2015/Pseudomonas, Tables 3-14 to 3-20.xlsx [Table 3.15]"
Austria,2010,Pseudomonas aeruginosa,piperacillin,8.7,503.0,European/2013/Downloadables/P aeruginosa/number-p-aeruginosa-isolates-and-percentage-resistant-piperacillin-2010-2013.xlsx
Austria,2011,Pseudomonas aeruginosa,piperacillin,13.6,528.0,European/2014/P aeruginosa/number-p-aeruginosa-isolates-and-percentage-resistant-piperacillin-2011-2014.xlsx
Austria,2012,Pseudomonas aeruginosa,piperacillin,18.2,588.0,European/2014/P aeruginosa/number-p-aeruginosa-isolates-and-percentage-resistant-piperacillin-2011-2014.xlsx
Austria,2013,Pseudomonas aeruginosa,piperacillin,13.3,616.0,European/2014/P aeruginosa/number-p-aeruginosa-isolates-and-percentage-resistant-piperacillin-2011-2014.xlsx
Austria,2014,Pseudomonas aeruginosa,piperacillin,11.8,636.0,European/2014/P aeruginosa/number-p-aeruginosa-isolates-and-percentage-resistant-piperacillin-2011-2014.xlsx
Belgium,2010,Pseudomonas aeruginosa,piperacillin,11.6,121.0,European/2013/Downloadables/P aeruginosa/number-p-aeruginosa-isolates-and-percentage-resistant-piperacillin-2010-2013.xlsx
Belgium,2011,Pseudomonas aeruginosa,piperacillin,15.4,376.0,European/2014/P aeruginosa/number-p-aeruginosa-isolates-and-percentage-resistant-piperacillin-2011-2014.xlsx
Belgium,2012,Pseudomonas aeruginosa,piperacillin,9.6,342.0,European/2014/P aeruginosa/number-p-aeruginosa-isolates-and-percentage-resistant-piperacillin-2011-2014.xlsx
Belgium,2013,Pseudomonas aeruginosa,piperacillin,13.2,431.0,European/2014/P aeruginosa/number-p-aeruginosa-isolates-and-percentage-resistant-piperacillin-2011-2014.xlsx
Belgium,2014,Pseudomonas aeruginosa,piperacillin,9.5,294.0,European/2014/P aeruginosa/number-p-aeruginosa-isolates-and-percentage-resistant-piperacillin-2011-2014.xlsx
Bulgaria,2010,Pseudomonas aeruginosa,piperacillin,14.6,41.0,European/2013/Downloadables/P aeruginosa/number-p-aeruginosa-isolates-and-percentage-resistant-piperacillin-2010-2013.xlsx
Bulgaria,2011,Pseudomonas aeruginosa,piperacillin,23.3,43.0,European/2014/P aeruginosa/number-p-aeruginosa-isolates-and-percentage-resistant-piperacillin-2011-2014.xlsx
Bulgaria,2012,Pseudomonas aeruginosa,piperacillin,26.0,50.0,European/2014/P aeruginosa/number-p-aeruginosa-isolates-and-percentage-resistant-piperacillin-2011-2014.xlsx
Bulgaria,2013,Pseudomonas aeruginosa,piperacillin,13.6,59.0,European/2014/P aeruginosa/number-p-aeruginosa-isolates-and-percentage-resistant-piperacillin-2011-2014.xlsx
Bulgaria,2014,Pseudomonas aeruginosa,piperacillin,31.3,48.0,European/2014/P aeruginosa/number-p-aeruginosa-isolates-and-percentage-resistant-piperacillin-2011-2014.xlsx
Croatia,2010,Pseudomonas aeruginosa,piperacillin,15.9,208.0,European/2013/Downloadables/P aeruginosa/number-p-aeruginosa-isolates-and-percentage-resistant-piperacillin-2010-2013.xlsx
Croatia,2011,Pseudomonas aeruginosa,piperacillin,23.2,224.0,European/2014/P aeruginosa/number-p-aeruginosa-isolates-and-percentage-resistant-piperacillin-2011-2014.xlsx
Croatia,2012,Pseudomonas aeruginosa,piperacillin,21.6,194.0,European/2014/P aeruginosa/number-p-aeruginosa-isolates-and-percentage-resistant-piperacillin-2011-2014.xlsx
Croatia,2013,Pseudomonas aeruginosa,piperacillin,23.6,233.0,European/2014/P aeruginosa/number-p-aeruginosa-isolates-and-percentage-resistant-piperacillin-2011-2014.xlsx
Croatia,2014,Pseudomonas aeruginosa,piperacillin,24.5,216.0,European/2014/P aeruginosa/number-p-aeruginosa-isolates-and-percentage-resistant-piperacillin-2011-2014.xlsx
Cyprus,2010,Pseudomonas aeruginosa,piperacillin,18.8,48.0,European/2013/Downloadables/P aeruginosa/number-p-aeruginosa-isolates-and-percentage-resistant-piperacillin-2010-2013.xlsx
Cyprus,2011,Pseudomonas aeruginosa,piperacillin,19.6,51.0,European/2014/P aeruginosa/number-p-aeruginosa-isolates-and-percentage-resistant-piperacillin-2011-2014.xlsx
Cyprus,2012,Pseudomonas aeruginosa,piperacillin,10.0,50.0,European/2014/P aeruginosa/number-p-aeruginosa-isolates-and-percentage-resistant-piperacillin-2011-2014.xlsx
Cyprus,2013,Pseudomonas aeruginosa,piperacillin,8.5,47.0,European/2014/P aeruginosa/number-p-aeruginosa-isolates-and-percentage-resistant-piperacillin-2011-2014.xlsx
Cyprus,2014,Pseudomonas aeruginosa,piperacillin,16.7,42.0,European/2014/P aeruginosa/number-p-aeruginosa-isolates-and-percentage-resistant-piperacillin-2011-2014.xlsx
Czech Republic,2010,Pseudomonas aeruginosa,piperacillin,27.6,510.0,European/2013/Downloadables/P aeruginosa/number-p-aeruginosa-isolates-and-percentage-resistant-piperacillin-2010-2013.xlsx
Czech Republic,2011,Pseudomonas aeruginosa,piperacillin,22.1,448.0,European/2014/P aeruginosa/number-p-aeruginosa-isolates-and-percentage-resistant-piperacillin-2011-2014.xlsx
Czech Republic,2012,Pseudomonas aeruginosa,piperacillin,26.4,489.0,European/2014/P aeruginosa/number-p-aeruginosa-isolates-and-percentage-resistant-piperacillin-2011-2014.xlsx
Czech Republic,2013,Pseudomonas aeruginosa,piperacillin,27.5,516.0,European/2014/P aeruginosa/number-p-aeruginosa-isolates-and-percentage-resistant-piperacillin-2011-2014.xlsx
Czech Republic,2014,Pseudomonas aeruginosa,piperacillin,23.1,429.0,European/2014/P aeruginosa/number-p-aeruginosa-isolates-and-percentage-resistant-piperacillin-2011-2014.xlsx
Denmark,2010,Pseudomonas aeruginosa,piperacillin,3.9,361.0,European/2013/Downloadables/P aeruginosa/number-p-aeruginosa-isolates-and-percentage-resistant-piperacillin-2010-2013.xlsx
Denmark,2011,Pseudomonas aeruginosa,piperacillin,5.4,405.0,European/2014/P aeruginosa/number-p-aeruginosa-isolates-and-percentage-resistant-piperacillin-2011-2014.xlsx
Denmark,2012,Pseudomonas aeruginosa,piperacillin,4.6,389.0,European/2014/P aeruginosa/number-p-aeruginosa-isolates-and-percentage-resistant-piperacillin-2011-2014.xlsx
Denmark,2013,Pseudomonas aeruginosa,piperacillin,2.4,414.0,European/2014/P aeruginosa/number-p-aeruginosa-isolates-and-percentage-resistant-piperacillin-2011-2014.xlsx
Denmark,2014,Pseudomonas aeruginosa,piperacillin,4.4,388.0,European/2014/P aeruginosa/number-p-aeruginosa-isolates-and-percentage-resistant-piperacillin-2011-2014.xlsx
Estonia,2012,Pseudomonas aeruginosa,piperacillin,16.1,31.0,European/2014/P aeruginosa/number-p-aeruginosa-isolates-and-percentage-resistant-piperacillin-2011-2014.xlsx
Estonia,2013,Pseudomonas aeruginosa,piperacillin,11.8,17.0,European/2014/P aeruginosa/number-p-aeruginosa-isolates-and-percentage-resistant-piperacillin-2011-2014.xlsx
Estonia,2014,Pseudomonas aeruginosa,piperacillin,10.3,39.0,European/2014/P aeruginosa/number-p-aeruginosa-isolates-and-percentage-resistant-piperacillin-2011-2014.xlsx
Finland,2010,Pseudomonas aeruginosa,piperacillin,7.0,270.0,European/2013/Downloadables/P aeruginosa/number-p-aeruginosa-isolates-and-percentage-resistant-piperacillin-2010-2013.xlsx
Finland,2011,Pseudomonas aeruginosa,piperacillin,15.6,211.0,European/2014/P aeruginosa/number-p-aeruginosa-isolates-and-percentage-resistant-piperacillin-2011-2014.xlsx
Finland,2012,Pseudomonas aeruginosa,piperacillin,7.6,314.0,European/2014/P aeruginosa/number-p-aeruginosa-isolates-and-percentage-resistant-piperacillin-2011-2014.xlsx
Finland,2013,Pseudomonas aeruginosa,piperacillin,8.6,326.0,European/2014/P aeruginosa/number-p-aeruginosa-isolates-and-percentage-resistant-piperacillin-2011-2014.xlsx
Finland,2014,Pseudomonas aeruginosa,piperacillin,6.9,306.0,European/2014/P aeruginosa/number-p-aeruginosa-isolates-and-percentage-resistant-piperacillin-2011-2014.xlsx
France,2010,Pseudomonas aeruginosa,piperacillin,20.3,1125.0,European/2013/Downloadables/P aeruginosa/number-p-aeruginosa-isolates-and-percentage-resistant-piperacillin-2010-2013.xlsx
France,2011,Pseudomonas aeruginosa,piperacillin,22.5,1572.0,European/2014/P aeruginosa/number-p-aeruginosa-isolates-and-percentage-resistant-piperacillin-2011-2014.xlsx
France,2012,Pseudomonas aeruginosa,piperacillin,19.9,1627.0,European/2014/P aeruginosa/number-p-aeruginosa-isolates-and-percentage-resistant-piperacillin-2011-2014.xlsx
France,2013,Pseudomonas aeruginosa,piperacillin,15.4,1815.0,European/2014/P aeruginosa/number-p-aeruginosa-isolates-and-percentage-resistant-piperacillin-2011-2014.xlsx
France,2014,Pseudomonas aeruginosa,piperacillin,17.0,1783.0,European/2014/P aeruginosa/number-p-aeruginosa-isolates-and-percentage-resistant-piperacillin-2011-2014.xlsx
Germany,2010,Pseudomonas aeruginosa,piperacillin,15.6,315.0,European/2013/Downloadables/P aeruginosa/number-p-aeruginosa-isolates-and-percentage-resistant-piperacillin-2010-2013.xlsx
Germany,2011,Pseudomonas aeruginosa,piperacillin,14.8,386.0,European/2014/P aeruginosa/number-p-aeruginosa-isolates-and-percentage-resistant-piperacillin-2011-2014.xlsx
Germany,2012,Pseudomonas aeruginosa,piperacillin,15.5,432.0,European/2014/P aeruginosa/number-p-aeruginosa-isolates-and-percentage-resistant-piperacillin-2011-2014.xlsx
Germany,2013,Pseudomonas aeruginosa,piperacillin,18.4,608.0,European/2014/P aeruginosa/number-p-aeruginosa-isolates-and-percentage-resistant-piperacillin-2011-2014.xlsx
Germany,2014,Pseudomonas aeruginosa,piperacillin,17.4,642.0,European/2014/P aeruginosa/number-p-aeruginosa-isolates-and-percentage-resistant-piperacillin-2011-2014.xlsx
Greece,2010,Pseudomonas aeruginosa,piperacillin,38.9,998.0,European/2013/Downloadables/P aeruginosa/number-p-aeruginosa-isolates-and-percentage-resistant-piperacillin-2010-2013.xlsx
Greece,2011,Pseudomonas aeruginosa,piperacillin,31.1,923.0,European/2014/P aeruginosa/number-p-aeruginosa-isolates-and-percentage-resistant-piperacillin-2011-2014.xlsx
Greece,2012,Pseudomonas aeruginosa,piperacillin,34.3,849.0,European/2014/P aeruginosa/number-p-aeruginosa-isolates-and-percentage-resistant-piperacillin-2011-2014.xlsx
Greece,2013,Pseudomonas aeruginosa,piperacillin,29.9,863.0,European/2014/P aeruginosa/number-p-aeruginosa-isolates-and-percentage-resistant-piperacillin-2011-2014.xlsx
Greece,2014,Pseudomonas aeruginosa,piperacillin,31.4,666.0,European/2014/P aeruginosa/number-p-aeruginosa-isolates-and-percentage-resistant-piperacillin-2011-2014.xlsx
Hungary,2010,Pseudomonas aeruginosa,piperacillin,13.8,596.0,European/2013/Downloadables/P aeruginosa/number-p-aeruginosa-isolates-and-percentage-resistant-piperacillin-2010-2013.xlsx
Hungary,2011,Pseudomonas aeruginosa,piperacillin,10.7,599.0,European/2014/P aeruginosa/number-p-aeruginosa-isolates-and-percentage-resistant-piperacillin-2011-2014.xlsx
Hungary,2012,Pseudomonas aeruginosa,piperacillin,19.2,610.0,European/2014/P aeruginosa/number-p-aeruginosa-isolates-and-percentage-resistant-piperacillin-2011-2014.xlsx
Hungary,2013,Pseudomonas aeruginosa,piperacillin,19.8,657.0,European/2014/P aeruginosa/number-p-aeruginosa-isolates-and-percentage-resistant-piperacillin-2011-2014.xlsx
Hungary,2014,Pseudomonas aeruginosa,piperacillin,23.5,736.0,European/2014/P aeruginosa/number-p-aeruginosa-isolates-and-percentage-resistant-piperacillin-2011-2014.xlsx
Iceland,2010,Pseudomonas aeruginosa,piperacillin,8.3,12.0,European/2013/Downloadables/P aeruginosa/number-p-aeruginosa-isolates-and-percentage-resistant-piperacillin-2010-2013.xlsx
Iceland,2011,Pseudomonas aeruginosa,piperacillin,5.9,17.0,European/2014/P aeruginosa/number-p-aeruginosa-isolates-and-percentage-resistant-piperacillin-2011-2014.xlsx
Iceland,2012,Pseudomonas aeruginosa,piperacillin,10.0,10.0,European/2014/P aeruginosa/number-p-aeruginosa-isolates-and-percentage-resistant-piperacillin-2011-2014.xlsx
Iceland,2013,Pseudomonas aeruginosa,piperacillin,0.0,11.0,European/2014/P aeruginosa/number-p-aeruginosa-isolates-and-percentage-resistant-piperacillin-2011-2014.xlsx
Iceland,2014,Pseudomonas aeruginosa,piperacillin,9.1,11.0,European/2014/P aeruginosa/number-p-aeruginosa-isolates-and-percentage-resistant-piperacillin-2011-2014.xlsx
Ireland,2010,Pseudomonas aeruginosa,piperacillin,8.3,218.0,European/2013/Downloadables/P aeruginosa/number-p-aeruginosa-isolates-and-percentage-resistant-piperacillin-2010-2013.xlsx
Ireland,2011,Pseudomonas aeruginosa,piperacillin,2.9,172.0,European/2014/P aeruginosa/number-p-aeruginosa-isolates-and-percentage-resistant-piperacillin-2011-2014.xlsx
Ireland,2012,Pseudomonas aeruginosa,piperacillin,16.2,216.0,European/2014/P aeruginosa/number-p-aeruginosa-isolates-and-percentage-resistant-piperacillin-2011-2014.xlsx
Ireland,2013,Pseudomonas aeruginosa,piperacillin,11.4,202.0,European/2014/P aeruginosa/number-p-aeruginosa-isolates-and-percentage-resistant-piperacillin-2011-2014.xlsx
Ireland,2014,Pseudomonas aeruginosa,piperacillin,11.2,178.0,European/2014/P aeruginosa/number-p-aeruginosa-isolates-and-percentage-resistant-piperacillin-2011-2014.xlsx
Italy,2010,Pseudomonas aeruginosa,piperacillin,21.2,429.0,European/2013/Downloadables/P aeruginosa/number-p-aeruginosa-isolates-and-percentage-resistant-piperacillin-2010-2013.xlsx
Italy,2011,Pseudomonas aeruginosa,piperacillin,21.9,233.0,European/2014/P aeruginosa/number-p-aeruginosa-isolates-and-percentage-resistant-piperacillin-2011-2014.xlsx
Italy,2012,Pseudomonas aeruginosa,piperacillin,30.1,541.0,European/2014/P aeruginosa/number-p-aeruginosa-isolates-and-percentage-resistant-piperacillin-2011-2014.xlsx
Italy,2013,Pseudomonas aeruginosa,piperacillin,30.9,754.0,European/2014/P aeruginosa/number-p-aeruginosa-isolates-and-percentage-resistant-piperacillin-2011-2014.xlsx
Italy,2014,Pseudomonas aeruginosa,piperacillin,31.5,686.0,European/2014/P aeruginosa/number-p-aeruginosa-isolates-and-percentage-resistant-piperacillin-2011-2014.xlsx
Latvia,2010,Pseudomonas aeruginosa,piperacillin,19.0,21.0,European/2013/Downloadables/P aeruginosa/number-p-aeruginosa-isolates-and-percentage-resistant-piperacillin-2010-2013.xlsx
Latvia,2011,Pseudomonas aeruginosa,piperacillin,9.1,11.0,European/2014/P aeruginosa/number-p-aeruginosa-isolates-and-percentage-resistant-piperacillin-2011-2014.xlsx
Latvia,2012,Pseudomonas aeruginosa,piperacillin,17.6,17.0,European/2014/P aeruginosa/number-p-aeruginosa-isolates-and-percentage-resistant-piperacillin-2011-2014.xlsx
Latvia,2013,Pseudomonas aeruginosa,piperacillin,20.8,24.0,European/2014/P aeruginosa/number-p-aeruginosa-isolates-and-percentage-resistant-piperacillin-2011-2014.xlsx
Lithuania,2010,Pseudomonas aeruginosa,piperacillin,6.5,31.0,European/2013/Downloadables/P aeruginosa/number-p-aeruginosa-isolates-and-percentage-resistant-piperacillin-2010-2013.xlsx
Lithuania,2011,Pseudomonas aeruginosa,piperacillin,13.3,30.0,European/2014/P aeruginosa/number-p-aeruginosa-isolates-and-percentage-resistant-piperacillin-2011-2014.xlsx
Lithuania,2012,Pseudomonas aeruginosa,piperacillin,10.7,28.0,European/2014/P aeruginosa/number-p-aeruginosa-isolates-and-percentage-resistant-piperacillin-2011-2014.xlsx
Lithuania,2013,Pseudomonas aeruginosa,piperacillin,8.6,35.0,European/2014/P aeruginosa/number-p-aeruginosa-isolates-and-percentage-resistant-piperacillin-2011-2014.xlsx
Lithuania,2014,Pseudomonas aeruginosa,piperacillin,32.3,31.0,European/2014/P aeruginosa/number-p-aeruginosa-isolates-and-percentage-resistant-piperacillin-2011-2014.xlsx
Luxembourg,2010,Pseudomonas aeruginosa,piperacillin,6.3,32.0,European/2013/Downloadables/P aeruginosa/number-p-aeruginosa-isolates-and-percentage-resistant-piperacillin-2010-2013.xlsx
Luxembourg,2011,Pseudomonas aeruginosa,piperacillin,15.6,32.0,European/2014/P aeruginosa/number-p-aeruginosa-isolates-and-percentage-resistant-piperacillin-2011-2014.xlsx
Luxembourg,2012,Pseudomonas aeruginosa,piperacillin,16.1,31.0,European/2014/P aeruginosa/number-p-aeruginosa-isolates-and-percentage-resistant-piperacillin-2011-2014.xlsx
Luxembourg,2013,Pseudomonas aeruginosa,piperacillin,11.8,34.0,European/2014/P aeruginosa/number-p-aeruginosa-isolates-and-percentage-resistant-piperacillin-2011-2014.xlsx
Luxembourg,2014,Pseudomonas aeruginosa,piperacillin,10.8,37.0,European/2014/P aeruginosa/number-p-aeruginosa-isolates-and-percentage-resistant-piperacillin-2011-2014.xlsx
Malta,2010,Pseudomonas aeruginosa,piperacillin,35.7,42.0,European/2013/Downloadables/P aeruginosa/number-p-aeruginosa-isolates-and-percentage-resistant-piperacillin-2010-2013.xlsx
Malta,2011,Pseudomonas aeruginosa,piperacillin,23.8,42.0,European/2014/P aeruginosa/number-p-aeruginosa-isolates-and-percentage-resistant-piperacillin-2011-2014.xlsx
Malta,2012,Pseudomonas aeruginosa,piperacillin,9.7,31.0,European/2014/P aeruginosa/number-p-aeruginosa-isolates-and-percentage-resistant-piperacillin-2011-2014.xlsx
Malta,2013,Pseudomonas aeruginosa,piperacillin,20.8,24.0,European/2014/P aeruginosa/number-p-aeruginosa-isolates-and-percentage-resistant-piperacillin-2011-2014.xlsx
Malta,2014,Pseudomonas aeruginosa,piperacillin,10.5,38.0,European/2014/P aeruginosa/number-p-aeruginosa-isolates-and-percentage-resistant-piperacillin-2011-2014.xlsx
Netherlands,2010,Pseudomonas aeruginosa,piperacillin,4.3,374.0,European/2013/Downloadables/P aeruginosa/number-p-aeruginosa-isolates-and-percentage-resistant-piperacillin-2010-2013.xlsx
Netherlands,2011,Pseudomonas aeruginosa,piperacillin,6.4,391.0,European/2014/P aeruginosa/number-p-aeruginosa-isolates-and-percentage-resistant-piperacillin-2011-2014.xlsx
Netherlands,2012,Pseudomonas aeruginosa,piperacillin,5.2,386.0,European/2014/P aeruginosa/number-p-aeruginosa-isolates-and-percentage-resistant-piperacillin-2011-2014.xlsx
Netherlands,2013,Pseudomonas aeruginosa,piperacillin,6.6,381.0,European/2014/P aeruginosa/number-p-aeruginosa-isolates-and-percentage-resistant-piperacillin-2011-2014.xlsx
Netherlands,2014,Pseudomonas aeruginosa,piperacillin,8.1,530.0,European/2014/P aeruginosa/number-p-aeruginosa-isolates-and-percentage-resistant-piperacillin-2011-2014.xlsx
Norway,2010,Pseudomonas aeruginosa,piperacillin,3.1,163.0,European/2013/Downloadables/P aeruginosa/number-p-aeruginosa-isolates-and-percentage-resistant-piperacillin-2010-2013.xlsx
Norway,2011,Pseudomonas aeruginosa,piperacillin,4.9,142.0,European/2014/P aeruginosa/number-p-aeruginosa-isolates-and-percentage-resistant-piperacillin-2011-2014.xlsx
Norway,2012,Pseudomonas aeruginosa,piperacillin,7.1,198.0,European/2014/P aeruginosa/number-p-aeruginosa-isolates-and-percentage-resistant-piperacillin-2011-2014.xlsx
Norway,2013,Pseudomonas aeruginosa,piperacillin,9.1,198.0,European/2014/P aeruginosa/number-p-aeruginosa-isolates-and-percentage-resistant-piperacillin-2011-2014.xlsx
Norway,2014,Pseudomonas aeruginosa,piperacillin,7.9,254.0,European/2014/P aeruginosa/number-p-aeruginosa-isolates-and-percentage-resistant-piperacillin-2011-2014.xlsx
Poland,2010,Pseudomonas aeruginosa,piperacillin,29.4,163.0,European/2013/Downloadables/P aeruginosa/number-p-aeruginosa-isolates-and-percentage-resistant-piperacillin-2010-2013.xlsx
Poland,2011,Pseudomonas aeruginosa,piperacillin,31.4,191.0,European/2014/P aeruginosa/number-p-aeruginosa-isolates-and-percentage-resistant-piperacillin-2011-2014.xlsx
Poland,2012,Pseudomonas aeruginosa,piperacillin,29.9,157.0,European/2014/P aeruginosa/number-p-aeruginosa-isolates-and-percentage-resistant-piperacillin-2011-2014.xlsx
Poland,2013,Pseudomonas aeruginosa,piperacillin,31.6,171.0,European/2014/P aeruginosa/number-p-aeruginosa-isolates-and-percentage-resistant-piperacillin-2011-2014.xlsx
Portugal,2010,Pseudomonas aeruginosa,piperacillin,17.6,546.0,European/2013/Downloadables/P aeruginosa/number-p-aeruginosa-isolates-and-percentage-resistant-piperacillin-2010-2013.xlsx
Portugal,2011,Pseudomonas aeruginosa,piperacillin,19.0,522.0,European/2014/P aeruginosa/number-p-aeruginosa-isolates-and-percentage-resistant-piperacillin-2011-2014.xlsx
Portugal,2012,Pseudomonas aeruginosa,piperacillin,19.8,586.0,European/2014/P aeruginosa/number-p-aeruginosa-isolates-and-percentage-resistant-piperacillin-2011-2014.xlsx
Portugal,2013,Pseudomonas aeruginosa,piperacillin,24.1,87.0,European/2014/P aeruginosa/number-p-aeruginosa-isolates-and-percentage-resistant-piperacillin-2011-2014.xlsx
Portugal,2014,Pseudomonas aeruginosa,piperacillin,28.5,1061.0,European/2014/P aeruginosa/number-p-aeruginosa-isolates-and-percentage-resistant-piperacillin-2011-2014.xlsx
Romania,2012,Pseudomonas aeruginosa,piperacillin,50.0,44.0,European/2014/P aeruginosa/number-p-aeruginosa-isolates-and-percentage-resistant-piperacillin-2011-2014.xlsx
Romania,2013,Pseudomonas aeruginosa,piperacillin,55.0,80.0,European/2014/P aeruginosa/number-p-aeruginosa-isolates-and-percentage-resistant-piperacillin-2011-2014.xlsx
Romania,2014,Pseudomonas aeruginosa,piperacillin,62.2,90.0,European/2014/P aeruginosa/number-p-aeruginosa-isolates-and-percentage-resistant-piperacillin-2011-2014.xlsx
Slovakia,2011,Pseudomonas aeruginosa,piperacillin,41.4,266.0,European/2014/P aeruginosa/number-p-aeruginosa-isolates-and-percentage-resistant-piperacillin-2011-2014.xlsx
Slovakia,2012,Pseudomonas aeruginosa,piperacillin,38.5,195.0,European/2014/P aeruginosa/number-p-aeruginosa-isolates-and-percentage-resistant-piperacillin-2011-2014.xlsx
Slovakia,2013,Pseudomonas aeruginosa,piperacillin,41.5,265.0,European/2014/P aeruginosa/number-p-aeruginosa-isolates-and-percentage-resistant-piperacillin-2011-2014.xlsx
Slovakia,2014,Pseudomonas aeruginosa,piperacillin,36.1,269.0,European/2014/P aeruginosa/number-p-aeruginosa-isolates-and-percentage-resistant-piperacillin-2011-2014.xlsx
Slovenia,2010,Pseudomonas aeruginosa,piperacillin,14.7,95.0,European/2013/Downloadables/P aeruginosa/number-p-aeruginosa-isolates-and-percentage-resistant-piperacillin-2010-2013.xlsx
Slovenia,2011,Pseudomonas aeruginosa,piperacillin,12.7,118.0,European/2014/P aeruginosa/number-p-aeruginosa-isolates-and-percentage-resistant-piperacillin-2011-2014.xlsx
Slovenia,2012,Pseudomonas aeruginosa,piperacillin,7.5,134.0,European/2014/P aeruginosa/number-p-aeruginosa-isolates-and-percentage-resistant-piperacillin-2011-2014.xlsx
Slovenia,2013,Pseudomonas aeruginosa,piperacillin,13.5,133.0,European/2014/P aeruginosa/number-p-aeruginosa-isolates-and-percentage-resistant-piperacillin-2011-2014.xlsx
Slovenia,2014,Pseudomonas aeruginosa,piperacillin,25.9,112.0,European/2014/P aeruginosa/number-p-aeruginosa-isolates-and-percentage-resistant-piperacillin-2011-2014.xlsx
Spain,2010,Pseudomonas aeruginosa,piperacillin,6.4,749.0,European/2013/Downloadables/P aeruginosa/number-p-aeruginosa-isolates-and-percentage-resistant-piperacillin-2010-2013.xlsx
Spain,2011,Pseudomonas aeruginosa,piperacillin,6.4,833.0,European/2014/P aeruginosa/number-p-aeruginosa-isolates-and-percentage-resistant-piperacillin-2011-2014.xlsx
Spain,2012,Pseudomonas aeruginosa,piperacillin,6.7,835.0,European/2014/P aeruginosa/number-p-aeruginosa-isolates-and-percentage-resistant-piperacillin-2011-2014.xlsx
Spain,2013,Pseudomonas aeruginosa,piperacillin,8.6,818.0,European/2014/P aeruginosa/number-p-aeruginosa-isolates-and-percentage-resistant-piperacillin-2011-2014.xlsx
Spain,2014,Pseudomonas aeruginosa,piperacillin,7.8,870.0,European/2014/P aeruginosa/number-p-aeruginosa-isolates-and-percentage-resistant-piperacillin-2011-2014.xlsx
Sweden,2010,Pseudomonas aeruginosa,piperacillin,1.1,272.0,European/2013/Downloadables/P aeruginosa/number-p-aeruginosa-isolates-and-percentage-resistant-piperacillin-2010-2013.xlsx
Sweden,2011,Pseudomonas aeruginosa,piperacillin,4.4,386.0,European/2014/P aeruginosa/number-p-aeruginosa-isolates-and-percentage-resistant-piperacillin-2011-2014.xlsx
Sweden,2012,Pseudomonas aeruginosa,piperacillin,5.9,271.0,European/2014/P aeruginosa/number-p-aeruginosa-isolates-and-percentage-resistant-piperacillin-2011-2014.xlsx
Sweden,2013,Pseudomonas aeruginosa,piperacillin,7.3,531.0,European/2014/P aeruginosa/number-p-aeruginosa-isolates-and-percentage-resistant-piperacillin-2011-2014.xlsx
Sweden,2014,Pseudomonas aeruginosa,piperacillin,4.7,337.0,European/2014/P aeruginosa/number-p-aeruginosa-isolates-and-percentage-resistant-piperacillin-2011-2014.xlsx
United Kingdom,2010,Pseudomonas aeruginosa,piperacillin,3.9,491.0,European/2013/Downloadables/P aeruginosa/number-p-aeruginosa-isolates-and-percentage-resistant-piperacillin-2010-2013.xlsx
United Kingdom,2011,Pseudomonas aeruginosa,piperacillin,4.3,557.0,European/2014/P aeruginosa/number-p-aeruginosa-isolates-and-percentage-resistant-piperacillin-2011-2014.xlsx
United Kingdom,2012,Pseudomonas aeruginosa,piperacillin,3.1,636.0,European/2014/P aeruginosa/number-p-aeruginosa-isolates-and-percentage-resistant-piperacillin-2011-2014.xlsx
United Kingdom,2013,Pseudomonas aeruginosa,piperacillin,4.8,671.0,European/2014/P aeruginosa/number-p-aeruginosa-isolates-and-percentage-resistant-piperacillin-2011-2014.xlsx
United Kingdom,2014,Pseudomonas aeruginosa,piperacillin,4.8,610.0,European/2014/P aeruginosa/number-p-aeruginosa-isolates-and-percentage-resistant-piperacillin-2011-2014.xlsx
Austria,2012,Pseudomonas aeruginosa,piperacillin-tazobactam,18.2,588.0,"European/2015/Pseudomonas, Tables 3-14 to 3-20.xlsx [Table 3.14]"
Austria,2013,Pseudomonas aeruginosa,piperacillin-tazobactam,13.3,616.0,"European/2015/Pseudomonas, Tables 3-14 to 3-20.xlsx [Table 3.14]"
Austria,2014,Pseudomonas aeruginosa,piperacillin-tazobactam,11.8,636.0,"European/2015/Pseudomonas, Tables 3-14 to 3-20.xlsx [Table 3.14]"
Austria,2015,Pseudomonas aeruginosa,piperacillin-tazobactam,11.9,675.0,"European/2015/Pseudomonas, Tables 3-14 to 3-20.xlsx [Table 3.14]"
Belgium,2012,Pseudomonas aeruginosa,piperacillin-tazobactam,9.6,342.0,"European/2015/Pseudomonas, Tables 3-14 to 3-20.xlsx [Table 3.14]"
Belgium,2013,Pseudomonas aeruginosa,piperacillin-tazobactam,13.2,431.0,"European/2015/Pseudomonas, Tables 3-14 to 3-20.xlsx [Table 3.14]"
Belgium,2014,Pseudomonas aeruginosa,piperacillin-tazobactam,9.5,294.0,"European/2015/Pseudomonas, Tables 3-14 to 3-20.xlsx [Table 3.14]"
Belgium,2015,Pseudomonas aeruginosa,piperacillin-tazobactam,8.0,251.0,"European/2015/Pseudomonas, Tables 3-14 to 3-20.xlsx [Table 3.14]"
Bulgaria,2012,Pseudomonas aeruginosa,piperacillin-tazobactam,26.0,50.0,"European/2015/Pseudomonas, Tables 3-14 to 3-20.xlsx [Table 3.14]"
Bulgaria,2013,Pseudomonas aeruginosa,piperacillin-tazobactam,13.6,59.0,"European/2015/Pseudomonas, Tables 3-14 to 3-20.xlsx [Table 3.14]"
Bulgaria,2014,Pseudomonas aeruginosa,piperacillin-tazobactam,31.3,48.0,"European/2015/Pseudomonas, Tables 3-14 to 3-20.xlsx [Table 3.14]"
Bulgaria,2015,Pseudomonas aeruginosa,piperacillin-tazobactam,27.3,55.0,"European/2015/Pseudomonas, Tables 3-14 to 3-20.xlsx [Table 3.14]"
Croatia,2012,Pseudomonas aeruginosa,piperacillin-tazobactam,24.2,194.0,"European/2015/Pseudomonas, Tables 3-14 to 3-20.xlsx [Table 3.14]"
Croatia,2013,Pseudomonas aeruginosa,piperacillin-tazobactam,23.6,233.0,"European/2015/Pseudomonas, Tables 3-14 to 3-20.xlsx [Table 3.14]"
Croatia,2014,Pseudomonas aeruginosa,piperacillin-tazobactam,24.5,216.0,"European/2015/Pseudomonas, Tables 3-14 to 3-20.xlsx [Table 3.14]"
Croatia,2015,Pseudomonas aeruginosa,piperacillin-tazobactam,24.5,249.0,"European/2015/Pseudomonas, Tables 3-14 to 3-20.xlsx [Table 3.14]"
Cyprus,2012,Pseudomonas aeruginosa,piperacillin-tazobactam,10.0,50.0,"European/2015/Pseudomonas, Tables 3-14 to 3-20.xlsx [Table 3.14]"
Cyprus,2013,Pseudomonas aeruginosa,piperacillin-tazobactam,8.5,47.0,"European/2015/Pseudomonas, Tables 3-14 to 3-20.xlsx [Table 3.14]"
Cyprus,2014,Pseudomonas aeruginosa,piperacillin-tazobactam,16.7,42.0,"European/2015/Pseudomonas, Tables 3-14 to 3-20.xlsx [Table 3.14]"
Cyprus,2015,Pseudomonas aeruginosa,piperacillin-tazobactam,4.7,43.0,"European/2015/Pseudomonas, Tables 3-14 to 3-20.xlsx [Table 3.14]"
Czech Republic,2012,Pseudomonas aeruginosa,piperacillin-tazobactam,26.4,489.0,"European/2015/Pseudomonas, Tables 3-14 to 3-20.xlsx [Table 3.14]"
Czech Republic,2013,Pseudomonas aeruginosa,piperacillin-tazobactam,27.5,516.0,"European/2015/Pseudomonas, Tables 3-14 to 3-20.xlsx [Table 3.14]"
Czech Republic,2014,Pseudomonas aeruginosa,piperacillin-tazobactam,23.1,429.0,"European/2015/Pseudomonas, Tables 3-14 to 3-20.xlsx [Table 3.14]"
Czech Republic,2015,Pseudomonas aeruginosa,piperacillin-tazobactam,25.3,463.0,"European/2015/Pseudomonas, Tables 3-14 to 3-20.xlsx [Table 3.14]"
Denmark,2012,Pseudomonas aeruginosa,piperacillin-tazobactam,4.6,389.0,"European/2015/Pseudomonas, Tables 3-14 to 3-20.xlsx [Table 3.14]"
Denmark,2013,Pseudomonas aeruginosa,piperacillin-tazobactam,2.4,414.0,"European/2015/Pseudomonas, Tables 3-14 to 3-20.xlsx [Table 3.14]"
Denmark,2014,Pseudomonas aeruginosa,piperacillin-tazobactam,4.4,388.0,"European/2015/Pseudomonas, Tables 3-14 to 3-20.xlsx [Table 3.14]"
Denmark,2015,Pseudomonas aeruginosa,piperacillin-tazobactam,4.1,441.0,"European/2015/Pseudomonas, Tables 3-14 to 3-20.xlsx [Table 3.14]"
Estonia,2012,Pseudomonas aeruginosa,piperacillin-tazobactam,16.1,31.0,"European/2015/Pseudomonas, Tables 3-14 to 3-20.xlsx [Table 3.14]"
Estonia,2013,Pseudomonas aeruginosa,piperacillin-tazobactam,11.8,17.0,"European/2015/Pseudomonas, Tables 3-14 to 3-20.xlsx [Table 3.14]"
Estonia,2014,Pseudomonas aeruginosa,piperacillin-tazobactam,10.3,39.0,"European/2015/Pseudomonas, Tables 3-14 to 3-20.xlsx [Table 3.14]"
Estonia,2015,Pseudomonas aeruginosa,piperacillin-tazobactam,6.3,16.0,"European/2015/Pseudomonas, Tables 3-14 to 3-20.xlsx [Table 3.14]"
Finland,2012,Pseudomonas aeruginosa,piperacillin-tazobactam,7.6,314.0,"European/2015/Pseudomonas, Tables 3-14 to 3-20.xlsx [Table 3.14]"
Finland,2013,Pseudomonas aeruginosa,piperacillin-tazobactam,8.6,327.0,"European/2015/Pseudomonas, Tables 3-14 to 3-20.xlsx [Table 3.14]"
Finland,2014,Pseudomonas aeruginosa,piperacillin-tazobactam,6.9,306.0,"European/2015/Pseudomonas, Tables 3-14 to 3-20.xlsx [Table 3.14]"
Finland,2015,Pseudomonas aeruginosa,piperacillin-tazobactam,7.2,333.0,"European/2015/Pseudomonas, Tables 3-14 to 3-20.xlsx [Table 3.14]"
France,2012,Pseudomonas aeruginosa,piperacillin-tazobactam,19.9,1627.0,"European/2015/Pseudomonas, Tables 3-14 to 3-20.xlsx [Table 3.14]"
France,2013,Pseudomonas aeruginosa,piperacillin-tazobactam,15.4,1815.0,"European/2015/Pseudomonas, Tables 3-14 to 3-20.xlsx [Table 3.14]"
France,2014,Pseudomonas aeruginosa,piperacillin-tazobactam,17.0,1783.0,"European/2015/Pseudomonas, Tables 3-14 to 3-20.xlsx [Table 3.14]"
France,2015,Pseudomonas aeruginosa,piperacillin-tazobactam,16.1,1915.0,"European/2015/Pseudomonas, Tables 3-14 to 3-20.xlsx [Table 3.14]"
Germany,2012,Pseudomonas aeruginosa,piperacillin-tazobactam,15.5,432.0,"European/2015/Pseudomonas, Tables 3-14 to 3-20.xlsx [Table 3.14]"
Germany,2013,Pseudomonas aeruginosa,piperacillin-tazobactam,18.8,629.0,"European/2015/Pseudomonas, Tables 3-14 to 3-20.xlsx [Table 3.14]"
Germany,2014,Pseudomonas aeruginosa,piperacillin-tazobactam,17.4,642.0,"European/2015/Pseudomonas, Tables 3-14 to 3-20.xlsx [Table 3.14]"
Germany,2015,Pseudomonas aeruginosa,piperacillin-tazobactam,17.7,941.0,"European/2015/Pseudomonas, Tables 3-14 to 3-20.xlsx [Table 3.14]"
Greece,2012,Pseudomonas aeruginosa,piperacillin-tazobactam,34.3,849.0,"European/2015/Pseudomonas, Tables 3-14 to 3-20.xlsx [Table 3.14]"
Greece,2013,Pseudomonas aeruginosa,piperacillin-tazobactam,29.9,863.0,"European/2015/Pseudomonas, Tables 3-14 to 3-20.xlsx [Table 3.14]"
Greece,2014,Pseudomonas aeruginosa,piperacillin-tazobactam,31.4,666.0,"European/2015/Pseudomonas, Tables 3-14 to 3-20.xlsx [Table 3.14]"
Greece,2015,Pseudomonas aeruginosa,piperacillin-tazobactam,22.3,638.0,"European/2015/Pseudomonas, Tables 3-14 to 3-20.xlsx [Table 3.14]"
Hungary,2012,Pseudomonas aeruginosa,piperacillin-tazobactam,19.2,610.0,"European/2015/Pseudomonas, Tables 3-14 to 3-20.xlsx [Table 3.14]"
Hungary,2013,Pseudomonas aeruginosa,piperacillin-tazobactam,19.8,657.0,"European/2015/Pseudomonas, Tables 3-14 to 3-20.xlsx [Table 3.14]"
Hungary,2014,Pseudomonas aeruginosa,piperacillin-tazobactam,23.5,736.0,"European/2015/Pseudomonas, Tables 3-14 to 3-20.xlsx [Table 3.14]"
Hungary,2015,Pseudomonas aeruginosa,piperacillin-tazobactam,26.9,747.0,"European/2015/Pseudomonas, Tables 3-14 to 3-20.xlsx [Table 3.14]"
Iceland,2012,Pseudomonas aeruginosa,piperacillin-tazobactam,10.0,10.0,"European/2015/Pseudomonas, Tables 3-14 to 3-20.xlsx [Table 3.14]"
Iceland,2013,Pseudomonas aeruginosa,piperacillin-tazobactam,0.0,11.0,"European/2015/Pseudomonas, Tables 3-14 to 3-20.xlsx [Table 3.14]"
Iceland,2014,Pseudomonas aeruginosa,piperacillin-tazobactam,9.1,11.0,"European/2015/Pseudomonas, Tables 3-14 to 3-20.xlsx [Table 3.14]"
Iceland,2015,Pseudomonas aeruginosa,piperacillin-tazobactam,0.0,11.0,"European/2015/Pseudomonas, Tables 3-14 to 3-20.xlsx [Table 3.14]"
Ireland,2012,Pseudomonas aeruginosa,piperacillin-tazobactam,16.2,216.0,"European/2015/Pseudomonas, Tables 3-14 to 3-20.xlsx [Table 3.14]"
Ireland,2013,Pseudomonas aeruginosa,piperacillin-tazobactam,11.4,202.0,"European/2015/Pseudomonas, Tables 3-14 to 3-20.xlsx [Table 3.14]"
Ireland,2014,Pseudomonas aeruginosa,piperacillin-tazobactam,11.2,178.0,"European/2015/Pseudomonas, Tables 3-14 to 3-20.xlsx [Table 3.14]"
Ireland,2015,Pseudomonas aeruginosa,piperacillin-tazobactam,9.2,195.0,"European/2015/Pseudomonas, Tables 3-14 to 3-20.xlsx [Table 3.14]"
Italy,2012,Pseudomonas aeruginosa,piperacillin-tazobactam,30.1,541.0,"European/2015/Pseudomonas, Tables 3-14 to 3-20.xlsx [Table 3.14]"
Italy,2013,Pseudomonas aeruginosa,piperacillin-tazobactam,30.9,754.0,"European/2015/Pseudomonas, Tables 3-14 to 3-20.xlsx [Table 3.14]"
Italy,2014,Pseudomonas aeruginosa,piperacillin-tazobactam,31.5,686.0,"European/2015/Pseudomonas, Tables 3-14 to 3-20.xlsx [Table 3.14]"
Italy,2015,Pseudomonas aeruginosa,piperacillin-tazobactam,29.5,1074.0,"European/2015/Pseudomonas, Tables 3-14 to 3-20.xlsx [Table 3.14]"
Latvia,2012,Pseudomonas aeruginosa,piperacillin-tazobactam,17.6,17.0,"European/2015/Pseudomonas, Tables 3-14 to 3-20.xlsx [Table 3.14]"
Latvia,2013,Pseudomonas aeruginosa,piperacillin-tazobactam,20.8,24.0,"European/2015/Pseudomonas, Tables 3-14 to 3-20.xlsx [Table 3.14]"
Latvia,2014,Pseudomonas aeruginosa,piperacillin-tazobactam,66.7,3.0,"European/2015/Pseudomonas, Tables 3-14 to 3-20.xlsx [Table 3.14]"
Latvia,2015,Pseudomonas aeruginosa,piperacillin-tazobactam,23.1,13.0,"European/2015/Pseudomonas, Tables 3-14 to 3-20.xlsx [Table 3.14]"
Lithuania,2012,Pseudomonas aeruginosa,piperacillin-tazobactam,10.7,28.0,"European/2015/Pseudomonas, Tables 3-14 to 3-20.xlsx [Table 3.14]"
Lithuania,2013,Pseudomonas aeruginosa,piperacillin-tazobactam,8.6,35.0,"European/2015/Pseudomonas, Tables 3-14 to 3-20.xlsx [Table 3.14]"
Lithuania,2014,Pseudomonas aeruginosa,piperacillin-tazobactam,32.3,31.0,"European/2015/Pseudomonas, Tables 3-14 to 3-20.xlsx [Table 3.14]"
Lithuania,2015,Pseudomonas aeruginosa,piperacillin-tazobactam,29.3,41.0,"European/2015/Pseudomonas, Tables 3-14 to 3-20.xlsx [Table 3.14]"
Luxembourg,2012,Pseudomonas aeruginosa,piperacillin-tazobactam,16.1,31.0,"European/2015/Pseudomonas, Tables 3-14 to 3-20.xlsx [Table 3.14]"
Luxembourg,2013,Pseudomonas aeruginosa,piperacillin-tazobactam,11.8,34.0,"European/2015/Pseudomonas, Tables 3-14 to 3-20.xlsx [Table 3.14]"
Luxembourg,2014,Pseudomonas aeruginosa,piperacillin-tazobactam,10.8,37.0,"European/2015/Pseudomonas, Tables 3-14 to 3-20.xlsx [Table 3.14]"
Luxembourg,2015,Pseudomonas aeruginosa,piperacillin-tazobactam,0.0,27.0,"European/2015/Pseudomonas, Tables 3-14 to 3-20.xlsx [Table 3.14]"
Malta,2012,Pseudomonas aeruginosa,piperacillin-tazobactam,9.7,31.0,"European/2015/Pseudomonas, Tables 3-14 to 3-20.xlsx [Table 3.14]"
Malta,2013,Pseudomonas aeruginosa,piperacillin-tazobactam,20.8,24.0,"European/2015/Pseudomonas, Tables 3-14 to 3-20.xlsx [Table 3.14]"
Malta,2014,Pseudomonas aeruginosa,piperacillin-tazobactam,10.5,38.0,"European/2015/Pseudomonas, Tables 3-14 to 3-20.xlsx [Table 3.14]"
Malta,2015,Pseudomonas aeruginosa,piperacillin-tazobactam,16.0,25.0,"European/2015/Pseudomonas, Tables 3-14 to 3-20.xlsx [Table 3.14]"
Netherlands,2012,Pseudomonas aeruginosa,piperacillin-tazobactam,5.2,386.0,"European/2015/Pseudomonas, Tables 3-14 to 3-20.xlsx [Table 3.14]"
Netherlands,2013,Pseudomonas aeruginosa,piperacillin-tazobactam,6.6,381.0,"European/2015/Pseudomonas, Tables 3-14 to 3-20.xlsx [Table 3.14]"
Netherlands,2014,Pseudomonas aeruginosa,piperacillin-tazobactam,8.1,530.0,"European/2015/Pseudomonas, Tables 3-14 to 3-20.xlsx [Table 3.14]"
Netherlands,2015,Pseudomonas aeruginosa,piperacillin-tazobactam,6.5,494.0,"European/2015/Pseudomonas, Tables 3-14 to 3-20.xlsx [Table 3.14]"
Norway,2012,Pseudomonas aeruginosa,piperacillin-tazobactam,7.1,198.0,"European/2015/Pseudomonas, Tables 3-14 to 3-20.xlsx [Table 3.14]"
Norway,2013,Pseudomonas aeruginosa,piperacillin-tazobactam,9.1,198.0,"European/2015/Pseudomonas, Tables 3-14 to 3-20.xlsx [Table 3.14]"
Norway,2014,Pseudomonas aeruginosa,piperacillin-tazobactam,7.9,254.0,"European/2015/Pseudomonas, Tables 3-14 to 3-20.xlsx [Table 3.14]"
Norway,2015,Pseudomonas aeruginosa,piperacillin-tazobactam,5.7,227.0,"European/2015/Pseudomonas, Tables 3-14 to 3-20.xlsx [Table 3.14]"
Poland,2012,Pseudomonas aeruginosa,piperacillin-tazobactam,30.0,160.0,"European/2015/Pseudomonas, Tables 3-14 to 3-20.xlsx [Table 3.14]"
Poland,2013,Pseudomonas aeruginosa,piperacillin-tazobactam,31.6,171.0,"European/2015/Pseudomonas, Tables 3-14 to 3-20.xlsx [Table 3.14]"
Poland,2014,Pseudomonas aeruginosa,piperacillin-tazobactam,32.4,185.0,"European/2015/Pseudomonas, Tables 3-14 to 3-20.xlsx [Table 3.14]"
Poland,2015,Pseudomonas aeruginosa,piperacillin-tazobactam,37.8,249.0,"European/2015/Pseudomonas, Tables 3-14 to 3-20.xlsx [Table 3.14]"
Portugal,2012,Pseudomonas aeruginosa,piperacillin-tazobactam,19.8,586.0,"European/2015/Pseudomonas, Tables 3-14 to 3-20.xlsx [Table 3.14]"
Portugal,2013,Pseudomonas aeruginosa,piperacillin-tazobactam,24.1,87.0,"European/2015/Pseudomonas, Tables 3-14 to 3-20.xlsx [Table 3.14]"
Portugal,2014,Pseudomonas aeruginosa,piperacillin-tazobactam,28.5,1061.0,"European/2015/Pseudomonas, Tables 3-14 to 3-20.xlsx [Table 3.14]"
Portugal,2015,Pseudomonas aeruginosa,piperacillin-tazobactam,24.5,1176.0,"European/2015/Pseudomonas, Tables 3-14 to 3-20.xlsx [Table 3.14]"
Romania,2012,Pseudomonas aeruginosa,piperacillin-tazobactam,50.0,44.0,"European/2015/Pseudomonas, Tables 3-14 to 3-20.xlsx [Table 3.14]"
Romania,2013,Pseudomonas aeruginosa,piperacillin-tazobactam,55.0,80.0,"European/2015/Pseudomonas, Tables 3-14 to 3-20.xlsx [Table 3.14]"
Romania,2014,Pseudomonas aeruginosa,piperacillin-tazobactam,62.2,90.0,"European/2015/Pseudomonas, Tables 3-14 to 3-20.xlsx [Table 3.14]"
Romania,2015,Pseudomonas aeruginosa,piperacillin-tazobactam,59.0,78.0,"European/2015/Pseudomonas, Tables 3-14 to 3-20.xlsx [Table 3.14]"
Slovakia,2012,Pseudomonas aeruginosa,piperacillin-tazobactam,38.5,195.0,"European/2015/Pseudomonas, Tables 3-14 to 3-20.xlsx [Table 3.14]"
Slovakia,2013,Pseudomonas aeruginosa,piperacillin-tazobactam,41.5,265.0,"European/2015/Pseudomonas, Tables 3-14 to 3-20.xlsx [Table 3.14]"
Slovakia,2014,Pseudomonas aeruginosa,piperacillin-tazobactam,36.1,269.0,"European/2015/Pseudomonas, Tables 3-14 to 3-20.xlsx [Table 3.14]"
Slovakia,2015,Pseudomonas aeruginosa,piperacillin-tazobactam,42.4,257.0,"European/2015/Pseudomonas, Tables 3-14 to 3-20.xlsx [Table 3.14]"
Slovenia,2012,Pseudomonas aeruginosa,piperacillin-tazobactam,7.5,134.0,"European/2015/Pseudomonas, Tables 3-14 to 3-20.xlsx [Table 3.14]"
Slovenia,2013,Pseudomonas aeruginosa,piperacillin-tazobactam,13.5,133.0,"European/2015/Pseudomonas, Tables 3-14 to 3-20.xlsx [Table 3.14]"
Slovenia,2014,Pseudomonas aeruginosa,piperacillin-tazobactam,25.9,112.0,"European/2015/Pseudomonas, Tables 3-14 to 3-20.xlsx [Table 3.14]"
Slovenia,2015,Pseudomonas aeruginosa,piperacillin-tazobactam,9.9,141.0,"European/2015/Pseudomonas, Tables 3-14 to 3-20.xlsx [Table 3.14]"
Spain,2012,Pseudomonas aeruginosa,piperacillin-tazobactam,6.7,835.0,"European/2015/Pseudomonas, Tables 3-14 to 3-20.xlsx [Table 3.14]"
Spain,2013,Pseudomonas aeruginosa,piperacillin-tazobactam,8.6,818.0,"European/2015/Pseudomonas, Tables 3-14 to 3-20.xlsx [Table 3.14]"
Spain,2014,Pseudomonas aeruginosa,piperacillin-tazobactam,7.8,870.0,"European/2015/Pseudomonas, Tables 3-14 to 3-20.xlsx [Table 3.14]"
Spain,2015,Pseudomonas aeruginosa,piperacillin-tazobactam,9.1,871.0,"European/2015/Pseudomonas, Tables 3-14 to 3-20.xlsx [Table 3.14]"
Sweden,2012,Pseudomonas aeruginosa,piperacillin-tazobactam,5.9,271.0,"European/2015/Pseudomonas, Tables 3-14 to 3-20.xlsx [Table 3.14]"
Sweden,2013,Pseudomonas aeruginosa,piperacillin-tazobactam,7.3,531.0,"European/2015/Pseudomonas, Tables 3-14 to 3-20.xlsx [Table 3.14]"
Sweden,2014,Pseudomonas aeruginosa,piperacillin-tazobactam,4.7,337.0,"European/2015/Pseudomonas, Tables 3-14 to 3-20.xlsx [Table 3.14]"
Sweden,2015,Pseudomonas aeruginosa,piperacillin-tazobactam,5.8,399.0,"European/2015/Pseudomonas, Tables 3-14 to 3-20.xlsx [Table 3.14]"
United Kingdom,2012,Pseudomonas aeruginosa,piperacillin-tazobactam,3.1,636.0,"European/2015/Pseudomonas, Tables 3-14 to 3-20.xlsx [Table 3.14]"
United Kingdom,2013,Pseudomonas aeruginosa,piperacillin-tazobactam,4.8,671.0,"European/2015/Pseudomonas, Tables 3-14 to 3-20.xlsx [Table 3.14]"
United Kingdom,2014,Pseudomonas aeruginosa,piperacillin-tazobactam,4.8,610.0,"European/2015/Pseudomonas, Tables 3-14 to 3-20.xlsx [Table 3.14]"
United Kingdom,2015,Pseudomonas aeruginosa,piperacillin-tazobactam,10.3,493.0,"European/2015/Pseudomonas, Tables 3-14 to 3-20.xlsx [Table 3.14]"
Austria,2012,Pseudomonas aeruginosa,unknown,10.4,595.0,"European/2015/Pseudomonas, Tables 3-14 to 3-20.xlsx [Table 3.19]"
Austria,2013,Pseudomonas aeruginosa,unknown,8.3,617.0,"European/2015/Pseudomonas, Tables 3-14 to 3-20.xlsx [Table 3.19]"
Austria,2014,Pseudomonas aeruginosa,unknown,7.1,638.0,"European/2015/Pseudomonas, Tables 3-14 to 3-20.xlsx [Table 3.19]"
Austria,2015,Pseudomonas aeruginosa,unknown,6.8,680.0,"European/2015/Pseudomonas, Tables 3-14 to 3-20.xlsx [Table 3.19]"
Belgium,2012,Pseudomonas aeruginosa,unknown,9.0,335.0,"European/2015/Pseudomonas, Tables 3-14 to 3-20.xlsx [Table 3.19]"
Belgium,2013,Pseudomonas aeruginosa,unknown,10.9,486.0,"European/2015/Pseudomonas, Tables 3-14 to 3-20.xlsx [Table 3.19]"
Belgium,2014,Pseudomonas aeruginosa,unknown,8.4,297.0,"European/2015/Pseudomonas, Tables 3-14 to 3-20.xlsx [Table 3.19]"
Belgium,2015,Pseudomonas aeruginosa,unknown,4.6,260.0,"European/2015/Pseudomonas, Tables 3-14 to 3-20.xlsx [Table 3.19]"
Bulgaria,2012,Pseudomonas aeruginosa,unknown,30.8,52.0,"European/2015/Pseudomonas, Tables 3-14 to 3-20.xlsx [Table 3.19]"
Bulgaria,2013,Pseudomonas aeruginosa,unknown,8.3,60.0,"European/2015/Pseudomonas, Tables 3-14 to 3-20.xlsx [Table 3.19]"
Bulgaria,2014,Pseudomonas aeruginosa,unknown,29.2,48.0,"European/2015/Pseudomonas, Tables 3-14 to 3-20.xlsx [Table 3.19]"
Bulgaria,2015,Pseudomonas aeruginosa,unknown,29.1,55.0,"European/2015/Pseudomonas, Tables 3-14 to 3-20.xlsx [Table 3.19]"
Croatia,2012,Pseudomonas aeruginosa,unknown,23.4,197.0,"European/2015/Pseudomonas, Tables 3-14 to 3-20.xlsx [Table 3.19]"
Croatia,2013,Pseudomonas aeruginosa,unknown,18.4,244.0,"European/2015/Pseudomonas, Tables 3-14 to 3-20.xlsx [Table 3.19]"
Croatia,2014,Pseudomonas aeruginosa,unknown,31.5,232.0,"European/2015/Pseudomonas, Tables 3-14 to 3-20.xlsx [Table 3.19]"
Croatia,2015,Pseudomonas aeruginosa,unknown,28.0,257.0,"European/2015/Pseudomonas, Tables 3-14 to 3-20.xlsx [Table 3.19]"
Cyprus,2012,Pseudomonas aeruginosa,unknown,17.3,52.0,"European/2015/Pseudomonas, Tables 3-14 to 3-20.xlsx [Table 3.19]"
Cyprus,2013,Pseudomonas aeruginosa,unknown,4.3,47.0,"European/2015/Pseudomonas, Tables 3-14 to 3-20.xlsx [Table 3.19]"
Cyprus,2014,Pseudomonas aeruginosa,unknown,14.3,42.0,"European/2015/Pseudomonas, Tables 3-14 to 3-20.xlsx [Table 3.19]"
Cyprus,2015,Pseudomonas aeruginosa,unknown,2.3,43.0,"European/2015/Pseudomonas, Tables 3-14 to 3-20.xlsx [Table 3.19]"
Czech Republic,2012,Pseudomonas aeruginosa,unknown,21.3,489.0,"European/2015/Pseudomonas, Tables 3-14 to 3-20.xlsx [Table 3.19]"
Czech Republic,2013,Pseudomonas aeruginosa,unknown,23.3,516.0,"European/2015/Pseudomonas, Tables 3-14 to 3-20.xlsx [Table 3.19]"
Czech Republic,2014,Pseudomonas aeruginosa,unknown,20.2,446.0,"European/2015/Pseudomonas, Tables 3-14 to 3-20.xlsx [Table 3.19]"
Czech Republic,2015,Pseudomonas aeruginosa,unknown,19.0,464.0,"European/2015/Pseudomonas, Tables 3-14 to 3-20.xlsx [Table 3.19]"
Denmark,2012,Pseudomonas aeruginosa,unknown,1.8,388.0,"European/2015/Pseudomonas, Tables 3-14 to 3-20.xlsx [Table 3.19]"
Denmark,2013,Pseudomonas aeruginosa,unknown,1.7,414.0,"European/2015/Pseudomonas, Tables 3-14 to 3-20.xlsx [Table 3.19]"
Denmark,2014,Pseudomonas aeruginosa,unknown,1.5,388.0,"European/2015/Pseudomonas, Tables 3-14 to 3-20.xlsx [Table 3.19]"
Denmark,2015,Pseudomonas aeruginosa,unknown,2.3,441.0,"European/2015/Pseudomonas, Tables 3-14 to 3-20.xlsx [Table 3.19]"
Estonia,2012,Pseudomonas aeruginosa,unknown,9.1,33.0,"European/2015/Pseudomonas, Tables 3-14 to 3-20.xlsx [Table 3.19]"
Estonia,2013,Pseudomonas aeruginosa,unknown,0.0,21.0,"European/2015/Pseudomonas, Tables 3-14 to 3-20.xlsx [Table 3.19]"
Estonia,2014,Pseudomonas aeruginosa,unknown,0.0,40.0,"European/2015/Pseudomonas, Tables 3-14 to 3-20.xlsx [Table 3.19]"
Estonia,2015,Pseudomonas aeruginosa,unknown,0.0,15.0,"European/2015/Pseudomonas, Tables 3-14 to 3-20.xlsx [Table 3.19]"
Finland,2012,Pseudomonas aeruginosa,unknown,4.6,327.0,"European/2015/Pseudomonas, Tables 3-14 to 3-20.xlsx [Table 3.19]"
Finland,2013,Pseudomonas aeruginosa,unknown,4.6,327.0,"European/2015/Pseudomonas, Tables 3-14 to 3-20.xlsx [Table 3.19]"
Finland,2014,Pseudomonas aeruginosa,unknown,3.9,306.0,"European/2015/Pseudomonas, Tables 3-14 to 3-20.xlsx [Table 3.19]"
Finland,2015,Pseudomonas aeruginosa,unknown,4.7,341.0,"European/2015/Pseudomonas, Tables 3-14 to 3-20.xlsx [Table 3.19]"
France,2012,Pseudomonas aeruginosa,unknown,14.7,1723.0,"European/2015/Pseudomonas, Tables 3-14 to 3-20.xlsx [Table 3.19]"
France,2013,Pseudomonas aeruginosa,unknown,12.5,1869.0,"European/2015/Pseudomonas, Tables 3-14 to 3-20.xlsx [Table 3.19]"
France,2014,Pseudomonas aeruginosa,unknown,13.2,1784.0,"European/2015/Pseudomonas, Tables 3-14 to 3-20.xlsx [Table 3.19]"
France,2015,Pseudomonas aeruginosa,unknown,12.0,1940.0,"European/2015/Pseudomonas, Tables 3-14 to 3-20.xlsx [Table 3.19]"
Germany,2012,Pseudomonas aeruginosa,unknown,8.4,438.0,"European/2015/Pseudomonas, Tables 3-14 to 3-20.xlsx [Table 3.19]"
Germany,2013,Pseudomonas aeruginosa,unknown,9.2,630.0,"European/2015/Pseudomonas, Tables 3-14 to 3-20.xlsx [Table 3.19]"
Germany,2014,Pseudomonas aeruginosa,unknown,8.9,643.0,"European/2015/Pseudomonas, Tables 3-14 to 3-20.xlsx [Table 3.19]"
Germany,2015,Pseudomonas aeruginosa,unknown,8.2,941.0,"European/2015/Pseudomonas, Tables 3-14 to 3-20.xlsx [Table 3.19]"
Greece,2012,Pseudomonas aeruginosa,unknown,39.8,896.0,"European/2015/Pseudomonas, Tables 3-14 to 3-20.xlsx [Table 3.19]"
Greece,2013,Pseudomonas aeruginosa,unknown,39.1,859.0,"European/2015/Pseudomonas, Tables 3-14 to 3-20.xlsx [Table 3.19]"
Greece,2014,Pseudomonas aeruginosa,unknown,36.1,679.0,"European/2015/Pseudomonas, Tables 3-14 to 3-20.xlsx [Table 3.19]"
Greece,2015,Pseudomonas aeruginosa,unknown,28.4,666.0,"European/2015/Pseudomonas, Tables 3-14 to 3-20.xlsx [Table 3.19]"
Hungary,2012,Pseudomonas aeruginosa,unknown,17.6,619.0,"European/2015/Pseudomonas, Tables 3-14 to 3-20.xlsx [Table 3.19]"
Hungary,2013,Pseudomonas aeruginosa,unknown,18.7,667.0,"European/2015/Pseudomonas, Tables 3-14 to 3-20.xlsx [Table 3.19]"
Hungary,2014,Pseudomonas aeruginosa,unknown,21.7,746.0,"European/2015/Pseudomonas, Tables 3-14 to 3-20.xlsx [Table 3.19]"
Hungary,2015,Pseudomonas aeruginosa,unknown,20.9,770.0,"European/2015/Pseudomonas, Tables 3-14 to 3-20.xlsx [Table 3.19]"
Iceland,2012,Pseudomonas aeruginosa,unknown,10.0,10.0,"European/2015/Pseudomonas, Tables 3-14 to 3-20.xlsx [Table 3.19]"
Iceland,2013,Pseudomonas aeruginosa,unknown,0.0,11.0,"European/2015/Pseudomonas, Tables 3-14 to 3-20.xlsx [Table 3.19]"
Iceland,2014,Pseudomonas aeruginosa,unknown,0.0,11.0,"European/2015/Pseudomonas, Tables 3-14 to 3-20.xlsx [Table 3.19]"
Iceland,2015,Pseudomonas aeruginosa,unknown,0.0,12.0,"European/2015/Pseudomonas, Tables 3-14 to 3-20.xlsx [Table 3.19]"
Ireland,2012,Pseudomonas aeruginosa,unknown,10.2,215.0,"European/2015/Pseudomonas, Tables 3-14 to 3-20.xlsx [Table 3.19]"
Ireland,2013,Pseudomonas aeruginosa,unknown,7.3,205.0,"European/2015/Pseudomonas, Tables 3-14 to 3-20.xlsx [Table 3.19]"
Ireland,2014,Pseudomonas aeruginosa,unknown,5.6,178.0,"European/2015/Pseudomonas, Tables 3-14 to 3-20.xlsx [Table 3.19]"
Ireland,2015,Pseudomonas aeruginosa,unknown,5.1,195.0,"European/2015/Pseudomonas, Tables 3-14 to 3-20.xlsx [Table 3.19]"
Italy,2012,Pseudomonas aeruginosa,unknown,23.7,645.0,"European/2015/Pseudomonas, Tables 3-14 to 3-20.xlsx [Table 3.19]"
Italy,2013,Pseudomonas aeruginosa,unknown,24.3,774.0,"European/2015/Pseudomonas, Tables 3-14 to 3-20.xlsx [Table 3.19]"
Italy,2014,Pseudomonas aeruginosa,unknown,22.9,746.0,"European/2015/Pseudomonas, Tables 3-14 to 3-20.xlsx [Table 3.19]"
Italy,2015,Pseudomonas aeruginosa,unknown,20.0,1082.0,"European/2015/Pseudomonas, Tables 3-14 to 3-20.xlsx [Table 3.19]"
Latvia,2012,Pseudomonas aeruginosa,unknown,11.1,18.0,"European/2015/Pseudomonas, Tables 3-14 to 3-20.xlsx [Table 3.19]"
Latvia,2013,Pseudomonas aeruginosa,unknown,24.0,25.0,"European/2015/Pseudomonas, Tables 3-14 to 3-20.xlsx [Table 3.19]"
Latvia,2014,Pseudomonas aeruginosa,unknown,11.1,18.0,"European/2015/Pseudomonas, Tables 3-14 to 3-20.xlsx [Table 3.19]"
Latvia,2015,Pseudomonas aeruginosa,unknown,15.4,13.0,"European/2015/Pseudomonas, Tables 3-14 to 3-20.xlsx [Table 3.19]"
Lithuania,2012,Pseudomonas aeruginosa,unknown,14.3,28.0,"European/2015/Pseudomonas, Tables 3-14 to 3-20.xlsx [Table 3.19]"
Lithuania,2013,Pseudomonas aeruginosa,unknown,8.1,37.0,"European/2015/Pseudomonas, Tables 3-14 to 3-20.xlsx [Table 3.19]"
Lithuania,2014,Pseudomonas aeruginosa,unknown,25.8,31.0,"European/2015/Pseudomonas, Tables 3-14 to 3-20.xlsx [Table 3.19]"
Lithuania,2015,Pseudomonas aeruginosa,unknown,24.4,41.0,"European/2015/Pseudomonas, Tables 3-14 to 3-20.xlsx [Table 3.19]"
Luxembourg,2012,Pseudomonas aeruginosa,unknown,6.5,31.0,"European/2015/Pseudomonas, Tables 3-14 to 3-20.xlsx [Table 3.19]"
Luxembourg,2013,Pseudomonas aeruginosa,unknown,5.9,34.0,"European/2015/Pseudomonas, Tables 3-14 to 3-20.xlsx [Table 3.19]"
Luxembourg,2014,Pseudomonas aeruginosa,unknown,4.9,41.0,"European/2015/Pseudomonas, Tables 3-14 to 3-20.xlsx [Table 3.19]"
Luxembourg,2015,Pseudomonas aeruginosa,unknown,3.6,28.0,"European/2015/Pseudomonas, Tables 3-14 to 3-20.xlsx [Table 3.19]"
Malta,2012,Pseudomonas aeruginosa,unknown,0.0,31.0,"European/2015/Pseudomonas, Tables 3-14 to 3-20.xlsx [Table 3.19]"
Malta,2013,Pseudomonas aeruginosa,unknown,8.0,25.0,"European/2015/Pseudomonas, Tables 3-14 to 3-20.xlsx [Table 3.19]"
Malta,2014,Pseudomonas aeruginosa,unknown,7.9,38.0,"European/2015/Pseudomonas, Tables 3-14 to 3-20.xlsx [Table 3.19]"
Malta,2015,Pseudomonas aeruginosa,unknown,12.0,25.0,"European/2015/Pseudomonas, Tables 3-14 to 3-20.xlsx [Table 3.19]"
Netherlands,2012,Pseudomonas aeruginosa,unknown,2.5,402.0,"European/2015/Pseudomonas, Tables 3-14 to 3-20.xlsx [Table 3.19]"
Netherlands,2013,Pseudomonas aeruginosa,unknown,2.4,375.0,"European/2015/Pseudomonas, Tables 3-14 to 3-20.xlsx [Table 3.19]"
Netherlands,2014,Pseudomonas aeruginosa,unknown,2.8,542.0,"European/2015/Pseudomonas, Tables 3-14 to 3-20.xlsx [Table 3.19]"
Netherlands,2015,Pseudomonas aeruginosa,unknown,2.8,502.0,"European/2015/Pseudomonas, Tables 3-14 to 3-20.xlsx [Table 3.19]"
Norway,2012,Pseudomonas aeruginosa,unknown,3.3,209.0,"European/2015/Pseudomonas, Tables 3-14 to 3-20.xlsx [Table 3.19]"
Norway,2013,Pseudomonas aeruginosa,unknown,3.4,205.0,"European/2015/Pseudomonas, Tables 3-14 to 3-20.xlsx [Table 3.19]"
Norway,2014,Pseudomonas aeruginosa,unknown,1.6,257.0,"European/2015/Pseudomonas, Tables 3-14 to 3-20.xlsx [Table 3.19]"
Norway,2015,Pseudomonas aeruginosa,unknown,1.3,230.0,"European/2015/Pseudomonas, Tables 3-14 to 3-20.xlsx [Table 3.19]"
Poland,2012,Pseudomonas aeruginosa,unknown,21.5,177.0,"European/2015/Pseudomonas, Tables 3-14 to 3-20.xlsx [Table 3.19]"
Poland,2013,Pseudomonas aeruginosa,unknown,14.4,188.0,"European/2015/Pseudomonas, Tables 3-14 to 3-20.xlsx [Table 3.19]"
Poland,2014,Pseudomonas aeruginosa,unknown,26.7,187.0,"European/2015/Pseudomonas, Tables 3-14 to 3-20.xlsx [Table 3.19]"
Poland,2015,Pseudomonas aeruginosa,unknown,29.6,260.0,"European/2015/Pseudomonas, Tables 3-14 to 3-20.xlsx [Table 3.19]"
Portugal,2012,Pseudomonas aeruginosa,unknown,18.1,587.0,"European/2015/Pseudomonas, Tables 3-14 to 3-20.xlsx [Table 3.19]"
Portugal,2013,Pseudomonas aeruginosa,unknown,11.9,737.0,"European/2015/Pseudomonas, Tables 3-14 to 3-20.xlsx [Table 3.19]"
Portugal,2014,Pseudomonas aeruginosa,unknown,20.6,1064.0,"European/2015/Pseudomonas, Tables 3-14 to 3-20.xlsx [Table 3.19]"
Portugal,2015,Pseudomonas aeruginosa,unknown,11.8,1186.0,"European/2015/Pseudomonas, Tables 3-14 to 3-20.xlsx [Table 3.19]"
Romania,2012,Pseudomonas aeruginosa,unknown,48.9,45.0,"European/2015/Pseudomonas, Tables 3-14 to 3-20.xlsx [Table 3.19]"
Romania,2013,Pseudomonas aeruginosa,unknown,50.0,82.0,"European/2015/Pseudomonas, Tables 3-14 to 3-20.xlsx [Table 3.19]"
Romania,2014,Pseudomonas aeruginosa,unknown,59.6,94.0,"European/2015/Pseudomonas, Tables 3-14 to 3-20.xlsx [Table 3.19]"
Romania,2015,Pseudomonas aeruginosa,unknown,63.0,92.0,"European/2015/Pseudomonas, Tables 3-14 to 3-20.xlsx [Table 3.19]"
Slovakia,2012,Pseudomonas aeruginosa,unknown,39.2,199.0,"European/2015/Pseudomonas, Tables 3-14 to 3-20.xlsx [Table 3.19]"
Slovakia,2013,Pseudomonas aeruginosa,unknown,36.1,285.0,"European/2015/Pseudomonas, Tables 3-14 to 3-20.xlsx [Table 3.19]"
Slovakia,2014,Pseudomonas aeruginosa,unknown,37.3,268.0,"European/2015/Pseudomonas, Tables 3-14 to 3-20.xlsx [Table 3.19]"
Slovakia,2015,Pseudomonas aeruginosa,unknown,40.7,270.0,"European/2015/Pseudomonas, Tables 3-14 to 3-20.xlsx [Table 3.19]"
Slovenia,2012,Pseudomonas aeruginosa,unknown,7.5,134.0,"European/2015/Pseudomonas, Tables 3-14 to 3-20.xlsx [Table 3.19]"
Slovenia,2013,Pseudomonas aeruginosa,unknown,11.3,133.0,"European/2015/Pseudomonas, Tables 3-14 to 3-20.xlsx [Table 3.19]"
Slovenia,2014,Pseudomonas aeruginosa,unknown,18.8,112.0,"European/2015/Pseudomonas, Tables 3-14 to 3-20.xlsx [Table 3.19]"
Slovenia,2015,Pseudomonas aeruginosa,unknown,7.1,141.0,"European/2015/Pseudomonas, Tables 3-14 to 3-20.xlsx [Table 3.19]"
Spain,2012,Pseudomonas aeruginosa,unknown,10.8,853.0,"European/2015/Pseudomonas, Tables 3-14 to 3-20.xlsx [Table 3.19]"
Spain,2013,Pseudomonas aeruginosa,unknown,12.2,825.0,"European/2015/Pseudomonas, Tables 3-14 to 3-20.xlsx [Table 3.19]"
Spain,2014,Pseudomonas aeruginosa,unknown,12.4,873.0,"European/2015/Pseudomonas, Tables 3-14 to 3-20.xlsx [Table 3.19]"
Spain,2015,Pseudomonas aeruginosa,unknown,14.2,874.0,"European/2015/Pseudomonas, Tables 3-14 to 3-20.xlsx [Table 3.19]"
Sweden,2012,Pseudomonas aeruginosa,unknown,3.4,357.0,"European/2015/Pseudomonas, Tables 3-14 to 3-20.xlsx [Table 3.19]"
Sweden,2013,Pseudomonas aeruginosa,unknown,4.1,531.0,"European/2015/Pseudomonas, Tables 3-14 to 3-20.xlsx [Table 3.19]"
Sweden,2014,Pseudomonas aeruginosa,unknown,1.6,436.0,"European/2015/Pseudomonas, Tables 3-14 to 3-20.xlsx [Table 3.19]"
Sweden,2015,Pseudomonas aeruginosa,unknown,2.6,386.0,"European/2015/Pseudomonas, Tables 3-14 to 3-20.xlsx [Table 3.19]"
United Kingdom,2012,Pseudomonas aeruginosa,unknown,1.7,666.0,"European/2015/Pseudomonas, Tables 3-14 to 3-20.xlsx [Table 3.19]"
United Kingdom,2013,Pseudomonas aeruginosa,unknown,2.4,711.0,"European/2015/Pseudomonas, Tables 3-14 to 3-20.xlsx [Table 3.19]"
United Kingdom,2014,Pseudomonas aeruginosa,unknown,1.6,627.0,"European/2015/Pseudomonas, Tables 3-14 to 3-20.xlsx [Table 3.19]"
United Kingdom,2015,Pseudomonas aeruginosa,unknown,3.8,501.0,"European/2015/Pseudomonas, Tables 3-14 to 3-20.xlsx [Table 3.19]"
Austria,2010,Staphylococcus aureus,meticillin,7.4,1813.0,European/2013/Downloadables/S aureus/number-s-aureus-isolates-and-percentage-resistant-meticilin-2010-2013.xlsx
Austria,2011,Staphylococcus aureus,meticillin,7.4,1966.0,European/2014/S aureus/number-s-aureus-isolates-and-percentage-resistant-meticilin-2011-2014.xlsx
Austria,2012,Staphylococcus aureus,meticillin,7.7,2164.0,European/2014/S aureus/number-s-aureus-isolates-and-percentage-resistant-meticilin-2011-2014.xlsx
Austria,2013,Staphylococcus aureus,meticillin,9.2,2534.0,European/2014/S aureus/number-s-aureus-isolates-and-percentage-resistant-meticilin-2011-2014.xlsx
Austria,2014,Staphylococcus aureus,meticillin,7.8,2651.0,European/2014/S aureus/number-s-aureus-isolates-and-percentage-resistant-meticilin-2011-2014.xlsx
Belgium,2010,Staphylococcus aureus,meticillin,20.5,1057.0,European/2013/Downloadables/S aureus/number-s-aureus-isolates-and-percentage-resistant-meticilin-2010-2013.xlsx
Belgium,2011,Staphylococcus aureus,meticillin,17.4,1744.0,European/2014/S aureus/number-s-aureus-isolates-and-percentage-resistant-meticilin-2011-2014.xlsx
Belgium,2012,Staphylococcus aureus,meticillin,16.6,1568.0,European/2014/S aureus/number-s-aureus-isolates-and-percentage-resistant-meticilin-2011-2014.xlsx
Belgium,2013,Staphylococcus aureus,meticillin,16.9,1612.0,European/2014/S aureus/number-s-aureus-isolates-and-percentage-resistant-meticilin-2011-2014.xlsx
Belgium,2014,Staphylococcus aureus,meticillin,13.4,988.0,European/2014/S aureus/number-s-aureus-isolates-and-percentage-resistant-meticilin-2011-2014.xlsx
Bulgaria,2010,Staphylococcus aureus,meticillin,19.0,200.0,European/2013/Downloadables/S aureus/number-s-aureus-isolates-and-percentage-resistant-meticilin-2010-2013.xlsx
Bulgaria,2011,Staphylococcus aureus,meticillin,22.4,214.0,European/2014/S aureus/number-s-aureus-isolates-and-percentage-resistant-meticilin-2011-2014.xlsx
Bulgaria,2012,Staphylococcus aureus,meticillin,19.8,227.0,European/2014/S aureus/number-s-aureus-isolates-and-percentage-resistant-meticilin-2011-2014.xlsx
Bulgaria,2013,Staphylococcus aureus,meticillin,19.2,214.0,European/2014/S aureus/number-s-aureus-isolates-and-percentage-resistant-meticilin-2011-2014.xlsx
Bulgaria,2014,Staphylococcus aureus,meticillin,20.8,216.0,European/2014/S aureus/number-s-aureus-isolates-and-percentage-resistant-meticilin-2011-2014.xlsx
Croatia,2010,Staphylococcus aureus,meticillin,26.1,357.0,European/2013/Downloadables/S aureus/number-s-aureus-isolates-and-percentage-resistant-meticilin-2010-2013.xlsx
Croatia,2011,Staphylococcus aureus,meticillin,27.7,415.0,European/2014/S aureus/number-s-aureus-isolates-and-percentage-resistant-meticilin-2011-2014.xlsx
Croatia,2012,Staphylococcus aureus,meticillin,21.3,403.0,European/2014/S aureus/number-s-aureus-isolates-and-percentage-resistant-meticilin-2011-2014.xlsx
Croatia,2013,Staphylococcus aureus,meticillin,24.0,520.0,European/2014/S aureus/number-s-aureus-isolates-and-percentage-resistant-meticilin-2011-2014.xlsx
Croatia,2014,Staphylococcus aureus,meticillin,21.3,484.0,European/2014/S aureus/number-s-aureus-isolates-and-percentage-resistant-meticilin-2011-2014.xlsx
Cyprus,2010,Staphylococcus aureus,meticillin,32.3,99.0,European/2013/Downloadables/S aureus/number-s-aureus-isolates-and-percentage-resistant-meticilin-2010-2013.xlsx
Cyprus,2011,Staphylococcus aureus,meticillin,41.6,113.0,European/2014/S aureus/number-s-aureus-isolates-and-percentage-resistant-meticilin-2011-2014.xlsx
Cyprus,2012,Staphylococcus aureus,meticillin,35.2,165.0,European/2014/S aureus/number-s-aureus-isolates-and-percentage-resistant-meticilin-2011-2014.xlsx
Cyprus,2013,Staphylococcus aureus,meticillin,32.5,157.0,European/2014/S aureus/number-s-aureus-isolates-and-percentage-resistant-meticilin-2011-2014.xlsx
Cyprus,2014,Staphylococcus aureus,meticillin,36.0,136.0,European/2014/S aureus/number-s-aureus-isolates-and-percentage-resistant-meticilin-2011-2014.xlsx
Czech Republic,2010,Staphylococcus aureus,meticillin,13.5,1593.0,European/2013/Downloadables/S aureus/number-s-aureus-isolates-and-percentage-resistant-meticilin-2010-2013.xlsx
Czech Republic,2011,Staphylococcus aureus,meticillin,14.5,1555.0,European/2014/S aureus/number-s-aureus-isolates-and-percentage-resistant-meticilin-2011-2014.xlsx
Czech Republic,2012,Staphylococcus aureus,meticillin,13.0,1611.0,European/2014/S aureus/number-s-aureus-isolates-and-percentage-resistant-meticilin-2011-2014.xlsx
Czech Republic,2013,Staphylococcus aureus,meticillin,13.2,1707.0,European/2014/S aureus/number-s-aureus-isolates-and-percentage-resistant-meticilin-2011-2014.xlsx
Czech Republic,2014,Staphylococcus aureus,meticillin,13.0,1695.0,European/2014/S aureus/number-s-aureus-isolates-and-percentage-resistant-meticilin-2011-2014.xlsx
Denmark,2010,Staphylococcus aureus,meticillin,1.3,1362.0,European/2013/Downloadables/S aureus/number-s-aureus-isolates-and-percentage-resistant-meticilin-2010-2013.xlsx
Denmark,2011,Staphylococcus aureus,meticillin,1.2,1452.0,European/2014/S aureus/number-s-aureus-isolates-and-percentage-resistant-meticilin-2011-2014.xlsx
Denmark,2012,Staphylococcus aureus,meticillin,1.3,1431.0,European/2014/S aureus/number-s-aureus-isolates-and-percentage-resistant-meticilin-2011-2014.xlsx
Denmark,2013,Staphylococcus aureus,meticillin,1.7,1685.0,European/2014/S aureus/number-s-aureus-isolates-and-percentage-resistant-meticilin-2011-2014.xlsx
Denmark,2014,Staphylococcus aureus,meticillin,2.5,1874.0,European/2014/S aureus/number-s-aureus-isolates-and-percentage-resistant-meticilin-2011-2014.xlsx
Estonia,2010,Staphylococcus aureus,meticillin,0.7,145.0,European/2013/Downloadables/S aureus/number-s-aureus-isolates-and-percentage-resistant-meticilin-2010-2013.xlsx
Estonia,2011,Staphylococcus aureus,meticillin,1.7,116.0,European/2014/S aureus/number-s-aureus-isolates-and-percentage-resistant-meticilin-2011-2014.xlsx
Estonia,2012,Staphylococcus aureus,meticillin,7.7,104.0,European/2014/S aureus/number-s-aureus-isolates-and-percentage-resistant-meticilin-2011-2014.xlsx
Estonia,2013,Staphylococcus aureus,meticillin,3.5,170.0,European/2014/S aureus/number-s-aureus-isolates-and-percentage-resistant-meticilin-2011-2014.xlsx
Estonia,2014,Staphylococcus aureus,meticillin,3.1,223.0,European/2014/S aureus/number-s-aureus-isolates-and-percentage-resistant-meticilin-2011-2014.xlsx
Finland,2010,Staphylococcus aureus,meticillin,2.3,1094.0,European/2013/Downloadables/S aureus/number-s-aureus-isolates-and-percentage-resistant-meticilin-2010-2013.xlsx
Finland,2011,Staphylococcus aureus,meticillin,3.2,1319.0,European/2014/S aureus/number-s-aureus-isolates-and-percentage-resistant-meticilin-2011-2014.xlsx
Finland,2012,Staphylococcus aureus,meticillin,2.1,1409.0,European/2014/S aureus/number-s-aureus-isolates-and-percentage-resistant-meticilin-2011-2014.xlsx
Finland,2013,Staphylococcus aureus,meticillin,1.7,1555.0,European/2014/S aureus/number-s-aureus-isolates-and-percentage-resistant-meticilin-2011-2014.xlsx
Finland,2014,Staphylococcus aureus,meticillin,2.6,1831.0,European/2014/S aureus/number-s-aureus-isolates-and-percentage-resistant-meticilin-2011-2014.xlsx
France,2010,Staphylococcus aureus,meticillin,21.6,4859.0,European/2013/Downloadables/S aureus/number-s-aureus-isolates-and-percentage-resistant-meticilin-2010-2013.xlsx
France,2011,Staphylococcus aureus,meticillin,20.1,4716.0,European/2014/S aureus/number-s-aureus-isolates-and-percentage-resistant-meticilin-2011-2014.xlsx
France,2012,Staphylococcus aureus,meticillin,19.2,5228.0,European/2014/S aureus/number-s-aureus-isolates-and-percentage-resistant-meticilin-2011-2014.xlsx
France,2013,Staphylococcus aureus,meticillin,17.0,5431.0,European/2014/S aureus/number-s-aureus-isolates-and-percentage-resistant-meticilin-2011-2014.xlsx
France,2014,Staphylococcus aureus,meticillin,17.4,5484.0,European/2014/S aureus/number-s-aureus-isolates-and-percentage-resistant-meticilin-2011-2014.xlsx
Germany,2010,Staphylococcus aureus,meticillin,20.9,1980.0,European/2013/Downloadables/S aureus/number-s-aureus-isolates-and-percentage-resistant-meticilin-2010-2013.xlsx
Germany,2011,Staphylococcus aureus,meticillin,16.2,2388.0,European/2014/S aureus/number-s-aureus-isolates-and-percentage-resistant-meticilin-2011-2014.xlsx
Germany,2012,Staphylococcus aureus,meticillin,15.4,2563.0,European/2014/S aureus/number-s-aureus-isolates-and-percentage-resistant-meticilin-2011-2014.xlsx
Germany,2013,Staphylococcus aureus,meticillin,12.7,3070.0,European/2014/S aureus/number-s-aureus-isolates-and-percentage-resistant-meticilin-2011-2014.xlsx
Germany,2014,Staphylococcus aureus,meticillin,11.8,3146.0,European/2014/S aureus/number-s-aureus-isolates-and-percentage-resistant-meticilin-2011-2014.xlsx
Greece,2010,Staphylococcus aureus,meticillin,39.2,867.0,European/2013/Downloadables/S aureus/number-s-aureus-isolates-and-percentage-resistant-meticilin-2010-2013.xlsx
Greece,2011,Staphylococcus aureus,meticillin,39.2,784.0,European/2014/S aureus/number-s-aureus-isolates-and-percentage-resistant-meticilin-2011-2014.xlsx
Greece,2012,Staphylococcus aureus,meticillin,41.0,876.0,European/2014/S aureus/number-s-aureus-isolates-and-percentage-resistant-meticilin-2011-2014.xlsx
Greece,2013,Staphylococcus aureus,meticillin,40.3,757.0,European/2014/S aureus/number-s-aureus-isolates-and-percentage-resistant-meticilin-2011-2014.xlsx
Greece,2014,Staphylococcus aureus,meticillin,37.1,556.0,European/2014/S aureus/number-s-aureus-isolates-and-percentage-resistant-meticilin-2011-2014.xlsx
Hungary,2010,Staphylococcus aureus,meticillin,30.2,1224.0,European/2013/Downloadables/S aureus/number-s-aureus-isolates-and-percentage-resistant-meticilin-2010-2013.xlsx
Hungary,2011,Staphylococcus aureus,meticillin,26.2,1156.0,European/2014/S aureus/number-s-aureus-isolates-and-percentage-resistant-meticilin-2011-2014.xlsx
Hungary,2012,Staphylococcus aureus,meticillin,24.8,1143.0,European/2014/S aureus/number-s-aureus-isolates-and-percentage-resistant-meticilin-2011-2014.xlsx
Hungary,2013,Staphylococcus aureus,meticillin,24.0,1200.0,European/2014/S aureus/number-s-aureus-isolates-and-percentage-resistant-meticilin-2011-2014.xlsx
Hungary,2014,Staphylococcus aureus,meticillin,23.1,1279.0,European/2014/S aureus/number-s-aureus-isolates-and-percentage-resistant-meticilin-2011-2014.xlsx
Iceland,2010,Staphylococcus aureus,meticillin,1.5,65.0,European/2013/Downloadables/S aureus/number-s-aureus-isolates-and-percentage-resistant-meticilin-2010-2013.xlsx
Iceland,2011,Staphylococcus aureus,meticillin,2.8,71.0,European/2014/S aureus/number-s-aureus-isolates-and-percentage-resistant-meticilin-2011-2014.xlsx
Iceland,2012,Staphylococcus aureus,meticillin,1.7,58.0,European/2014/S aureus/number-s-aureus-isolates-and-percentage-resistant-meticilin-2011-2014.xlsx
Iceland,2013,Staphylococcus aureus,meticillin,0.0,69.0,European/2014/S aureus/number-s-aureus-isolates-and-percentage-resistant-meticilin-2011-2014.xlsx
Iceland,2014,Staphylococcus aureus,meticillin,3.3,61.0,European/2014/S aureus/number-s-aureus-isolates-and-percentage-resistant-meticilin-2011-2014.xlsx
Ireland,2010,Staphylococcus aureus,meticillin,23.9,1207.0,European/2013/Downloadables/S aureus/number-s-aureus-isolates-and-percentage-resistant-meticilin-2010-2013.xlsx
Ireland,2011,Staphylococcus aureus,meticillin,23.7,1057.0,European/2014/S aureus/number-s-aureus-isolates-and-percentage-resistant-meticilin-2011-2014.xlsx
Ireland,2012,Staphylococcus aureus,meticillin,22.6,1038.0,European/2014/S aureus/number-s-aureus-isolates-and-percentage-resistant-meticilin-2011-2014.xlsx
Ireland,2013,Staphylococcus aureus,meticillin,19.9,1069.0,European/2014/S aureus/number-s-aureus-isolates-and-percentage-resistant-meticilin-2011-2014.xlsx
Ireland,2014,Staphylococcus aureus,meticillin,19.4,1075.0,European/2014/S aureus/number-s-aureus-isolates-and-percentage-resistant-meticilin-2011-2014.xlsx
Italy,2010,Staphylococcus aureus,meticillin,36.5,1766.0,European/2013/Downloadables/S aureus/number-s-aureus-isolates-and-percentage-resistant-meticilin-2010-2013.xlsx
Italy,2011,Staphylococcus aureus,meticillin,38.2,1261.0,European/2014/S aureus/number-s-aureus-isolates-and-percentage-resistant-meticilin-2011-2014.xlsx
Italy,2012,Staphylococcus aureus,meticillin,35.2,1636.0,European/2014/S aureus/number-s-aureus-isolates-and-percentage-resistant-meticilin-2011-2014.xlsx
Italy,2013,Staphylococcus aureus,meticillin,35.8,2394.0,European/2014/S aureus/number-s-aureus-isolates-and-percentage-resistant-meticilin-2011-2014.xlsx
Italy,2014,Staphylococcus aureus,meticillin,33.6,2133.0,European/2014/S aureus/number-s-aureus-isolates-and-percentage-resistant-meticilin-2011-2014.xlsx
Latvia,2010,Staphylococcus aureus,meticillin,13.7,153.0,European/2013/Downloadables/S aureus/number-s-aureus-isolates-and-percentage-resistant-meticilin-2010-2013.xlsx
Latvia,2011,Staphylococcus aureus,meticillin,9.9,192.0,European/2014/S aureus/number-s-aureus-isolates-and-percentage-resistant-meticilin-2011-2014.xlsx
Latvia,2012,Staphylococcus aureus,meticillin,9.0,211.0,European/2014/S aureus/number-s-aureus-isolates-and-percentage-resistant-meticilin-2011-2014.xlsx
Latvia,2013,Staphylococcus aureus,meticillin,7.0,172.0,European/2014/S aureus/number-s-aureus-isolates-and-percentage-resistant-meticilin-2011-2014.xlsx
Latvia,2014,Staphylococcus aureus,meticillin,8.2,220.0,European/2014/S aureus/number-s-aureus-isolates-and-percentage-resistant-meticilin-2011-2014.xlsx
Lithuania,2010,Staphylococcus aureus,meticillin,14.1,255.0,European/2013/Downloadables/S aureus/number-s-aureus-isolates-and-percentage-resistant-meticilin-2010-2013.xlsx
Lithuania,2011,Staphylococcus aureus,meticillin,5.4,278.0,European/2014/S aureus/number-s-aureus-isolates-and-percentage-resistant-meticilin-2011-2014.xlsx
Lithuania,2012,Staphylococcus aureus,meticillin,10.2,323.0,European/2014/S aureus/number-s-aureus-isolates-and-percentage-resistant-meticilin-2011-2014.xlsx
Lithuania,2013,Staphylococcus aureus,meticillin,9.7,267.0,European/2014/S aureus/number-s-aureus-isolates-and-percentage-resistant-meticilin-2011-2014.xlsx
Lithuania,2014,Staphylococcus aureus,meticillin,7.8,383.0,European/2014/S aureus/number-s-aureus-isolates-and-percentage-resistant-meticilin-2011-2014.xlsx
Luxembourg,2010,Staphylococcus aureus,meticillin,16.5,133.0,European/2013/Downloadables/S aureus/number-s-aureus-isolates-and-percentage-resistant-meticilin-2010-2013.xlsx
Luxembourg,2011,Staphylococcus aureus,meticillin,20.5,127.0,European/2014/S aureus/number-s-aureus-isolates-and-percentage-resistant-meticilin-2011-2014.xlsx
Luxembourg,2012,Staphylococcus aureus,meticillin,15.3,131.0,European/2014/S aureus/number-s-aureus-isolates-and-percentage-resistant-meticilin-2011-2014.xlsx
Luxembourg,2013,Staphylococcus aureus,meticillin,8.9,135.0,European/2014/S aureus/number-s-aureus-isolates-and-percentage-resistant-meticilin-2011-2014.xlsx
Luxembourg,2014,Staphylococcus aureus,meticillin,12.0,125.0,European/2014/S aureus/number-s-aureus-isolates-and-percentage-resistant-meticilin-2011-2014.xlsx
Malta,2010,Staphylococcus aureus,meticillin,48.1,108.0,European/2013/Downloadables/S aureus/number-s-aureus-isolates-and-percentage-resistant-meticilin-2010-2013.xlsx
Malta,2011,Staphylococcus aureus,meticillin,49.2,130.0,European/2014/S aureus/number-s-aureus-isolates-and-percentage-resistant-meticilin-2011-2014.xlsx
Malta,2012,Staphylococcus aureus,meticillin,47.1,102.0,European/2014/S aureus/number-s-aureus-isolates-and-percentage-resistant-meticilin-2011-2014.xlsx
Malta,2013,Staphylococcus aureus,meticillin,51.8,114.0,European/2014/S aureus/number-s-aureus-isolates-and-percentage-resistant-meticilin-2011-2014.xlsx
Malta,2014,Staphylococcus aureus,meticillin,42.7,82.0,European/2014/S aureus/number-s-aureus-isolates-and-percentage-resistant-meticilin-2011-2014.xlsx
Netherlands,2010,Staphylococcus aureus,meticillin,1.2,1564.0,European/2013/Downloadables/S aureus/number-s-aureus-isolates-and-percentage-resistant-meticilin-2010-2013.xlsx
Netherlands,2011,Staphylococcus aureus,meticillin,1.4,1801.0,European/2014/S aureus/number-s-aureus-isolates-and-percentage-resistant-meticilin-2011-2014.xlsx
Netherlands,2012,Staphylococcus aureus,meticillin,1.3,1944.0,European/2014/S aureus/number-s-aureus-isolates-and-percentage-resistant-meticilin-2011-2014.xlsx
Netherlands,2013,Staphylococcus aureus,meticillin,1.2,2062.0,European/2014/S aureus/number-s-aureus-isolates-and-percentage-resistant-meticilin-2011-2014.xlsx
Norway,2010,Staphylococcus aureus,meticillin,0.6,1047.0,European/2013/Downloadables/S aureus/number-s-aureus-isolates-and-percentage-resistant-meticilin-2010-2013.xlsx
Norway,2011,Staphylococcus aureus,meticillin,0.3,1223.0,European/2014/S aureus/number-s-aureus-isolates-and-percentage-resistant-meticilin-2011-2014.xlsx
Norway,2012,Staphylococcus aureus,meticillin,1.3,1430.0,European/2014/S aureus/number-s-aureus-isolates-and-percentage-resistant-meticilin-2011-2014.xlsx
Norway,2013,Staphylococcus aureus,meticillin,0.7,1473.0,European/2014/S aureus/number-s-aureus-isolates-and-percentage-resistant-meticilin-2011-2014.xlsx
Norway,2014,Staphylococcus aureus,meticillin,1.0,1544.0,European/2014/S aureus/number-s-aureus-isolates-and-percentage-resistant-meticilin-2011-2014.xlsx
Poland,2010,Staphylococcus aureus,meticillin,13.1,526.0,European/2013/Downloadables/S aureus/number-s-aureus-isolates-and-percentage-resistant-meticilin-2010-2013.xlsx
Poland,2011,Staphylococcus aureus,meticillin,24.3,860.0,European/2014/S aureus/number-s-aureus-isolates-and-percentage-resistant-meticilin-2011-2014.xlsx
Poland,2012,Staphylococcus aureus,meticillin,25.5,781.0,European/2014/S aureus/number-s-aureus-isolates-and-percentage-resistant-meticilin-2011-2014.xlsx
Poland,2013,Staphylococcus aureus,meticillin,16.0,743.0,European/2014/S aureus/number-s-aureus-isolates-and-percentage-resistant-meticilin-2011-2014.xlsx
Portugal,2010,Staphylococcus aureus,meticillin,53.4,1633.0,European/2013/Downloadables/S aureus/number-s-aureus-isolates-and-percentage-resistant-meticilin-2010-2013.xlsx
Portugal,2011,Staphylococcus aureus,meticillin,54.6,1307.0,European/2014/S aureus/number-s-aureus-isolates-and-percentage-resistant-meticilin-2011-2014.xlsx
Portugal,2012,Staphylococcus aureus,meticillin,53.8,1455.0,European/2014/S aureus/number-s-aureus-isolates-and-percentage-resistant-meticilin-2011-2014.xlsx
Portugal,2013,Staphylococcus aureus,meticillin,46.8,2390.0,European/2014/S aureus/number-s-aureus-isolates-and-percentage-resistant-meticilin-2011-2014.xlsx
Portugal,2014,Staphylococcus aureus,meticillin,47.4,3193.0,European/2014/S aureus/number-s-aureus-isolates-and-percentage-resistant-meticilin-2011-2014.xlsx
Romania,2010,Staphylococcus aureus,meticillin,39.1,46.0,European/2013/Downloadables/S aureus/number-s-aureus-isolates-and-percentage-resistant-meticilin-2010-2013.xlsx
Romania,2011,Staphylococcus aureus,meticillin,49.5,109.0,European/2014/S aureus/number-s-aureus-isolates-and-percentage-resistant-meticilin-2011-2014.xlsx
Romania,2012,Staphylococcus aureus,meticillin,53.3,229.0,European/2014/S aureus/number-s-aureus-isolates-and-percentage-resistant-meticilin-2011-2014.xlsx
Romania,2013,Staphylococcus aureus,meticillin,64.5,383.0,European/2014/S aureus/number-s-aureus-isolates-and-percentage-resistant-meticilin-2011-2014.xlsx
Romania,2014,Staphylococcus aureus,meticillin,56.0,316.0,European/2014/S aureus/number-s-aureus-isolates-and-percentage-resistant-meticilin-2011-2014.xlsx
Slovakia,2011,Staphylococcus aureus,meticillin,26.1,566.0,European/2014/S aureus/number-s-aureus-isolates-and-percentage-resistant-meticilin-2011-2014.xlsx
Slovakia,2012,Staphylococcus aureus,meticillin,21.7,474.0,European/2014/S aureus/number-s-aureus-isolates-and-percentage-resistant-meticilin-2011-2014.xlsx
Slovakia,2013,Staphylococcus aureus,meticillin,27.0,552.0,European/2014/S aureus/number-s-aureus-isolates-and-percentage-resistant-meticilin-2011-2014.xlsx
Slovakia,2014,Staphylococcus aureus,meticillin,28.0,640.0,European/2014/S aureus/number-s-aureus-isolates-and-percentage-resistant-meticilin-2011-2014.xlsx
Slovenia,2010,Staphylococcus aureus,meticillin,12.0,476.0,European/2013/Downloadables/S aureus/number-s-aureus-isolates-and-percentage-resistant-meticilin-2010-2013.xlsx
Slovenia,2011,Staphylococcus aureus,meticillin,7.1,464.0,European/2014/S aureus/number-s-aureus-isolates-and-percentage-resistant-meticilin-2011-2014.xlsx
Slovenia,2012,Staphylococcus aureus,meticillin,10.3,445.0,European/2014/S aureus/number-s-aureus-isolates-and-percentage-resistant-meticilin-2011-2014.xlsx
Slovenia,2013,Staphylococcus aureus,meticillin,9.0,465.0,European/2014/S aureus/number-s-aureus-isolates-and-percentage-resistant-meticilin-2011-2014.xlsx
Slovenia,2014,Staphylococcus aureus,meticillin,13.1,495.0,European/2014/S aureus/number-s-aureus-isolates-and-percentage-resistant-meticilin-2011-2014.xlsx
Spain,2010,Staphylococcus aureus,meticillin,25.3,1986.0,European/2013/Downloadables/S aureus/number-s-aureus-isolates-and-percentage-resistant-meticilin-2010-2013.xlsx
Spain,2011,Staphylococcus aureus,meticillin,22.5,1950.0,European/2014/S aureus/number-s-aureus-isolates-and-percentage-resistant-meticilin-2011-2014.xlsx
Spain,2012,Staphylococcus aureus,meticillin,24.2,1899.0,European/2014/S aureus/number-s-aureus-isolates-and-percentage-resistant-meticilin-2011-2014.xlsx
Spain,2013,Staphylococcus aureus,meticillin,22.6,1777.0,European/2014/S aureus/number-s-aureus-isolates-and-percentage-resistant-meticilin-2011-2014.xlsx
Spain,2014,Staphylococcus aureus,meticillin,22.1,1920.0,European/2014/S aureus/number-s-aureus-isolates-and-percentage-resistant-meticilin-2011-2014.xlsx
Sweden,2010,Staphylococcus aureus,meticillin,0.5,2858.0,European/2013/Downloadables/S aureus/number-s-aureus-isolates-and-percentage-resistant-meticilin-2010-2013.xlsx
Sweden,2011,Staphylococcus aureus,meticillin,1.0,3751.0,European/2014/S aureus/number-s-aureus-isolates-and-percentage-resistant-meticilin-2011-2014.xlsx
Sweden,2012,Staphylococcus aureus,meticillin,0.7,3262.0,European/2014/S aureus/number-s-aureus-isolates-and-percentage-resistant-meticilin-2011-2014.xlsx
Sweden,2013,Staphylococcus aureus,meticillin,1.0,4099.0,European/2014/S aureus/number-s-aureus-isolates-and-percentage-resistant-meticilin-2011-2014.xlsx
Sweden,2014,Staphylococcus aureus,meticillin,1.0,2745.0,European/2014/S aureus/number-s-aureus-isolates-and-percentage-resistant-meticilin-2011-2014.xlsx
United Kingdom,2010,Staphylococcus aureus,meticillin,21.6,2684.0,European/2013/Downloadables/S aureus/number-s-aureus-isolates-and-percentage-resistant-meticilin-2010-2013.xlsx
United Kingdom,2011,Staphylococcus aureus,meticillin,13.6,3408.0,European/2014/S aureus/number-s-aureus-isolates-and-percentage-resistant-meticilin-2011-2014.xlsx
United Kingdom,2012,Staphylococcus aureus,meticillin,14.0,2679.0,European/2014/S aureus/number-s-aureus-isolates-and-percentage-resistant-meticilin-2011-2014.xlsx
United Kingdom,2013,Staphylococcus aureus,meticillin,13.7,2117.0,European/2014/S aureus/number-s-aureus-isolates-and-percentage-resistant-meticilin-2011-2014.xlsx
United Kingdom,2014,Staphylococcus aureus,meticillin,11.3,2395.0,European/2014/S aureus/number-s-aureus-isolates-and-percentage-resistant-meticilin-2011-2014.xlsx
Austria,2012,Staphylococcus aureus,unknown,7.7,2164.0,"European/2015/Staphylococcus, Table 3-29.xlsx [Table 3-29]"
Austria,2013,Staphylococcus aureus,unknown,9.2,2534.0,"European/2015/Staphylococcus, Table 3-29.xlsx [Table 3-29]"
Austria,2014,Staphylococcus aureus,unknown,7.8,2651.0,"European/2015/Staphylococcus, Table 3-29.xlsx [Table 3-29]"
Austria,2015,Staphylococcus aureus,unknown,7.5,2785.0,"European/2015/Staphylococcus, Table 3-29.xlsx [Table 3-29]"
Belgium,2012,Staphylococcus aureus,unknown,16.6,1568.0,"European/2015/Staphylococcus, Table 3-29.xlsx [Table 3-29]"
Belgium,2013,Staphylococcus aureus,unknown,16.9,1612.0,"European/2015/Staphylococcus, Table 3-29.xlsx [Table 3-29]"
Belgium,2014,Staphylococcus aureus,unknown,13.5,988.0,"European/2015/Staphylococcus, Table 3-29.xlsx [Table 3-29]"
Belgium,2015,Staphylococcus aureus,unknown,12.3,913.0,"European/2015/Staphylococcus, Table 3-29.xlsx [Table 3-29]"
Bulgaria,2012,Staphylococcus aureus,unknown,19.8,227.0,"European/2015/Staphylococcus, Table 3-29.xlsx [Table 3-29]"
Bulgaria,2013,Staphylococcus aureus,unknown,19.2,214.0,"European/2015/Staphylococcus, Table 3-29.xlsx [Table 3-29]"
Bulgaria,2014,Staphylococcus aureus,unknown,20.8,216.0,"European/2015/Staphylococcus, Table 3-29.xlsx [Table 3-29]"
Bulgaria,2015,Staphylococcus aureus,unknown,13.1,222.0,"European/2015/Staphylococcus, Table 3-29.xlsx [Table 3-29]"
Croatia,2012,Staphylococcus aureus,unknown,21.3,403.0,"European/2015/Staphylococcus, Table 3-29.xlsx [Table 3-29]"
Croatia,2013,Staphylococcus aureus,unknown,24.0,520.0,"European/2015/Staphylococcus, Table 3-29.xlsx [Table 3-29]"
Croatia,2014,Staphylococcus aureus,unknown,21.3,484.0,"European/2015/Staphylococcus, Table 3-29.xlsx [Table 3-29]"
Croatia,2015,Staphylococcus aureus,unknown,24.5,486.0,"European/2015/Staphylococcus, Table 3-29.xlsx [Table 3-29]"
Cyprus,2012,Staphylococcus aureus,unknown,35.2,165.0,"European/2015/Staphylococcus, Table 3-29.xlsx [Table 3-29]"
Cyprus,2013,Staphylococcus aureus,unknown,32.5,157.0,"European/2015/Staphylococcus, Table 3-29.xlsx [Table 3-29]"
Cyprus,2014,Staphylococcus aureus,unknown,36.0,136.0,"European/2015/Staphylococcus, Table 3-29.xlsx [Table 3-29]"
Cyprus,2015,Staphylococcus aureus,unknown,43.4,143.0,"European/2015/Staphylococcus, Table 3-29.xlsx [Table 3-29]"
Czech Republic,2012,Staphylococcus aureus,unknown,13.0,1611.0,"European/2015/Staphylococcus, Table 3-29.xlsx [Table 3-29]"
Czech Republic,2013,Staphylococcus aureus,unknown,13.2,1707.0,"European/2015/Staphylococcus, Table 3-29.xlsx [Table 3-29]"
Czech Republic,2014,Staphylococcus aureus,unknown,13.0,1695.0,"European/2015/Staphylococcus, Table 3-29.xlsx [Table 3-29]"
Czech Republic,2015,Staphylococcus aureus,unknown,13.7,1806.0,"European/2015/Staphylococcus, Table 3-29.xlsx [Table 3-29]"
Denmark,2012,Staphylococcus aureus,unknown,1.3,1431.0,"European/2015/Staphylococcus, Table 3-29.xlsx [Table 3-29]"
Denmark,2013,Staphylococcus aureus,unknown,1.7,1685.0,"European/2015/Staphylococcus, Table 3-29.xlsx [Table 3-29]"
Denmark,2014,Staphylococcus aureus,unknown,2.5,1874.0,"European/2015/Staphylococcus, Table 3-29.xlsx [Table 3-29]"
Denmark,2015,Staphylococcus aureus,unknown,1.6,1876.0,"European/2015/Staphylococcus, Table 3-29.xlsx [Table 3-29]"
Estonia,2012,Staphylococcus aureus,unknown,7.7,104.0,"European/2015/Staphylococcus, Table 3-29.xlsx [Table 3-29]"
Estonia,2013,Staphylococcus aureus,unknown,3.5,170.0,"European/2015/Staphylococcus, Table 3-29.xlsx [Table 3-29]"
Estonia,2014,Staphylococcus aureus,unknown,3.1,223.0,"European/2015/Staphylococcus, Table 3-29.xlsx [Table 3-29]"
Estonia,2015,Staphylococcus aureus,unknown,4.0,151.0,"European/2015/Staphylococcus, Table 3-29.xlsx [Table 3-29]"
Finland,2012,Staphylococcus aureus,unknown,2.1,1409.0,"European/2015/Staphylococcus, Table 3-29.xlsx [Table 3-29]"
Finland,2013,Staphylococcus aureus,unknown,1.8,1580.0,"European/2015/Staphylococcus, Table 3-29.xlsx [Table 3-29]"
Finland,2014,Staphylococcus aureus,unknown,2.6,1831.0,"European/2015/Staphylococcus, Table 3-29.xlsx [Table 3-29]"
Finland,2015,Staphylococcus aureus,unknown,1.9,2070.0,"European/2015/Staphylococcus, Table 3-29.xlsx [Table 3-29]"
France,2012,Staphylococcus aureus,unknown,19.2,5228.0,"European/2015/Staphylococcus, Table 3-29.xlsx [Table 3-29]"
France,2013,Staphylococcus aureus,unknown,17.1,5431.0,"European/2015/Staphylococcus, Table 3-29.xlsx [Table 3-29]"
France,2014,Staphylococcus aureus,unknown,17.4,5484.0,"European/2015/Staphylococcus, Table 3-29.xlsx [Table 3-29]"
France,2015,Staphylococcus aureus,unknown,15.7,5535.0,"European/2015/Staphylococcus, Table 3-29.xlsx [Table 3-29]"
Germany,2012,Staphylococcus aureus,unknown,15.4,2563.0,"European/2015/Staphylococcus, Table 3-29.xlsx [Table 3-29]"
Germany,2013,Staphylococcus aureus,unknown,12.8,3128.0,"European/2015/Staphylococcus, Table 3-29.xlsx [Table 3-29]"
Germany,2014,Staphylococcus aureus,unknown,12.9,3146.0,"European/2015/Staphylococcus, Table 3-29.xlsx [Table 3-29]"
Germany,2015,Staphylococcus aureus,unknown,11.2,4871.0,"European/2015/Staphylococcus, Table 3-29.xlsx [Table 3-29]"
Greece,2012,Staphylococcus aureus,unknown,41.0,876.0,"European/2015/Staphylococcus, Table 3-29.xlsx [Table 3-29]"
Greece,2013,Staphylococcus aureus,unknown,40.3,757.0,"European/2015/Staphylococcus, Table 3-29.xlsx [Table 3-29]"
Greece,2014,Staphylococcus aureus,unknown,37.1,556.0,"European/2015/Staphylococcus, Table 3-29.xlsx [Table 3-29]"
Greece,2015,Staphylococcus aureus,unknown,39.4,612.0,"European/2015/Staphylococcus, Table 3-29.xlsx [Table 3-29]"
Hungary,2012,Staphylococcus aureus,unknown,24.8,1143.0,"European/2015/Staphylococcus, Table 3-29.xlsx [Table 3-29]"
Hungary,2013,Staphylococcus aureus,unknown,24.0,1200.0,"European/2015/Staphylococcus, Table 3-29.xlsx [Table 3-29]"
Hungary,2014,Staphylococcus aureus,unknown,23.1,1279.0,"European/2015/Staphylococcus, Table 3-29.xlsx [Table 3-29]"
Hungary,2015,Staphylococcus aureus,unknown,24.7,1517.0,"European/2015/Staphylococcus, Table 3-29.xlsx [Table 3-29]"
Iceland,2012,Staphylococcus aureus,unknown,1.7,58.0,"European/2015/Staphylococcus, Table 3-29.xlsx [Table 3-29]"
Iceland,2013,Staphylococcus aureus,unknown,0.0,69.0,"European/2015/Staphylococcus, Table 3-29.xlsx [Table 3-29]"
Iceland,2014,Staphylococcus aureus,unknown,3.3,61.0,"European/2015/Staphylococcus, Table 3-29.xlsx [Table 3-29]"
Iceland,2015,Staphylococcus aureus,unknown,0.0,88.0,"European/2015/Staphylococcus, Table 3-29.xlsx [Table 3-29]"
Ireland,2012,Staphylococcus aureus,unknown,22.6,1038.0,"European/2015/Staphylococcus, Table 3-29.xlsx [Table 3-29]"
Ireland,2013,Staphylococcus aureus,unknown,19.9,1069.0,"European/2015/Staphylococcus, Table 3-29.xlsx [Table 3-29]"
Ireland,2014,Staphylococcus aureus,unknown,19.4,1075.0,"European/2015/Staphylococcus, Table 3-29.xlsx [Table 3-29]"
Ireland,2015,Staphylococcus aureus,unknown,18.1,1057.0,"European/2015/Staphylococcus, Table 3-29.xlsx [Table 3-29]"
Italy,2012,Staphylococcus aureus,unknown,35.2,1636.0,"European/2015/Staphylococcus, Table 3-29.xlsx [Table 3-29]"
Italy,2013,Staphylococcus aureus,unknown,35.8,2394.0,"European/2015/Staphylococcus, Table 3-29.xlsx [Table 3-29]"
Italy,2014,Staphylococcus aureus,unknown,33.6,2134.0,"European/2015/Staphylococcus, Table 3-29.xlsx [Table 3-29]"
Italy,2015,Staphylococcus aureus,unknown,34.1,3000.0,"European/2015/Staphylococcus, Table 3-29.xlsx [Table 3-29]"
Latvia,2012,Staphylococcus aureus,unknown,9.0,211.0,"European/2015/Staphylococcus, Table 3-29.xlsx [Table 3-29]"
Latvia,2013,Staphylococcus aureus,unknown,7.0,172.0,"European/2015/Staphylococcus, Table 3-29.xlsx [Table 3-29]"
Latvia,2014,Staphylococcus aureus,unknown,8.2,220.0,"European/2015/Staphylococcus, Table 3-29.xlsx [Table 3-29]"
Latvia,2015,Staphylococcus aureus,unknown,5.6,251.0,"European/2015/Staphylococcus, Table 3-29.xlsx [Table 3-29]"
Lithuania,2012,Staphylococcus aureus,unknown,10.2,323.0,"European/2015/Staphylococcus, Table 3-29.xlsx [Table 3-29]"
Lithuania,2013,Staphylococcus aureus,unknown,9.7,267.0,"European/2015/Staphylococcus, Table 3-29.xlsx [Table 3-29]"
Lithuania,2014,Staphylococcus aureus,unknown,7.8,383.0,"European/2015/Staphylococcus, Table 3-29.xlsx [Table 3-29]"
Lithuania,2015,Staphylococcus aureus,unknown,8.5,376.0,"European/2015/Staphylococcus, Table 3-29.xlsx [Table 3-29]"
Luxembourg,2012,Staphylococcus aureus,unknown,15.3,131.0,"European/2015/Staphylococcus, Table 3-29.xlsx [Table 3-29]"
Luxembourg,2013,Staphylococcus aureus,unknown,8.9,135.0,"European/2015/Staphylococcus, Table 3-29.xlsx [Table 3-29]"
Luxembourg,2014,Staphylococcus aureus,unknown,12.0,125.0,"European/2015/Staphylococcus, Table 3-29.xlsx [Table 3-29]"
Luxembourg,2015,Staphylococcus aureus,unknown,8.9,135.0,"European/2015/Staphylococcus, Table 3-29.xlsx [Table 3-29]"
Malta,2012,Staphylococcus aureus,unknown,47.1,102.0,"European/2015/Staphylococcus, Table 3-29.xlsx [Table 3-29]"
Malta,2013,Staphylococcus aureus,unknown,51.8,114.0,"European/2015/Staphylococcus, Table 3-29.xlsx [Table 3-29]"
Malta,2014,Staphylococcus aureus,unknown,42.7,82.0,"European/2015/Staphylococcus, Table 3-29.xlsx [Table 3-29]"
Malta,2015,Staphylococcus aureus,unknown,48.3,89.0,"European/2015/Staphylococcus, Table 3-29.xlsx [Table 3-29]"
Netherlands,2012,Staphylococcus aureus,unknown,1.3,1944.0,"European/2015/Staphylococcus, Table 3-29.xlsx [Table 3-29]"
Netherlands,2013,Staphylococcus aureus,unknown,1.2,2062.0,"European/2015/Staphylococcus, Table 3-29.xlsx [Table 3-29]"
Netherlands,2014,Staphylococcus aureus,unknown,1.0,2524.0,"European/2015/Staphylococcus, Table 3-29.xlsx [Table 3-29]"
Netherlands,2015,Staphylococcus aureus,unknown,1.3,2107.0,"European/2015/Staphylococcus, Table 3-29.xlsx [Table 3-29]"
Norway,2012,Staphylococcus aureus,unknown,1.3,1430.0,"European/2015/Staphylococcus, Table 3-29.xlsx [Table 3-29]"
Norway,2013,Staphylococcus aureus,unknown,0.7,1473.0,"European/2015/Staphylococcus, Table 3-29.xlsx [Table 3-29]"
Norway,2014,Staphylococcus aureus,unknown,1.0,1544.0,"European/2015/Staphylococcus, Table 3-29.xlsx [Table 3-29]"
Norway,2015,Staphylococcus aureus,unknown,1.2,1453.0,"European/2015/Staphylococcus, Table 3-29.xlsx [Table 3-29]"
Poland,2012,Staphylococcus aureus,unknown,25.4,783.0,"European/2015/Staphylococcus, Table 3-29.xlsx [Table 3-29]"
Poland,2013,Staphylococcus aureus,unknown,16.0,743.0,"European/2015/Staphylococcus, Table 3-29.xlsx [Table 3-29]"
Poland,2014,Staphylococcus aureus,unknown,20.6,490.0,"European/2015/Staphylococcus, Table 3-29.xlsx [Table 3-29]"
Poland,2015,Staphylococcus aureus,unknown,15.8,958.0,"European/2015/Staphylococcus, Table 3-29.xlsx [Table 3-29]"
Portugal,2012,Staphylococcus aureus,unknown,53.8,1455.0,"European/2015/Staphylococcus, Table 3-29.xlsx [Table 3-29]"
Portugal,2013,Staphylococcus aureus,unknown,46.8,2390.0,"European/2015/Staphylococcus, Table 3-29.xlsx [Table 3-29]"
Portugal,2014,Staphylococcus aureus,unknown,47.4,3193.0,"European/2015/Staphylococcus, Table 3-29.xlsx [Table 3-29]"
Portugal,2015,Staphylococcus aureus,unknown,46.8,3619.0,"European/2015/Staphylococcus, Table 3-29.xlsx [Table 3-29]"
Romania,2012,Staphylococcus aureus,unknown,53.3,229.0,"European/2015/Staphylococcus, Table 3-29.xlsx [Table 3-29]"
Romania,2013,Staphylococcus aureus,unknown,64.5,383.0,"European/2015/Staphylococcus, Table 3-29.xlsx [Table 3-29]"
Romania,2014,Staphylococcus aureus,unknown,56.0,316.0,"European/2015/Staphylococcus, Table 3-29.xlsx [Table 3-29]"
Romania,2015,Staphylococcus aureus,unknown,57.2,297.0,"European/2015/Staphylococcus, Table 3-29.xlsx [Table 3-29]"
Slovakia,2012,Staphylococcus aureus,unknown,21.7,474.0,"European/2015/Staphylococcus, Table 3-29.xlsx [Table 3-29]"
Slovakia,2013,Staphylococcus aureus,unknown,26.6,552.0,"European/2015/Staphylococcus, Table 3-29.xlsx [Table 3-29]"
Slovakia,2014,Staphylococcus aureus,unknown,28.0,640.0,"European/2015/Staphylococcus, Table 3-29.xlsx [Table 3-29]"
Slovakia,2015,Staphylococcus aureus,unknown,28.1,583.0,"European/2015/Staphylococcus, Table 3-29.xlsx [Table 3-29]"
Slovenia,2012,Staphylococcus aureus,unknown,10.3,445.0,"European/2015/Staphylococcus, Table 3-29.xlsx [Table 3-29]"
Slovenia,2013,Staphylococcus aureus,unknown,9.0,465.0,"European/2015/Staphylococcus, Table 3-29.xlsx [Table 3-29]"
Slovenia,2014,Staphylococcus aureus,unknown,13.1,495.0,"European/2015/Staphylococcus, Table 3-29.xlsx [Table 3-29]"
Slovenia,2015,Staphylococcus aureus,unknown,9.2,513.0,"European/2015/Staphylococcus, Table 3-29.xlsx [Table 3-29]"
Spain,2012,Staphylococcus aureus,unknown,24.2,1899.0,"European/2015/Staphylococcus, Table 3-29.xlsx [Table 3-29]"
Spain,2013,Staphylococcus aureus,unknown,22.6,1777.0,"European/2015/Staphylococcus, Table 3-29.xlsx [Table 3-29]"
Spain,2014,Staphylococcus aureus,unknown,22.1,1920.0,"European/2015/Staphylococcus, Table 3-29.xlsx [Table 3-29]"
Spain,2015,Staphylococcus aureus,unknown,25.3,1970.0,"European/2015/Staphylococcus, Table 3-29.xlsx [Table 3-29]"
Sweden,2012,Staphylococcus aureus,unknown,0.7,3263.0,"European/2015/Staphylococcus, Table 3-29.xlsx [Table 3-29]"
Sweden,2013,Staphylococcus aureus,unknown,1.0,4099.0,"European/2015/Staphylococcus, Table 3-29.xlsx [Table 3-29]"
Sweden,2014,Staphylococcus aureus,unknown,1.0,2745.0,"European/2015/Staphylococcus, Table 3-29.xlsx [Table 3-29]"
Sweden,2015,Staphylococcus aureus,unknown,0.8,3124.0,"European/2015/Staphylococcus, Table 3-29.xlsx [Table 3-29]"
United Kingdom,2012,Staphylococcus aureus,unknown,14.0,2676.0,"European/2015/Staphylococcus, Table 3-29.xlsx [Table 3-29]"
United Kingdom,2013,Staphylococcus aureus,unknown,13.7,2117.0,"European/2015/Staphylococcus, Table 3-29.xlsx [Table 3-29]"
United Kingdom,2014,Staphylococcus aureus,unknown,11.3,2400.0,"European/2015/Staphylococcus, Table 3-29.xlsx [Table 3-29]"
United Kingdom,2015,Staphylococcus aureus,unknown,10.8,2757.0,"European/2015/Staphylococcus, Table 3-29.xlsx [Table 3-29]"
Austria,2012,Streptococcus pneumoniae,unknown,5.2,291.0,"European/2015/Streptococcus, Tables 3-26 to 3-28.xlsx [Table 3.26]"
Austria,2013,Streptococcus pneumoniae,unknown,2.1,385.0,"European/2015/Streptococcus, Tables 3-26 to 3-28.xlsx [Table 3.26]"
Austria,2014,Streptococcus pneumoniae,unknown,5.3,361.0,"European/2015/Streptococcus, Tables 3-26 to 3-28.xlsx [Table 3.26]"
Austria,2015,Streptococcus pneumoniae,unknown,5.6,444.0,"European/2015/Streptococcus, Tables 3-26 to 3-28.xlsx [Table 3.26]"
Belgium,2012,Streptococcus pneumoniae,unknown,1.5,1658.0,"European/2015/Streptococcus, Tables 3-26 to 3-28.xlsx [Table 3.26]"
Belgium,2013,Streptococcus pneumoniae,unknown,1.7,1536.0,"European/2015/Streptococcus, Tables 3-26 to 3-28.xlsx [Table 3.26]"
Belgium,2014,Streptococcus pneumoniae,unknown,1.3,1110.0,"European/2015/Streptococcus, Tables 3-26 to 3-28.xlsx [Table 3.26]"
Belgium,2015,Streptococcus pneumoniae,unknown,0.6,1361.0,"European/2015/Streptococcus, Tables 3-26 to 3-28.xlsx [Table 3.26]"
Bulgaria,2012,Streptococcus pneumoniae,unknown,28.6,21.0,"European/2015/Streptococcus, Tables 3-26 to 3-28.xlsx [Table 3.26]"
Bulgaria,2013,Streptococcus pneumoniae,unknown,21.4,28.0,"European/2015/Streptococcus, Tables 3-26 to 3-28.xlsx [Table 3.26]"
Bulgaria,2014,Streptococcus pneumoniae,unknown,25.0,32.0,"European/2015/Streptococcus, Tables 3-26 to 3-28.xlsx [Table 3.26]"
Bulgaria,2015,Streptococcus pneumoniae,unknown,22.9,35.0,"European/2015/Streptococcus, Tables 3-26 to 3-28.xlsx [Table 3.26]"
Croatia,2012,Streptococcus pneumoniae,unknown,22.7,97.0,"European/2015/Streptococcus, Tables 3-26 to 3-28.xlsx [Table 3.26]"
Croatia,2013,Streptococcus pneumoniae,unknown,25.9,116.0,"European/2015/Streptococcus, Tables 3-26 to 3-28.xlsx [Table 3.26]"
Croatia,2014,Streptococcus pneumoniae,unknown,26.4,130.0,"European/2015/Streptococcus, Tables 3-26 to 3-28.xlsx [Table 3.26]"
Croatia,2015,Streptococcus pneumoniae,unknown,19.4,124.0,"European/2015/Streptococcus, Tables 3-26 to 3-28.xlsx [Table 3.26]"
Cyprus,2013,Streptococcus pneumoniae,unknown,40.0,15.0,"European/2015/Streptococcus, Tables 3-26 to 3-28.xlsx [Table 3.26]"
Cyprus,2014,Streptococcus pneumoniae,unknown,0.0,12.0,"European/2015/Streptococcus, Tables 3-26 to 3-28.xlsx [Table 3.26]"
Czech Republic,2012,Streptococcus pneumoniae,unknown,2.9,274.0,"European/2015/Streptococcus, Tables 3-26 to 3-28.xlsx [Table 3.26]"
Czech Republic,2013,Streptococcus pneumoniae,unknown,2.1,333.0,"European/2015/Streptococcus, Tables 3-26 to 3-28.xlsx [Table 3.26]"
Czech Republic,2014,Streptococcus pneumoniae,unknown,5.8,274.0,"European/2015/Streptococcus, Tables 3-26 to 3-28.xlsx [Table 3.26]"
Czech Republic,2015,Streptococcus pneumoniae,unknown,3.2,284.0,"European/2015/Streptococcus, Tables 3-26 to 3-28.xlsx [Table 3.26]"
Denmark,2012,Streptococcus pneumoniae,unknown,5.1,867.0,"European/2015/Streptococcus, Tables 3-26 to 3-28.xlsx [Table 3.26]"
Denmark,2013,Streptococcus pneumoniae,unknown,6.6,789.0,"European/2015/Streptococcus, Tables 3-26 to 3-28.xlsx [Table 3.26]"
Denmark,2014,Streptococcus pneumoniae,unknown,5.6,709.0,"European/2015/Streptococcus, Tables 3-26 to 3-28.xlsx [Table 3.26]"
Denmark,2015,Streptococcus pneumoniae,unknown,4.7,747.0,"European/2015/Streptococcus, Tables 3-26 to 3-28.xlsx [Table 3.26]"
Estonia,2012,Streptococcus pneumoniae,unknown,0.0,53.0,"European/2015/Streptococcus, Tables 3-26 to 3-28.xlsx [Table 3.26]"
Estonia,2013,Streptococcus pneumoniae,unknown,1.3,78.0,"European/2015/Streptococcus, Tables 3-26 to 3-28.xlsx [Table 3.26]"
Estonia,2014,Streptococcus pneumoniae,unknown,4.2,72.0,"European/2015/Streptococcus, Tables 3-26 to 3-28.xlsx [Table 3.26]"
Estonia,2015,Streptococcus pneumoniae,unknown,2.8,72.0,"European/2015/Streptococcus, Tables 3-26 to 3-28.xlsx [Table 3.26]"
Finland,2012,Streptococcus pneumoniae,unknown,17.0,553.0,"European/2015/Streptococcus, Tables 3-26 to 3-28.xlsx [Table 3.26]"
Finland,2013,Streptococcus pneumoniae,unknown,13.9,617.0,"European/2015/Streptococcus, Tables 3-26 to 3-28.xlsx [Table 3.26]"
Finland,2014,Streptococcus pneumoniae,unknown,12.5,593.0,"European/2015/Streptococcus, Tables 3-26 to 3-28.xlsx [Table 3.26]"
Finland,2015,Streptococcus pneumoniae,unknown,12.7,677.0,"European/2015/Streptococcus, Tables 3-26 to 3-28.xlsx [Table 3.26]"
France,2012,Streptococcus pneumoniae,unknown,23.4,824.0,"European/2015/Streptococcus, Tables 3-26 to 3-28.xlsx [Table 3.26]"
France,2013,Streptococcus pneumoniae,unknown,22.4,919.0,"European/2015/Streptococcus, Tables 3-26 to 3-28.xlsx [Table 3.26]"
France,2014,Streptococcus pneumoniae,unknown,22.3,656.0,"European/2015/Streptococcus, Tables 3-26 to 3-28.xlsx [Table 3.26]"
France,2015,Streptococcus pneumoniae,unknown,22.9,1068.0,"European/2015/Streptococcus, Tables 3-26 to 3-28.xlsx [Table 3.26]"
Germany,2012,Streptococcus pneumoniae,unknown,5.2,310.0,"European/2015/Streptococcus, Tables 3-26 to 3-28.xlsx [Table 3.26]"
Germany,2013,Streptococcus pneumoniae,unknown,6.9,475.0,"European/2015/Streptococcus, Tables 3-26 to 3-28.xlsx [Table 3.26]"
Germany,2014,Streptococcus pneumoniae,unknown,4.4,499.0,"European/2015/Streptococcus, Tables 3-26 to 3-28.xlsx [Table 3.26]"
Germany,2015,Streptococcus pneumoniae,unknown,6.2,725.0,"European/2015/Streptococcus, Tables 3-26 to 3-28.xlsx [Table 3.26]"
Hungary,2012,Streptococcus pneumoniae,unknown,10.0,160.0,"European/2015/Streptococcus, Tables 3-26 to 3-28.xlsx [Table 3.26]"
Hungary,2013,Streptococcus pneumoniae,unknown,5.8,154.0,"European/2015/Streptococcus, Tables 3-26 to 3-28.xlsx [Table 3.26]"
Hungary,2014,Streptococcus pneumoniae,unknown,11.7,128.0,"European/2015/Streptococcus, Tables 3-26 to 3-28.xlsx [Table 3.26]"
Hungary,2015,Streptococcus pneumoniae,unknown,7.2,181.0,"European/2015/Streptococcus, Tables 3-26 to 3-28.xlsx [Table 3.26]"
Iceland,2012,Streptococcus pneumoniae,unknown,3.7,27.0,"European/2015/Streptococcus, Tables 3-26 to 3-28.xlsx [Table 3.26]"
Iceland,2013,Streptococcus pneumoniae,unknown,16.7,18.0,"European/2015/Streptococcus, Tables 3-26 to 3-28.xlsx [Table 3.26]"
Iceland,2014,Streptococcus pneumoniae,unknown,8.0,25.0,"European/2015/Streptococcus, Tables 3-26 to 3-28.xlsx [Table 3.26]"
Iceland,2015,Streptococcus pneumoniae,unknown,24.0,25.0,"European/2015/Streptococcus, Tables 3-26 to 3-28.xlsx [Table 3.26]"
Ireland,2012,Streptococcus pneumoniae,unknown,19.1,319.0,"European/2015/Streptococcus, Tables 3-26 to 3-28.xlsx [Table 3.26]"
Ireland,2013,Streptococcus pneumoniae,unknown,20.3,310.0,"European/2015/Streptococcus, Tables 3-26 to 3-28.xlsx [Table 3.26]"
Ireland,2014,Streptococcus pneumoniae,unknown,17.7,328.0,"European/2015/Streptococcus, Tables 3-26 to 3-28.xlsx [Table 3.26]"
Ireland,2015,Streptococcus pneumoniae,unknown,17.5,303.0,"European/2015/Streptococcus, Tables 3-26 to 3-28.xlsx [Table 3.26]"
Italy,2012,Streptococcus pneumoniae,unknown,12.1,141.0,"European/2015/Streptococcus, Tables 3-26 to 3-28.xlsx [Table 3.26]"
Italy,2013,Streptococcus pneumoniae,unknown,14.6,268.0,"European/2015/Streptococcus, Tables 3-26 to 3-28.xlsx [Table 3.26]"
Italy,2014,Streptococcus pneumoniae,unknown,15.3,183.0,"European/2015/Streptococcus, Tables 3-26 to 3-28.xlsx [Table 3.26]"
Italy,2015,Streptococcus pneumoniae,unknown,12.3,389.0,"European/2015/Streptococcus, Tables 3-26 to 3-28.xlsx [Table 3.26]"
Latvia,2012,Streptococcus pneumoniae,unknown,6.3,64.0,"European/2015/Streptococcus, Tables 3-26 to 3-28.xlsx [Table 3.26]"
Latvia,2013,Streptococcus pneumoniae,unknown,11.9,67.0,"European/2015/Streptococcus, Tables 3-26 to 3-28.xlsx [Table 3.26]"
Latvia,2014,Streptococcus pneumoniae,unknown,4.2,48.0,"European/2015/Streptococcus, Tables 3-26 to 3-28.xlsx [Table 3.26]"
Latvia,2015,Streptococcus pneumoniae,unknown,8.5,59.0,"European/2015/Streptococcus, Tables 3-26 to 3-28.xlsx [Table 3.26]"
Lithuania,2012,Streptococcus pneumoniae,unknown,16.2,37.0,"European/2015/Streptococcus, Tables 3-26 to 3-28.xlsx [Table 3.26]"
Lithuania,2013,Streptococcus pneumoniae,unknown,23.7,59.0,"European/2015/Streptococcus, Tables 3-26 to 3-28.xlsx [Table 3.26]"
Lithuania,2014,Streptococcus pneumoniae,unknown,16.4,67.0,"European/2015/Streptococcus, Tables 3-26 to 3-28.xlsx [Table 3.26]"
Lithuania,2015,Streptococcus pneumoniae,unknown,16.1,87.0,"European/2015/Streptococcus, Tables 3-26 to 3-28.xlsx [Table 3.26]"
Luxembourg,2012,Streptococcus pneumoniae,unknown,3.2,31.0,"European/2015/Streptococcus, Tables 3-26 to 3-28.xlsx [Table 3.26]"
Luxembourg,2013,Streptococcus pneumoniae,unknown,15.9,44.0,"European/2015/Streptococcus, Tables 3-26 to 3-28.xlsx [Table 3.26]"
Luxembourg,2014,Streptococcus pneumoniae,unknown,6.3,32.0,"European/2015/Streptococcus, Tables 3-26 to 3-28.xlsx [Table 3.26]"
Luxembourg,2015,Streptococcus pneumoniae,unknown,3.7,27.0,"European/2015/Streptococcus, Tables 3-26 to 3-28.xlsx [Table 3.26]"
Malta,2012,Streptococcus pneumoniae,unknown,38.9,18.0,"European/2015/Streptococcus, Tables 3-26 to 3-28.xlsx [Table 3.26]"
Malta,2014,Streptococcus pneumoniae,unknown,37.5,8.0,"European/2015/Streptococcus, Tables 3-26 to 3-28.xlsx [Table 3.26]"
Malta,2015,Streptococcus pneumoniae,unknown,35.0,20.0,"European/2015/Streptococcus, Tables 3-26 to 3-28.xlsx [Table 3.26]"
Netherlands,2012,Streptococcus pneumoniae,unknown,1.5,1063.0,"European/2015/Streptococcus, Tables 3-26 to 3-28.xlsx [Table 3.26]"
Netherlands,2013,Streptococcus pneumoniae,unknown,1.1,1032.0,"European/2015/Streptococcus, Tables 3-26 to 3-28.xlsx [Table 3.26]"
Netherlands,2014,Streptococcus pneumoniae,unknown,2.1,1139.0,"European/2015/Streptococcus, Tables 3-26 to 3-28.xlsx [Table 3.26]"
Netherlands,2015,Streptococcus pneumoniae,unknown,1.8,1163.0,"European/2015/Streptococcus, Tables 3-26 to 3-28.xlsx [Table 3.26]"
Norway,2012,Streptococcus pneumoniae,unknown,5.9,576.0,"European/2015/Streptococcus, Tables 3-26 to 3-28.xlsx [Table 3.26]"
Norway,2013,Streptococcus pneumoniae,unknown,3.3,549.0,"European/2015/Streptococcus, Tables 3-26 to 3-28.xlsx [Table 3.26]"
Norway,2014,Streptococcus pneumoniae,unknown,5.1,534.0,"European/2015/Streptococcus, Tables 3-26 to 3-28.xlsx [Table 3.26]"
Norway,2015,Streptococcus pneumoniae,unknown,5.4,429.0,"European/2015/Streptococcus, Tables 3-26 to 3-28.xlsx [Table 3.26]"
Poland,2012,Streptococcus pneumoniae,unknown,23.1,121.0,"European/2015/Streptococcus, Tables 3-26 to 3-28.xlsx [Table 3.26]"
Poland,2013,Streptococcus pneumoniae,unknown,32.3,167.0,"European/2015/Streptococcus, Tables 3-26 to 3-28.xlsx [Table 3.26]"
Poland,2014,Streptococcus pneumoniae,unknown,29.2,130.0,"European/2015/Streptococcus, Tables 3-26 to 3-28.xlsx [Table 3.26]"
Poland,2015,Streptococcus pneumoniae,unknown,24.4,217.0,"European/2015/Streptococcus, Tables 3-26 to 3-28.xlsx [Table 3.26]"
Portugal,2012,Streptococcus pneumoniae,unknown,8.4,299.0,"European/2015/Streptococcus, Tables 3-26 to 3-28.xlsx [Table 3.26]"
Portugal,2013,Streptococcus pneumoniae,unknown,7.6,475.0,"European/2015/Streptococcus, Tables 3-26 to 3-28.xlsx [Table 3.26]"
Portugal,2014,Streptococcus pneumoniae,unknown,10.2,610.0,"European/2015/Streptococcus, Tables 3-26 to 3-28.xlsx [Table 3.26]"
Portugal,2015,Streptococcus pneumoniae,unknown,11.2,797.0,"European/2015/Streptococcus, Tables 3-26 to 3-28.xlsx [Table 3.26]"
Romania,2012,Streptococcus pneumoniae,unknown,38.6,44.0,"European/2015/Streptococcus, Tables 3-26 to 3-28.xlsx [Table 3.26]"
Romania,2013,Streptococcus pneumoniae,unknown,25.0,44.0,"European/2015/Streptococcus, Tables 3-26 to 3-28.xlsx [Table 3.26]"
Romania,2014,Streptococcus pneumoniae,unknown,46.7,45.0,"European/2015/Streptococcus, Tables 3-26 to 3-28.xlsx [Table 3.26]"
Romania,2015,Streptococcus pneumoniae,unknown,39.0,41.0,"European/2015/Streptococcus, Tables 3-26 to 3-28.xlsx [Table 3.26]"
Slovak Republic,2012,Streptococcus pneumoniae,unknown,17.2,27.3,"European/2015/Streptococcus, Tables 3-26 to 3-28.xlsx [Table 3.27]"
Slovakia,2012,Streptococcus pneumoniae,unknown,5.0,20.0,"European/2015/Streptococcus, Tables 3-26 to 3-28.xlsx [Table 3.26]"
Slovakia,2013,Streptococcus pneumoniae,unknown,10.7,28.0,"European/2015/Streptococcus, Tables 3-26 to 3-28.xlsx [Table 3.26]"
Slovakia,2014,Streptococcus pneumoniae,unknown,20.7,29.0,"European/2015/Streptococcus, Tables 3-26 to 3-28.xlsx [Table 3.26]"
Slovakia,2015,Streptococcus pneumoniae,unknown,22.2,27.0,"European/2015/Streptococcus, Tables 3-26 to 3-28.xlsx [Table 3.26]"
Slovenia,2012,Streptococcus pneumoniae,unknown,10.0,251.0,"European/2015/Streptococcus, Tables 3-26 to 3-28.xlsx [Table 3.26]"
Slovenia,2013,Streptococcus pneumoniae,unknown,7.9,279.0,"European/2015/Streptococcus, Tables 3-26 to 3-28.xlsx [Table 3.26]"
Slovenia,2014,Streptococcus pneumoniae,unknown,9.7,300.0,"European/2015/Streptococcus, Tables 3-26 to 3-28.xlsx [Table 3.26]"
Slovenia,2015,Streptococcus pneumoniae,unknown,9.0,323.0,"European/2015/Streptococcus, Tables 3-26 to 3-28.xlsx [Table 3.26]"
Spain,2012,Streptococcus pneumoniae,unknown,27.0,604.0,"European/2015/Streptococcus, Tables 3-26 to 3-28.xlsx [Table 3.26]"
Spain,2013,Streptococcus pneumoniae,unknown,30.1,569.0,"European/2015/Streptococcus, Tables 3-26 to 3-28.xlsx [Table 3.26]"
Spain,2014,Streptococcus pneumoniae,unknown,27.9,551.0,"European/2015/Streptococcus, Tables 3-26 to 3-28.xlsx [Table 3.26]"
Spain,2015,Streptococcus pneumoniae,unknown,23.5,665.0,"European/2015/Streptococcus, Tables 3-26 to 3-28.xlsx [Table 3.26]"
Sweden,2012,Streptococcus pneumoniae,unknown,5.1,997.0,"European/2015/Streptococcus, Tables 3-26 to 3-28.xlsx [Table 3.26]"
Sweden,2013,Streptococcus pneumoniae,unknown,6.8,696.0,"European/2015/Streptococcus, Tables 3-26 to 3-28.xlsx [Table 3.26]"
Sweden,2014,Streptococcus pneumoniae,unknown,7.9,696.0,"European/2015/Streptococcus, Tables 3-26 to 3-28.xlsx [Table 3.26]"
Sweden,2015,Streptococcus pneumoniae,unknown,6.8,882.0,"European/2015/Streptococcus, Tables 3-26 to 3-28.xlsx [Table 3.26]"
United Kingdom,2012,Streptococcus pneumoniae,unknown,4.9,1153.0,"European/2015/Streptococcus, Tables 3-26 to 3-28.xlsx [Table 3.26]"
United Kingdom,2013,Streptococcus pneumoniae,unknown,4.9,1207.0,"European/2015/Streptococcus, Tables 3-26 to 3-28.xlsx [Table 3.26]"
United Kingdom,2014,Streptococcus pneumoniae,unknown,5.1,1288.0,"European/2015/Streptococcus, Tables 3-26 to 3-28.xlsx [Table 3.26]"
United Kingdom,2015,Streptococcus pneumoniae,unknown,7.8,1095.0,"European/2015/Streptococcus, Tables 3-26 to 3-28.xlsx [Table 3.26]"
